s‹ζ’¬’,‘‡v,‹¥«”Ζv,‹¥«”Ζ‹­“,‹¥«”Ζ‚»‚Μ‘Ό,‘e–\”Ζv,‘e–\”Ζ‹¥ν€”υW‡,‘e–\”Ζ–\s,‘e–\”ΖQ,‘e–\”Ζ‹Ί”—,‘e–\”Ζ‹°…,N“όή“v,N“όή“‹ΰΙ”j‚θ,N“όή“wZr‚µ,N“όή“––±r‚µ,N“όή“o“Xr‚µ,N“όή“‹σ‚«‘ƒ,N“όή“”E‚έ,N“όή“‹‹σ‚«,N“όή“‚»‚Μ‘Ό,”ρN“όή“v,”ρN“όή“©“®Τ“,”ρN“όή“ƒI[ƒgƒoƒC“,”ρN“όή“©“]Τ“,”ρN“όή“Τγ‚Λ‚η‚Ά,”ρN“όή“©”Μ‹@‚Λ‚η‚Ά,”ρN“όή“H–κ‚Λ‚η‚Ά,”ρN“όή“‚·‚θ,”ρN“όή“‚Π‚Α‚½‚­‚θ,”ρN“όή“’uψ‚«,”ρN“όή“–ψ‚«,”ρN“όή“‚»‚Μ‘Ό,‚»‚Μ‘Όv,‚»‚Μ‘ΌΌ‹\,‚»‚Μ‘Όθ—L—£’E•¨‰΅—Μ,‚»‚Μ‘Ό‚»‚Μ‘Ό’m”\”Ζ,‚»‚Μ‘Ό“q”,‚»‚Μ‘Ό‚»‚Μ‘ΌY–@”Ζ
η‘γ“c‹ζΫ‚Μ“ΰ‚P’–Ϊ,418,1,1,0,49,0,34,11,2,2,2,0,0,1,0,0,0,0,1,186,0,0,3,1,0,0,13,0,28,74,67,180,52,32,3,0,93
η‘γ“c‹ζΫ‚Μ“ΰ‚Q’–Ϊ,58,0,0,0,6,0,5,1,0,0,0,0,0,0,0,0,0,0,0,29,0,0,2,1,0,0,0,0,1,15,10,23,11,3,0,0,9
η‘γ“c‹ζΫ‚Μ“ΰ‚R’–Ϊ,37,0,0,0,1,0,0,1,0,0,0,0,0,0,0,0,0,0,0,8,0,0,3,0,0,0,0,0,0,1,4,28,21,1,3,0,3
η‘γ“c‹ζ‘εθ’¬‚P’–Ϊ,46,0,0,0,7,0,6,1,0,0,1,0,0,0,0,0,0,0,1,15,0,0,0,0,0,0,0,0,2,6,7,23,11,3,1,0,8
η‘γ“c‹ζ‘εθ’¬‚Q’–Ϊ,20,0,0,0,4,0,3,1,0,0,0,0,0,0,0,0,0,0,0,5,0,0,0,1,0,0,3,0,0,0,1,11,1,3,1,0,6
η‘γ“c‹ζ“ΰK’¬‚P’–Ϊ,17,0,0,0,0,0,0,0,0,0,0,0,0,0,0,0,0,0,0,10,0,1,1,0,0,0,1,0,0,4,3,7,4,1,0,0,2
η‘γ“c‹ζ“ΰK’¬‚Q’–Ϊ,16,0,0,0,1,0,1,0,0,0,0,0,0,0,0,0,0,0,0,6,0,0,3,0,0,0,0,0,0,0,3,9,6,1,0,0,2
η‘γ“c‹ζ—Ly’¬‚P’–Ϊ,82,1,0,1,9,0,6,2,1,0,0,0,0,0,0,0,0,0,0,47,0,0,2,3,0,0,2,1,7,21,11,25,3,6,2,0,14
η‘γ“c‹ζ—Ly’¬‚Q’–Ϊ,124,0,0,0,12,0,9,2,0,1,0,0,0,0,0,0,0,0,0,99,0,0,4,0,0,0,3,0,7,68,17,13,1,8,0,0,4
η‘γ“c‹ζ‰ΰ‚ªΦ‚P’–Ϊ,25,0,0,0,4,0,2,2,0,0,0,0,0,0,0,0,0,0,0,3,0,0,0,0,0,0,1,0,1,0,1,18,4,0,2,0,12
η‘γ“c‹ζ‰ΰ‚ªΦ‚Q’–Ϊ,8,0,0,0,5,0,2,3,0,0,0,0,0,0,0,0,0,0,0,0,0,0,0,0,0,0,0,0,0,0,0,3,1,0,0,0,2
η‘γ“c‹ζ‰ΰ‚ªΦ‚R’–Ϊ,16,0,0,0,2,0,2,0,0,0,0,0,0,0,0,0,0,0,0,3,1,0,1,0,0,0,0,0,0,0,1,11,2,1,1,0,7
η‘γ“c‹ζ‰i“c’¬‚P’–Ϊ,22,1,0,1,12,0,6,5,1,0,0,0,0,0,0,0,0,0,0,3,0,0,0,0,0,0,1,0,0,0,2,6,0,0,0,0,6
η‘γ“c‹ζ‰i“c’¬‚Q’–Ϊ,32,0,0,0,8,0,4,0,4,0,0,0,0,0,0,0,0,0,0,4,0,0,0,0,0,0,0,0,1,1,2,20,12,1,1,0,6
η‘γ“c‹ζ”Ή’¬,4,0,0,0,0,0,0,0,0,0,0,0,0,0,0,0,0,0,0,0,0,0,0,0,0,0,0,0,0,0,0,4,2,1,1,0,0
η‘γ“c‹ζ•½‰Ν’¬‚P’–Ϊ,4,0,0,0,0,0,0,0,0,0,0,0,0,0,0,0,0,0,0,1,0,0,0,0,0,0,0,0,0,0,1,3,1,0,0,0,2
η‘γ“c‹ζ•½‰Ν’¬‚Q’–Ϊ,12,0,0,0,5,0,2,1,2,0,0,0,0,0,0,0,0,0,0,1,0,0,0,0,0,0,0,0,0,0,1,6,2,0,0,0,4
η‘γ“c‹ζ’¬‚P’–Ϊ,14,1,0,1,3,0,3,0,0,0,0,0,0,0,0,0,0,0,0,3,0,0,2,0,0,0,0,0,1,0,0,7,3,1,0,0,3
η‘γ“c‹ζ’¬‚Q’–Ϊ,12,0,0,0,1,0,1,0,0,0,0,0,0,0,0,0,0,0,0,3,0,0,0,0,0,0,0,0,0,1,2,8,5,0,2,0,1
η‘γ“c‹ζ’¬‚R’–Ϊ,11,0,0,0,2,0,2,0,0,0,0,0,0,0,0,0,0,0,0,2,0,0,0,0,0,0,1,0,0,0,1,7,2,0,0,0,5
η‘γ“c‹ζ’¬‚S’–Ϊ,3,1,0,1,0,0,0,0,0,0,1,0,0,0,0,0,0,0,1,0,0,0,0,0,0,0,0,0,0,0,0,1,1,0,0,0,0
η‘γ“c‹ζ’¬‚T’–Ϊ,5,0,0,0,0,0,0,0,0,0,0,0,0,0,0,0,0,0,0,3,0,0,0,0,0,0,0,0,0,0,3,2,0,0,0,0,2
η‘γ“c‹ζ’¬‚U’–Ϊ,17,0,0,0,2,0,2,0,0,0,0,0,0,0,0,0,0,0,0,2,0,0,1,0,0,0,0,0,0,1,0,13,2,1,0,0,10
η‘γ“c‹ζ‹I”φδ’¬,29,0,0,0,3,0,2,1,0,0,0,0,0,0,0,0,0,0,0,14,0,0,2,0,0,0,1,0,0,3,8,12,7,1,0,0,4
η‘γ“c‹ζκ”Τ’¬,14,0,0,0,1,0,0,0,1,0,0,0,0,0,0,0,0,0,0,4,0,0,0,0,0,0,0,0,0,1,3,9,7,0,1,0,1
η‘γ“c‹ζ“ρ”Τ’¬,8,0,0,0,2,0,2,0,0,0,0,0,0,0,0,0,0,0,0,1,0,0,1,0,0,0,0,0,0,0,0,5,2,1,0,0,2
η‘γ“c‹ζO”Τ’¬,9,0,0,0,2,0,1,0,1,0,0,0,0,0,0,0,0,0,0,3,0,0,0,0,0,0,0,0,0,0,3,4,3,0,1,0,0
η‘γ“c‹ζl”Τ’¬,7,0,0,0,0,0,0,0,0,0,0,0,0,0,0,0,0,0,0,1,0,0,0,0,0,0,0,0,0,0,1,6,6,0,0,0,0
η‘γ“c‹ζά”Τ’¬,20,0,0,0,4,0,3,1,0,0,0,0,0,0,0,0,0,0,0,11,0,0,1,0,0,0,2,0,0,4,4,5,3,0,0,0,2
η‘γ“c‹ζZ”Τ’¬,7,0,0,0,0,0,0,0,0,0,0,0,0,0,0,0,0,0,0,2,0,0,0,0,0,0,0,0,0,0,2,5,1,0,0,0,4
η‘γ“c‹ζc‹O‰‘,4,0,0,0,1,0,1,0,0,0,0,0,0,0,0,0,0,0,0,2,0,0,0,0,0,0,0,0,1,0,1,1,1,0,0,0,0
η‘γ“c‹ζ“ϊ”δ’Jφ‰€,5,0,0,0,1,0,1,0,0,0,0,0,0,0,0,0,0,0,0,2,0,0,1,0,0,0,0,0,1,0,0,2,1,1,0,0,0
η‘γ“c‹ζη‘γ“c,3,0,0,0,2,0,1,0,0,1,0,0,0,0,0,0,0,0,0,0,0,0,0,0,0,0,0,0,0,0,0,1,0,0,0,0,1
η‘γ“c‹ζ–k‚ΜΫφ‰€,4,0,0,0,1,0,1,0,0,0,0,0,0,0,0,0,0,0,0,0,0,0,0,0,0,0,0,0,0,0,0,3,3,0,0,0,0
η‘γ“c‹ζ‹γ’i“μ‚P’–Ϊ,22,0,0,0,5,0,4,0,1,0,0,0,0,0,0,0,0,0,0,1,0,0,0,0,0,0,0,0,0,0,1,16,3,2,6,0,5
η‘γ“c‹ζ‹γ’i“μ‚Q’–Ϊ,6,0,0,0,3,0,1,2,0,0,0,0,0,0,0,0,0,0,0,2,0,0,0,0,0,1,0,0,0,0,1,1,1,0,0,0,0
η‘γ“c‹ζ‹γ’i“μ‚R’–Ϊ,5,0,0,0,1,0,0,0,1,0,0,0,0,0,0,0,0,0,0,1,0,0,0,0,0,0,0,0,0,0,1,3,1,1,0,0,1
η‘γ“c‹ζ‹γ’i“μ‚S’–Ϊ,9,0,0,0,3,0,1,1,1,0,1,0,0,0,0,0,0,0,1,1,0,0,0,0,0,0,0,0,0,0,1,4,1,0,1,0,2
η‘γ“c‹ζ‹γ’i–k‚P’–Ϊ,10,0,0,0,3,0,2,1,0,0,0,0,0,0,0,0,0,0,0,2,0,0,1,0,0,0,0,0,0,0,1,5,0,0,1,0,4
η‘γ“c‹ζ‹γ’i–k‚Q’–Ϊ,3,0,0,0,0,0,0,0,0,0,0,0,0,0,0,0,0,0,0,1,0,0,0,0,0,0,0,0,0,0,1,2,0,0,0,0,2
η‘γ“c‹ζ‹γ’i–k‚R’–Ϊ,5,0,0,0,2,0,2,0,0,0,0,0,0,0,0,0,0,0,0,1,0,0,0,0,0,0,0,0,0,0,1,2,0,0,0,0,2
η‘γ“c‹ζ‹γ’i–k‚S’–Ϊ,14,0,0,0,6,0,4,2,0,0,0,0,0,0,0,0,0,0,0,4,0,0,1,0,0,0,0,0,0,0,3,4,2,0,0,0,2
η‘γ“c‹ζ•xm©‚P’–Ϊ,3,0,0,0,1,0,1,0,0,0,0,0,0,0,0,0,0,0,0,0,0,0,0,0,0,0,0,0,0,0,0,2,1,0,0,0,1
η‘γ“c‹ζ•xm©‚Q’–Ϊ,17,0,0,0,0,0,0,0,0,0,1,0,0,0,1,0,0,0,0,7,0,0,2,1,0,0,0,0,0,1,3,9,3,1,3,0,2
η‘γ“c‹ζ”Ρ“c‹΄‚P’–Ϊ,4,0,0,0,0,0,0,0,0,0,0,0,0,0,0,0,0,0,0,0,0,0,0,0,0,0,0,0,0,0,0,4,2,0,2,0,0
η‘γ“c‹ζ”Ρ“c‹΄‚Q’–Ϊ,2,0,0,0,1,0,1,0,0,0,0,0,0,0,0,0,0,0,0,1,0,0,0,0,0,0,0,0,0,0,1,0,0,0,0,0,0
η‘γ“c‹ζ”Ρ“c‹΄‚R’–Ϊ,15,1,0,1,0,0,0,0,0,0,2,0,0,0,0,0,0,0,2,5,0,0,1,0,0,0,0,0,0,0,4,7,5,1,1,0,0
η‘γ“c‹ζ”Ρ“c‹΄‚S’–Ϊ,27,0,0,0,10,0,7,2,1,0,0,0,0,0,0,0,0,0,0,7,0,0,0,0,0,0,0,0,1,2,4,10,7,1,0,0,2
η‘γ“c‹ζκƒc‹΄‚P’–Ϊ,4,0,0,0,0,0,0,0,0,0,0,0,0,0,0,0,0,0,0,1,0,0,0,0,0,0,1,0,0,0,0,3,1,1,0,0,1
η‘γ“c‹ζκƒc‹΄‚Q’–Ϊ,3,0,0,0,0,0,0,0,0,0,0,0,0,0,0,0,0,0,0,1,0,0,0,0,0,0,0,0,1,0,0,2,1,0,0,0,1
η‘γ“c‹ζ_“c_•Ϋ’¬‚P’–Ϊ,40,0,0,0,1,0,0,1,0,0,1,0,0,1,0,0,0,0,0,24,0,0,4,0,0,0,0,0,2,11,7,14,6,2,0,0,6
η‘γ“c‹ζ_“c_•Ϋ’¬‚Q’–Ϊ,29,0,0,0,10,0,10,0,0,0,0,0,0,0,0,0,0,0,0,10,0,0,4,1,0,0,1,0,0,1,3,9,3,3,0,0,3
η‘γ“c‹ζ_“c_•Ϋ’¬‚R’–Ϊ,8,0,0,0,2,0,2,0,0,0,0,0,0,0,0,0,0,0,0,3,0,0,3,0,0,0,0,0,0,0,0,3,3,0,0,0,0
η‘γ“c‹ζ_“cOθ’¬‚P’–Ϊ,7,0,0,0,0,0,0,0,0,0,0,0,0,0,0,0,0,0,0,4,0,0,1,0,0,0,0,0,1,0,2,3,0,1,0,0,2
η‘γ“c‹ζ_“cOθ’¬‚Q’–Ϊ,24,0,0,0,4,0,3,1,0,0,0,0,0,0,0,0,0,0,0,10,0,0,5,0,0,0,2,0,0,0,3,10,6,0,0,0,4
η‘γ“c‹ζ_“cOθ’¬‚R’–Ϊ,14,0,0,0,2,0,1,1,0,0,0,0,0,0,0,0,0,0,0,6,0,0,1,0,1,0,0,0,0,0,4,6,1,1,0,0,4
η‘γ“c‹ζΌ_“c‚P’–Ϊ,1,0,0,0,0,0,0,0,0,0,0,0,0,0,0,0,0,0,0,0,0,0,0,0,0,0,0,0,0,0,0,1,0,0,0,0,1
η‘γ“c‹ζΌ_“c‚Q’–Ϊ,7,0,0,0,2,0,0,2,0,0,0,0,0,0,0,0,0,0,0,4,0,1,2,0,0,0,0,0,0,0,1,1,0,0,0,0,1
η‘γ“c‹ζΌ_“c‚R’–Ϊ,1,0,0,0,0,0,0,0,0,0,0,0,0,0,0,0,0,0,0,1,0,0,0,0,0,0,0,0,0,0,1,0,0,0,0,0,0
η‘γ“c‹ζ_“c‰y’¬‚P’–Ϊ,1,0,0,0,0,0,0,0,0,0,0,0,0,0,0,0,0,0,0,0,0,0,0,0,0,0,0,0,0,0,0,1,0,0,0,0,1
η‘γ“c‹ζ_“cx‰Ν‘δ‚P’–Ϊ,9,0,0,0,0,0,0,0,0,0,0,0,0,0,0,0,0,0,0,6,0,0,0,0,0,0,0,0,0,0,6,3,1,1,0,0,1
η‘γ“c‹ζ_“cx‰Ν‘δ‚Q’–Ϊ,26,0,0,0,5,0,4,0,1,0,0,0,0,0,0,0,0,0,0,18,0,0,0,0,0,0,1,0,1,6,10,3,1,0,0,0,2
η‘γ“c‹ζ_“cx‰Ν‘δ‚R’–Ϊ,14,0,0,0,3,0,2,0,1,0,0,0,0,0,0,0,0,0,0,4,0,0,1,0,0,0,1,0,0,0,2,7,3,1,0,0,3
η‘γ“c‹ζ_“cx‰Ν‘δ‚S’–Ϊ,20,0,0,0,3,0,3,0,0,0,0,0,0,0,0,0,0,0,0,13,0,0,5,0,0,0,0,0,0,5,3,4,3,0,0,0,1
η‘γ“c‹ζ_“c‹Ρ’¬‚P’–Ϊ,16,1,1,0,1,0,1,0,0,0,0,0,0,0,0,0,0,0,0,13,0,0,0,0,0,0,0,0,0,9,4,1,0,0,0,0,1
η‘γ“c‹ζ_“c‹Ρ’¬‚Q’–Ϊ,9,0,0,0,0,0,0,0,0,0,0,0,0,0,0,0,0,0,0,5,0,0,2,1,0,0,0,0,0,0,2,4,3,0,0,0,1
η‘γ“c‹ζ_“c‹Ρ’¬‚R’–Ϊ,15,0,0,0,0,0,0,0,0,0,1,0,0,0,0,0,0,0,1,5,0,0,1,0,0,1,0,0,1,0,2,9,2,0,0,0,7
η‘γ“c‹ζ_“c¬μ’¬‚P’–Ϊ,10,0,0,0,3,0,1,2,0,0,0,0,0,0,0,0,0,0,0,4,0,0,1,1,0,0,0,0,0,2,0,3,1,0,1,0,1
η‘γ“c‹ζ_“c¬μ’¬‚Q’–Ϊ,8,0,0,0,0,0,0,0,0,0,0,0,0,0,0,0,0,0,0,4,0,0,2,0,0,0,0,0,0,2,0,4,2,2,0,0,0
η‘γ“c‹ζ_“c¬μ’¬‚R’–Ϊ,27,1,0,1,2,0,1,1,0,0,0,0,0,0,0,0,0,0,0,19,0,0,1,0,0,0,0,0,0,11,7,5,2,1,2,0,0
η‘γ“c‹ζ_“c”ό“y‘γ’¬,2,0,0,0,1,0,1,0,0,0,0,0,0,0,0,0,0,0,0,0,0,0,0,0,0,0,0,0,0,0,0,1,1,0,0,0,0
η‘γ“c‹ζ“ΰ_“c‚P’–Ϊ,14,0,0,0,2,0,1,0,1,0,1,0,0,0,1,0,0,0,0,3,0,0,1,0,0,0,0,0,0,0,2,8,4,1,0,0,3
η‘γ“c‹ζ“ΰ_“c‚Q’–Ϊ,20,1,0,1,1,0,0,0,0,1,0,0,0,0,0,0,0,0,0,8,0,0,2,0,0,0,0,0,0,2,4,10,4,1,1,0,4
η‘γ“c‹ζ“ΰ_“c‚R’–Ϊ,36,0,0,0,7,0,5,2,0,0,2,0,0,0,0,0,0,0,2,15,0,1,4,1,0,0,0,0,0,0,9,12,5,1,0,0,6
η‘γ“c‹ζ_“ci’¬‚Q’–Ϊ,5,0,0,0,1,0,1,0,0,0,0,0,0,0,0,0,0,0,0,3,0,0,2,0,0,0,0,0,0,0,1,1,1,0,0,0,0
η‘γ“c‹ζ_“c‘½’¬‚Q’–Ϊ,9,0,0,0,0,0,0,0,0,0,0,0,0,0,0,0,0,0,0,6,0,0,1,0,0,0,0,0,0,1,4,3,0,1,0,0,2
η‘γ“c‹ζ_“c’WH’¬‚P’–Ϊ,8,0,0,0,3,0,3,0,0,0,0,0,0,0,0,0,0,0,0,4,0,0,1,0,0,0,0,0,0,2,1,1,1,0,0,0,0
η‘γ“c‹ζ_“c’WH’¬‚Q’–Ϊ,14,0,0,0,0,0,0,0,0,0,0,0,0,0,0,0,0,0,0,5,0,0,2,0,0,0,0,0,0,0,3,9,1,2,1,0,5
η‘γ“c‹ζ_“c{“c’¬‚P’–Ϊ,16,0,0,0,1,0,0,1,0,0,0,0,0,0,0,0,0,0,0,9,0,0,3,1,0,0,0,0,0,2,3,6,5,0,0,0,1
η‘γ“c‹ζ_“c{“c’¬‚Q’–Ϊ,15,0,0,0,1,0,1,0,0,0,1,1,0,0,0,0,0,0,0,8,0,0,6,0,0,0,0,0,0,0,2,5,2,0,0,0,3
η‘γ“c‹ζO_“c‚P’–Ϊ,249,5,1,4,38,0,30,8,0,0,1,1,0,0,0,0,0,0,0,129,1,0,5,0,0,0,8,0,22,43,50,76,14,12,2,0,48
η‘γ“c‹ζO_“c‚Q’–Ϊ,10,0,0,0,1,0,1,0,0,0,0,0,0,0,0,0,0,0,0,5,0,0,4,0,0,0,0,0,0,0,1,4,2,1,0,0,1
η‘γ“c‹ζO_“c‚R’–Ϊ,41,0,0,0,3,0,2,1,0,0,3,2,0,0,1,0,0,0,0,21,0,0,1,2,0,0,0,0,4,9,5,14,9,0,2,0,3
η‘γ“c‹ζO_“c‚S’–Ϊ,102,0,0,0,4,0,3,0,0,1,2,1,0,0,1,0,0,0,0,62,0,0,2,0,0,0,2,0,6,34,18,34,12,5,0,0,17
η‘γ“c‹ζO_“c‚T’–Ϊ,9,0,0,0,1,0,1,0,0,0,0,0,0,0,0,0,0,0,0,4,0,0,3,0,0,1,0,0,0,0,0,4,1,2,0,0,1
η‘γ“c‹ζO_“c‚U’–Ϊ,14,0,0,0,0,0,0,0,0,0,0,0,0,0,0,0,0,0,0,9,0,0,3,0,0,0,0,0,0,5,1,5,2,1,0,0,2
η‘γ“c‹ζ’b–θ’¬‚P’–Ϊ,18,1,1,0,2,0,2,0,0,0,0,0,0,0,0,0,0,0,0,12,0,0,4,0,0,0,0,0,0,2,6,3,2,0,0,0,1
η‘γ“c‹ζ’b–θ’¬‚Q’–Ϊ,75,0,0,0,6,0,6,0,0,0,1,0,0,0,1,0,0,0,0,33,0,0,6,0,0,0,0,0,2,1,24,35,4,7,0,0,24
η‘γ“c‹ζ_“c’b–θ’¬‚R’–Ϊ,7,0,0,0,0,0,0,0,0,0,0,0,0,0,0,0,0,0,0,4,0,0,1,0,0,0,0,0,0,1,2,3,0,0,0,0,3
η‘γ“c‹ζ_“c®‰®’¬,3,0,0,0,0,0,0,0,0,0,0,0,0,0,0,0,0,0,0,1,0,0,0,0,0,0,0,0,0,0,1,2,2,0,0,0,0
η‘γ“c‹ζ_“c•xR’¬,6,0,0,0,1,0,1,0,0,0,0,0,0,0,0,0,0,0,0,2,0,0,1,1,0,0,0,0,0,0,0,3,1,0,0,0,2
η‘γ“c‹ζ_“c”ό‘q’¬,2,0,0,0,0,0,0,0,0,0,0,0,0,0,0,0,0,0,0,1,0,0,1,0,0,0,0,0,0,0,0,1,1,0,0,0,0
η‘γ“c‹ζβ–{’¬‚P’–Ϊ,7,0,0,0,1,0,1,0,0,0,0,0,0,0,0,0,0,0,0,3,0,0,2,0,0,0,0,0,0,0,1,3,0,1,1,0,1
η‘γ“c‹ζβ–{’¬‚Q’–Ϊ,19,0,0,0,0,0,0,0,0,0,1,0,0,0,0,0,0,0,1,10,0,0,2,0,0,0,0,0,0,1,7,8,3,1,1,0,3
η‘γ“c‹ζβ–{’¬‚R’–Ϊ,14,0,0,0,5,0,4,0,1,0,0,0,0,0,0,0,0,0,0,4,0,0,1,0,0,0,0,0,1,1,1,5,2,0,0,0,3
η‘γ“c‹ζ_“cΌ•“c’¬,3,0,0,0,1,0,1,0,0,0,0,0,0,0,0,0,0,0,0,0,0,0,0,0,0,0,0,0,0,0,0,2,0,0,0,0,2
η‘γ“c‹ζ_“c“Ό‰Ί’¬,4,0,0,0,0,0,0,0,0,0,0,0,0,0,0,0,0,0,0,2,0,0,2,0,0,0,0,0,0,0,0,2,0,0,1,0,1
η‘γ“c‹ζ_“c“®‰®’¬,1,0,0,0,0,0,0,0,0,0,0,0,0,0,0,0,0,0,0,1,0,0,1,0,0,0,0,0,0,0,0,0,0,0,0,0,0
η‘γ“c‹ζ_“cβ–{’¬,6,0,0,0,3,0,3,0,0,0,0,0,0,0,0,0,0,0,0,2,0,0,0,0,0,0,0,0,0,0,2,1,0,1,0,0,0
η‘γ“c‹ζ“_“c‚P’–Ϊ,8,0,0,0,0,0,0,0,0,0,0,0,0,0,0,0,0,0,0,5,0,0,5,0,0,0,0,0,0,0,0,3,1,0,0,0,2
η‘γ“c‹ζ“_“c‚Q’–Ϊ,9,0,0,0,0,0,0,0,0,0,0,0,0,0,0,0,0,0,0,5,0,0,0,0,0,0,0,0,0,1,4,4,0,1,0,0,3
η‘γ“c‹ζ“_“c‚R’–Ϊ,2,0,0,0,0,0,0,0,0,0,0,0,0,0,0,0,0,0,0,0,0,0,0,0,0,0,0,0,0,0,0,2,1,0,0,0,1
η‘γ“c‹ζ_“caς’¬,20,0,0,0,4,0,1,2,1,0,1,0,0,0,1,0,0,0,0,10,0,0,3,0,0,0,0,0,1,1,5,5,2,0,1,0,2
η‘γ“c‹ζ_“c²‹vΤ’¬‚P’–Ϊ,91,0,0,0,12,0,11,1,0,0,0,0,0,0,0,0,0,0,0,59,0,0,10,0,0,0,0,0,6,26,17,20,9,4,0,0,7
η‘γ“c‹ζ_“c²‹vΤ’¬‚Q’–Ϊ,6,0,0,0,0,0,0,0,0,0,0,0,0,0,0,0,0,0,0,5,0,0,2,0,0,1,0,0,0,0,2,1,0,0,0,0,1
η‘γ“c‹ζ_“c²‹vΤ’¬‚R’–Ϊ,9,1,0,1,3,0,2,1,0,0,0,0,0,0,0,0,0,0,0,3,0,0,2,0,0,0,0,0,0,0,1,2,1,0,0,0,1
η‘γ“c‹ζ_“c²‹vΤ’¬‚S’–Ϊ,1,0,0,0,0,0,0,0,0,0,0,0,0,0,0,0,0,0,0,1,0,0,0,0,0,0,0,0,0,0,1,0,0,0,0,0,0
η‘γ“c‹ζ_“c•½‰Ν’¬,6,0,0,0,0,0,0,0,0,0,0,0,0,0,0,0,0,0,0,5,0,0,3,0,0,0,0,0,0,0,2,1,0,1,0,0,0
η‘γ“c‹ζ_“cΌ‰i’¬,9,0,0,0,1,0,1,0,0,0,0,0,0,0,0,0,0,0,0,6,0,0,1,0,0,0,0,0,0,1,4,2,0,1,0,0,1
η‘γ“c‹ζ_“c‰Τ‰ª’¬,49,0,0,0,3,0,2,1,0,0,0,0,0,0,0,0,0,0,0,33,0,0,12,0,0,0,1,0,0,15,5,13,8,2,0,0,3
η‘γ“c‹ζ_“c²‹vΤ‰Νέ,4,0,0,0,0,0,0,0,0,0,0,0,0,0,0,0,0,0,0,4,0,0,0,2,0,0,0,0,0,2,0,0,0,0,0,0,0
η‘γ“c‹ζ_“c—ϋ•»’¬,31,0,0,0,2,0,1,1,0,0,0,0,0,0,0,0,0,0,0,22,0,0,2,3,0,0,0,0,0,6,11,7,2,0,0,0,5
η‘γ“c‹ζ_“c‘¶’¬,10,0,0,0,0,0,0,0,0,0,0,0,0,0,0,0,0,0,0,7,0,0,2,0,0,0,0,0,1,0,4,3,1,0,0,0,2
η‘γ“c‹ζv,2532,16,4,12,331,0,238,66,21,6,23,5,0,2,6,0,0,0,10,1192,2,3,168,20,1,4,45,1,100,406,442,970,350,131,46,0,443
’†‰›‹ζ‹βΐ‚P’–Ϊ,42,1,0,1,4,0,0,1,3,0,0,0,0,0,0,0,0,0,0,25,0,0,13,0,0,0,1,0,0,1,10,12,7,1,1,0,3
’†‰›‹ζ‹βΐ‚Q’–Ϊ,60,0,0,0,3,0,1,1,0,1,0,0,0,0,0,0,0,0,0,42,1,0,8,0,0,1,0,0,0,28,4,15,3,2,0,0,10
’†‰›‹ζ‹βΐ‚R’–Ϊ,111,1,1,0,5,0,1,1,3,0,1,1,0,0,0,0,0,0,0,90,0,0,6,0,0,0,2,0,0,72,10,14,5,2,1,0,6
’†‰›‹ζ‹βΐ‚S’–Ϊ,115,3,0,3,10,0,9,1,0,0,0,0,0,0,0,0,0,0,0,77,0,0,5,0,0,0,8,0,2,49,13,25,10,4,0,0,11
’†‰›‹ζ‹βΐ‚T’–Ϊ,83,0,0,0,6,0,3,2,0,1,3,0,0,0,3,0,0,0,0,53,0,0,2,2,0,0,2,1,0,28,18,21,8,2,2,0,9
’†‰›‹ζ‹βΐ‚U’–Ϊ,103,0,0,0,6,0,4,2,0,0,1,0,0,0,0,0,0,0,1,78,0,0,2,0,0,0,2,0,3,48,23,18,3,3,3,0,9
’†‰›‹ζ‹βΐ‚V’–Ϊ,69,0,0,0,11,0,5,5,0,1,1,0,0,0,0,0,0,0,1,35,0,0,7,1,0,0,1,0,2,3,21,22,3,3,1,0,15
’†‰›‹ζ‹βΐ‚W’–Ϊ,94,1,0,1,19,0,7,11,0,1,5,0,0,0,5,0,0,0,0,49,0,1,9,1,0,0,3,0,0,15,20,20,4,3,1,0,12
’†‰›‹ζV•x‚P’–Ϊ,17,1,0,1,0,0,0,0,0,0,0,0,0,0,0,0,0,0,0,13,0,2,6,0,0,0,0,0,0,0,5,3,1,0,0,0,2
’†‰›‹ζV•x‚Q’–Ϊ,5,0,0,0,1,0,0,1,0,0,0,0,0,0,0,0,0,0,0,4,0,0,3,0,0,0,0,0,0,0,1,0,0,0,0,0,0
’†‰›‹ζ“ό‘D‚P’–Ϊ,3,0,0,0,0,0,0,0,0,0,0,0,0,0,0,0,0,0,0,3,0,0,1,0,0,0,0,0,0,2,0,0,0,0,0,0,0
’†‰›‹ζ“ό‘D‚Q’–Ϊ,3,0,0,0,0,0,0,0,0,0,1,0,0,0,0,1,0,0,0,1,0,0,1,0,0,0,0,0,0,0,0,1,1,0,0,0,0
’†‰›‹ζ“ό‘D‚R’–Ϊ,3,0,0,0,0,0,0,0,0,0,0,0,0,0,0,0,0,0,0,1,0,0,1,0,0,0,0,0,0,0,0,2,2,0,0,0,0
’†‰›‹ζ–©‚P’–Ϊ,8,0,0,0,5,0,1,3,0,1,0,0,0,0,0,0,0,0,0,3,0,0,2,0,0,0,0,0,0,0,1,0,0,0,0,0,0
’†‰›‹ζ–©‚Q’–Ϊ,4,1,0,1,0,0,0,0,0,0,0,0,0,0,0,0,0,0,0,0,0,0,0,0,0,0,0,0,0,0,0,3,1,0,0,0,2
’†‰›‹ζ–©‚R’–Ϊ,7,0,0,0,1,0,0,1,0,0,0,0,0,0,0,0,0,0,0,4,0,0,4,0,0,0,0,0,0,0,0,2,2,0,0,0,0
’†‰›‹ζ–ΎΞ’¬,19,0,0,0,3,0,2,1,0,0,0,0,0,0,0,0,0,0,0,11,0,0,3,0,0,0,0,0,0,0,8,5,1,1,0,0,3
’†‰›‹ζ’z’n‚P’–Ϊ,15,0,0,0,3,0,0,2,1,0,0,0,0,0,0,0,0,0,0,8,0,0,1,0,0,0,0,1,0,3,3,4,1,0,0,0,3
’†‰›‹ζ’z’n‚Q’–Ϊ,17,0,0,0,3,0,1,1,0,1,0,0,0,0,0,0,0,0,0,9,0,0,3,0,0,1,1,0,0,0,4,5,2,0,1,0,2
’†‰›‹ζ’z’n‚R’–Ϊ,14,0,0,0,6,0,6,0,0,0,0,0,0,0,0,0,0,0,0,2,0,0,2,0,0,0,0,0,0,0,0,6,1,0,0,0,5
’†‰›‹ζ’z’n‚S’–Ϊ,18,0,0,0,1,0,1,0,0,0,0,0,0,0,0,0,0,0,0,11,0,0,4,0,0,0,2,0,0,0,5,6,3,0,0,0,3
’†‰›‹ζ’z’n‚T’–Ϊ,3,0,0,0,0,0,0,0,0,0,0,0,0,0,0,0,0,0,0,1,0,0,0,0,0,0,0,0,0,0,1,2,1,0,0,0,1
’†‰›‹ζ’z’n‚U’–Ϊ,7,0,0,0,2,0,0,1,0,1,0,0,0,0,0,0,0,0,0,4,0,0,1,0,0,1,0,1,0,0,1,1,0,0,0,0,1
’†‰›‹ζ’z’n‚V’–Ϊ,5,0,0,0,0,0,0,0,0,0,0,0,0,0,0,0,0,0,0,4,0,0,2,1,0,0,0,0,0,0,1,1,1,0,0,0,0
’†‰›‹ζ•l—£‹{’λ‰€,1,0,0,0,0,0,0,0,0,0,0,0,0,0,0,0,0,0,0,1,0,0,1,0,0,0,0,0,0,0,0,0,0,0,0,0,0
’†‰›‹ζ”ª’–x‚P’–Ϊ,6,0,0,0,1,0,1,0,0,0,0,0,0,0,0,0,0,0,0,3,0,0,0,0,0,1,0,0,0,0,2,2,2,0,0,0,0
’†‰›‹ζ”ª’–x‚Q’–Ϊ,19,0,0,0,2,0,0,2,0,0,0,0,0,0,0,0,0,0,0,11,0,0,4,0,0,0,0,0,1,0,6,6,3,1,0,0,2
’†‰›‹ζ”ª’–x‚R’–Ϊ,10,0,0,0,2,0,1,1,0,0,0,0,0,0,0,0,0,0,0,2,0,0,1,0,0,0,1,0,0,0,0,6,1,1,1,0,3
’†‰›‹ζ”ª’–x‚S’–Ϊ,11,0,0,0,1,0,0,1,0,0,0,0,0,0,0,0,0,0,0,8,0,0,3,0,0,0,0,0,0,0,5,2,1,0,0,0,1
’†‰›‹ζVμ‚P’–Ϊ,31,1,1,0,0,0,0,0,0,0,0,0,0,0,0,0,0,0,0,18,0,0,9,0,0,0,0,0,0,3,6,12,6,0,0,0,6
’†‰›‹ζVμ‚Q’–Ϊ,30,2,0,2,0,0,0,0,0,0,0,0,0,0,0,0,0,0,0,24,0,0,20,0,0,0,0,0,0,0,4,4,1,0,0,0,3
’†‰›‹ζ“ϊ–{‹΄–{Ξ’¬‚P’–Ϊ,1,0,0,0,0,0,0,0,0,0,0,0,0,0,0,0,0,0,0,0,0,0,0,0,0,0,0,0,0,0,0,1,0,0,1,0,0
’†‰›‹ζ“ϊ–{‹΄–{Ξ’¬‚Q’–Ϊ,19,0,0,0,0,0,0,0,0,0,0,0,0,0,0,0,0,0,0,0,0,0,0,0,0,0,0,0,0,0,0,19,0,0,18,0,1
’†‰›‹ζ“ϊ–{‹΄–{Ξ’¬‚R’–Ϊ,2,0,0,0,0,0,0,0,0,0,0,0,0,0,0,0,0,0,0,1,0,0,1,0,0,0,0,0,0,0,0,1,0,0,0,0,1
’†‰›‹ζ“ϊ–{‹΄–{Ξ’¬‚S’–Ϊ,6,0,0,0,0,0,0,0,0,0,2,1,0,0,0,0,0,0,1,1,0,0,1,0,0,0,0,0,0,0,0,3,0,0,0,0,3
’†‰›‹ζ“ϊ–{‹΄Ί’¬‚P’–Ϊ,23,0,0,0,0,0,0,0,0,0,1,0,0,1,0,0,0,0,0,17,0,0,1,0,0,0,1,0,0,14,1,5,0,2,0,0,3
’†‰›‹ζ“ϊ–{‹΄Ί’¬‚Q’–Ϊ,8,0,0,0,0,0,0,0,0,0,0,0,0,0,0,0,0,0,0,4,0,0,0,0,0,0,1,0,0,0,3,4,1,0,2,0,1
’†‰›‹ζ“ϊ–{‹΄Ί’¬‚R’–Ϊ,4,0,0,0,1,0,1,0,0,0,0,0,0,0,0,0,0,0,0,1,0,0,0,0,0,0,0,0,0,0,1,2,2,0,0,0,0
’†‰›‹ζ“ϊ–{‹΄Ί’¬‚S’–Ϊ,8,0,0,0,3,0,2,0,1,0,0,0,0,0,0,0,0,0,0,3,0,0,1,0,0,0,0,0,0,2,0,2,0,0,0,0,2
’†‰›‹ζ“ϊ–{‹΄–{’¬‚P’–Ϊ,5,0,0,0,0,0,0,0,0,0,0,0,0,0,0,0,0,0,0,2,0,0,1,0,0,0,0,0,1,0,0,3,1,0,0,0,2
’†‰›‹ζ“ϊ–{‹΄–{’¬‚Q’–Ϊ,3,0,0,0,0,0,0,0,0,0,0,0,0,0,0,0,0,0,0,3,0,0,2,0,0,0,0,0,0,0,1,0,0,0,0,0,0
’†‰›‹ζ“ϊ–{‹΄–{’¬‚R’–Ϊ,4,0,0,0,1,0,0,1,0,0,0,0,0,0,0,0,0,0,0,3,0,0,3,0,0,0,0,0,0,0,0,0,0,0,0,0,0
’†‰›‹ζ“ϊ–{‹΄–{’¬‚S’–Ϊ,7,0,0,0,1,0,1,0,0,0,1,0,0,0,0,0,0,0,1,4,0,0,1,0,0,1,0,0,0,1,1,1,1,0,0,0,0
’†‰›‹ζ“ϊ–{‹΄¬–Τ’¬,11,0,0,0,1,0,0,1,0,0,0,0,0,0,0,0,0,0,0,8,0,0,4,1,0,0,0,0,0,0,3,2,1,0,0,0,1
’†‰›‹ζ“ϊ–{‹΄” θ’¬,22,2,0,2,1,0,0,1,0,0,1,0,0,1,0,0,0,0,0,6,0,0,4,1,0,0,0,0,0,0,1,12,5,2,0,0,5
’†‰›‹ζ“ϊ–{‹΄”n‹ς’¬‚P’–Ϊ,13,0,0,0,1,0,1,0,0,0,1,0,0,1,0,0,0,0,0,8,0,0,3,0,0,1,0,0,0,0,4,3,0,1,0,0,2
’†‰›‹ζ“ϊ–{‹΄”n‹ς’¬‚Q’–Ϊ,8,0,0,0,0,0,0,0,0,0,0,0,0,0,0,0,0,0,0,5,0,0,2,0,0,0,0,0,0,0,3,3,1,0,0,0,2
’†‰›‹ζ“ϊ–{‹΄‰΅R’¬,16,0,0,0,0,0,0,0,0,0,1,0,0,0,1,0,0,0,0,12,0,0,3,1,0,0,0,0,0,7,1,3,2,0,0,0,1
’†‰›‹ζ““ϊ–{‹΄‚P’–Ϊ,3,0,0,0,0,0,0,0,0,0,0,0,0,0,0,0,0,0,0,2,0,0,2,0,0,0,0,0,0,0,0,1,0,0,0,0,1
’†‰›‹ζ““ϊ–{‹΄‚Q’–Ϊ,24,2,0,2,1,0,1,0,0,0,0,0,0,0,0,0,0,0,0,13,0,0,11,1,0,0,0,0,0,0,1,8,1,1,1,0,5
’†‰›‹ζ““ϊ–{‹΄‚R’–Ϊ,12,0,0,0,1,0,1,0,0,0,0,0,0,0,0,0,0,0,0,9,0,0,4,0,0,1,0,0,0,0,4,2,0,1,0,0,1
’†‰›‹ζ“ϊ–{‹΄‹vΌ’¬,8,0,0,0,1,0,1,0,0,0,0,0,0,0,0,0,0,0,0,7,0,0,2,0,0,0,0,0,0,3,2,0,0,0,0,0,0
’†‰›‹ζ“ϊ–{‹΄•l’¬‚P’–Ϊ,6,0,0,0,2,0,0,2,0,0,0,0,0,0,0,0,0,0,0,3,0,0,2,0,0,0,0,0,0,0,1,1,0,0,0,0,1
’†‰›‹ζ“ϊ–{‹΄•l’¬‚Q’–Ϊ,34,0,0,0,1,0,1,0,0,0,0,0,0,0,0,0,0,0,0,30,0,0,25,1,1,0,0,0,0,0,3,3,2,0,0,0,1
’†‰›‹ζ“ϊ–{‹΄•l’¬‚R’–Ϊ,22,1,1,0,2,0,1,1,0,0,1,0,0,1,0,0,0,0,0,15,0,0,13,0,0,0,0,0,0,2,0,3,2,0,0,0,1
’†‰›‹ζ“ϊ–{‹΄’†F,5,0,0,0,2,0,1,1,0,0,0,0,0,0,0,0,0,0,0,1,0,0,1,0,0,0,0,0,0,0,0,2,2,0,0,0,0
’†‰›‹ζ”ªdF‚P’–Ϊ,70,0,0,0,1,0,0,1,0,0,2,0,0,0,0,0,0,0,2,7,0,0,3,0,0,3,0,0,0,0,1,60,55,3,0,0,2
’†‰›‹ζ”ªdF‚Q’–Ϊ,15,0,0,0,3,0,3,0,0,0,0,0,0,0,0,0,0,0,0,6,0,0,0,0,0,0,2,0,0,1,3,6,4,0,2,0,0
’†‰›‹ζ“ϊ–{‹΄‚P’–Ϊ,34,0,0,0,7,0,4,3,0,0,1,0,0,0,0,0,0,0,1,18,0,0,5,0,0,1,2,0,3,3,4,8,1,0,0,0,7
’†‰›‹ζ“ϊ–{‹΄‚Q’–Ϊ,52,0,0,0,0,0,0,0,0,0,0,0,0,0,0,0,0,0,0,41,0,0,3,0,0,0,2,0,0,27,9,11,7,0,0,0,4
’†‰›‹ζ“ϊ–{‹΄‚R’–Ϊ,11,0,0,0,0,0,0,0,0,0,0,0,0,0,0,0,0,0,0,4,0,0,1,0,0,0,0,0,0,2,1,7,4,1,1,0,1
’†‰›‹ζ“ϊ–{‹΄κ’¬‚P’–Ϊ,22,0,0,0,6,0,3,2,0,1,0,0,0,0,0,0,0,0,0,10,0,0,2,1,0,0,2,0,0,1,4,6,1,0,0,0,5
’†‰›‹ζ“ϊ–{‹΄κ’¬‚Q’–Ϊ,14,1,0,1,0,0,0,0,0,0,0,0,0,0,0,0,0,0,0,9,0,0,1,0,0,1,0,0,0,3,4,4,0,2,2,0,0
’†‰›‹ζ“ϊ–{‹΄κ’¬‚R’–Ϊ,14,0,0,0,0,0,0,0,0,0,0,0,0,0,0,0,0,0,0,6,0,0,3,0,0,0,0,0,0,1,2,8,2,0,0,0,6
’†‰›‹ζ’Ο‚P’–Ϊ,1,0,0,0,0,0,0,0,0,0,0,0,0,0,0,0,0,0,0,1,0,0,1,0,0,0,0,0,0,0,0,0,0,0,0,0,0
’†‰›‹ζ’Ο‚Q’–Ϊ,24,0,0,0,2,0,2,0,0,0,0,0,0,0,0,0,0,0,0,15,0,0,11,1,0,0,0,0,0,1,2,7,4,0,0,0,3
’†‰›‹ζ’Ο‚R’–Ϊ,3,0,0,0,0,0,0,0,0,0,0,0,0,0,0,0,0,0,0,1,0,0,1,0,0,0,0,0,0,0,0,2,1,0,0,0,1
’†‰›‹ζ“‡‚P’–Ϊ,27,0,0,0,3,0,1,2,0,0,0,0,0,0,0,0,0,0,0,16,0,0,7,0,0,0,0,0,1,6,2,8,2,2,2,0,2
’†‰›‹ζ“‡‚Q’–Ϊ,15,0,0,0,2,0,0,1,1,0,1,0,0,0,0,0,0,1,0,10,0,0,8,0,0,0,0,0,0,2,0,2,2,0,0,0,0
’†‰›‹ζ“‡‚R’–Ϊ,20,2,0,2,2,0,0,2,0,0,0,0,0,0,0,0,0,0,0,8,0,0,4,0,0,0,0,0,0,1,3,8,4,0,0,0,4
’†‰›‹ζ“‡‚S’–Ϊ,18,0,0,0,2,0,2,0,0,0,0,0,0,0,0,0,0,0,0,10,0,1,6,0,0,0,0,0,0,0,3,6,3,1,0,0,2
’†‰›‹ζ‚Η‚«‚P’–Ϊ,25,2,0,2,2,0,1,1,0,0,0,0,0,0,0,0,0,0,0,17,0,0,12,1,0,0,0,0,0,2,2,4,1,0,0,0,3
’†‰›‹ζ‚Η‚«‚Q’–Ϊ,14,0,0,0,2,0,0,1,1,0,0,0,0,0,0,0,0,0,0,8,0,0,2,0,0,0,3,0,0,0,3,4,0,0,0,0,4
’†‰›‹ζ‚Η‚«‚R’–Ϊ,15,0,0,0,1,0,0,1,0,0,1,0,0,0,0,0,0,1,0,8,0,0,7,0,0,0,0,0,0,0,1,5,1,0,0,0,4
’†‰›‹ζ‚Η‚«‚S’–Ϊ,23,0,0,0,0,0,0,0,0,0,0,0,0,0,0,0,0,0,0,11,0,0,4,0,0,0,0,0,0,4,3,12,2,1,0,0,9
’†‰›‹ζ‚Η‚«‚T’–Ϊ,18,1,0,1,1,0,0,1,0,0,0,0,0,0,0,0,0,0,0,12,0,0,7,0,0,0,0,0,0,3,2,4,2,1,0,0,1
’†‰›‹ζ‚Η‚«‚U’–Ϊ,29,3,1,2,3,0,0,2,1,0,0,0,0,0,0,0,0,0,0,9,0,0,4,0,0,0,0,0,1,1,3,14,6,1,0,0,7
’†‰›‹ζ°C‚P’–Ϊ,19,0,0,0,1,0,0,1,0,0,0,0,0,0,0,0,0,0,0,3,0,0,3,0,0,0,0,0,0,0,0,15,4,1,1,0,9
’†‰›‹ζ°C‚Q’–Ϊ,17,0,0,0,0,0,0,0,0,0,0,0,0,0,0,0,0,0,0,10,0,0,7,0,0,0,0,0,0,2,1,7,5,0,1,0,1
’†‰›‹ζ°C‚R’–Ϊ,27,1,0,1,4,0,1,3,0,0,1,0,0,0,0,0,1,0,0,10,1,1,1,0,0,0,0,0,0,2,5,11,3,0,0,0,8
’†‰›‹ζ°C‚S’–Ϊ,6,0,0,0,0,0,0,0,0,0,0,0,0,0,0,0,0,0,0,4,0,0,1,1,0,0,0,0,0,0,2,2,0,0,0,0,2
’†‰›‹ζ°C‚T’–Ϊ,27,0,0,0,1,0,1,0,0,0,0,0,0,0,0,0,0,0,0,20,0,0,5,1,0,1,0,0,0,8,5,6,0,0,0,0,6
’†‰›‹ζ–LC’¬,3,0,0,0,1,0,1,0,0,0,0,0,0,0,0,0,0,0,0,2,0,0,2,0,0,0,0,0,0,0,0,0,0,0,0,0,0
’†‰›‹ζ“ϊ–{‹΄l`’¬‚P’–Ϊ,18,0,0,0,0,0,0,0,0,0,1,0,0,0,0,0,0,0,1,14,0,0,7,1,0,0,0,0,0,3,3,3,2,1,0,0,0
’†‰›‹ζ“ϊ–{‹΄l`’¬‚Q’–Ϊ,16,0,0,0,3,0,3,0,0,0,1,0,0,0,1,0,0,0,0,10,0,0,9,1,0,0,0,0,0,0,0,2,1,0,0,0,1
’†‰›‹ζ“ϊ–{‹΄l`’¬‚R’–Ϊ,15,1,0,1,3,0,1,1,1,0,0,0,0,0,0,0,0,0,0,5,0,0,2,0,0,0,0,0,0,0,3,6,4,0,1,0,1
’†‰›‹ζ“ϊ–{‹΄ak’¬‚P’–Ϊ,23,0,0,0,4,0,1,1,1,1,0,0,0,0,0,0,0,0,0,13,0,0,7,0,0,0,0,1,0,4,1,6,3,0,0,0,3
’†‰›‹ζ“ϊ–{‹΄ak’¬‚Q’–Ϊ,11,0,0,0,1,0,0,1,0,0,0,0,0,0,0,0,0,0,0,7,0,0,5,0,0,0,0,0,0,0,2,3,1,0,0,0,2
’†‰›‹ζ‹‹΄‚P’–Ϊ,4,0,0,0,0,0,0,0,0,0,0,0,0,0,0,0,0,0,0,2,0,0,1,0,0,1,0,0,0,0,0,2,2,0,0,0,0
’†‰›‹ζ‹‹΄‚Q’–Ϊ,15,0,0,0,2,0,2,0,0,0,0,0,0,0,0,0,0,0,0,9,0,0,2,1,0,0,2,0,0,1,3,4,1,0,0,0,3
’†‰›‹ζ‹‹΄‚R’–Ϊ,13,2,0,2,1,0,1,0,0,0,0,0,0,0,0,0,0,0,0,9,0,0,0,0,0,0,0,0,0,4,5,1,0,1,0,0,0
’†‰›‹ζ“ϊ–{‹΄¬“`”n’¬,16,0,0,0,2,0,2,0,0,0,1,0,0,0,1,0,0,0,0,11,0,0,2,1,0,0,0,0,0,1,7,2,1,1,0,0,0
’†‰›‹ζ“ϊ–{‹΄‘ε“`”n’¬,12,0,0,0,0,0,0,0,0,0,0,0,0,0,0,0,0,0,0,5,0,0,2,0,0,0,0,0,0,0,3,7,5,0,1,0,1
’†‰›‹ζ“ϊ–{‹΄¬M’¬,14,0,0,0,1,0,1,0,0,0,0,0,0,0,0,0,0,0,0,9,0,0,8,0,0,0,0,0,0,0,1,4,3,0,0,0,1
’†‰›‹ζ“ϊ–{‹΄–x—―’¬‚P’–Ϊ,13,0,0,0,1,0,0,1,0,0,0,0,0,0,0,0,0,0,0,9,0,0,7,2,0,0,0,0,0,0,0,3,0,1,0,0,2
’†‰›‹ζ“ϊ–{‹΄–x—―’¬‚Q’–Ϊ,13,0,0,0,0,0,0,0,0,0,0,0,0,0,0,0,0,0,0,8,0,0,3,2,1,0,0,0,0,1,1,5,4,0,0,0,1
’†‰›‹ζ“ϊ–{‹΄•x‘ς’¬,11,0,0,0,1,0,0,1,0,0,1,0,0,0,0,0,0,0,1,8,0,0,6,0,0,0,0,0,1,0,1,1,0,0,0,0,1
’†‰›‹ζ“ϊ–{‹΄•’¬,15,0,0,0,2,0,1,1,0,0,1,0,0,0,0,0,0,0,1,2,0,0,2,0,0,0,0,0,0,0,0,10,3,0,1,0,6
’†‰›‹ζv,1979,29,4,25,179,0,85,72,13,9,31,2,0,4,11,1,1,2,10,1150,2,5,385,23,2,14,38,4,15,365,297,590,239,47,45,0,259
`‹ζΥƒm–ε‚P’–Ϊ,47,0,0,0,8,0,6,2,0,0,5,0,0,0,2,0,0,0,3,19,0,0,1,0,0,1,3,0,0,8,6,15,9,2,2,0,2
`‹ζΥƒm–ε‚Q’–Ϊ,25,0,0,0,1,0,0,0,1,0,0,0,0,0,0,0,0,0,0,12,0,0,3,0,0,0,1,0,1,1,6,12,5,2,0,0,5
`‹ζΥƒm–ε‚R’–Ϊ,4,0,0,0,0,0,0,0,0,0,0,0,0,0,0,0,0,0,0,2,0,0,2,0,0,0,0,0,0,0,0,2,0,0,0,0,2
`‹ζΥƒm–ε‚S’–Ϊ,17,0,0,0,1,0,1,0,0,0,0,0,0,0,0,0,0,0,0,10,0,0,0,0,0,0,0,0,0,10,0,6,1,0,0,0,5
`‹ζΥƒm–ε‚T’–Ϊ,9,0,0,0,0,0,0,0,0,0,0,0,0,0,0,0,0,0,0,7,0,0,1,0,0,0,0,0,0,6,0,2,1,0,0,0,1
`‹ζ‘δκ‚P’–Ϊ,56,1,0,1,3,0,3,0,0,0,1,0,0,0,0,1,0,0,0,38,0,0,6,0,0,0,0,0,1,19,12,13,3,4,0,0,6
`‹ζ‘δκ‚Q’–Ϊ,10,0,0,0,5,0,2,2,1,0,0,0,0,0,0,0,0,0,0,1,0,0,1,0,0,0,0,0,0,0,0,4,1,0,0,0,3
`‹ζ¤“†‚P’–Ϊ,4,0,0,0,0,0,0,0,0,0,0,0,0,0,0,0,0,0,0,2,0,0,1,0,0,0,0,0,0,0,1,2,1,0,0,0,1
`‹ζ¤“†‚Q’–Ϊ,5,0,0,0,1,0,1,0,0,0,0,0,0,0,0,0,0,0,0,2,0,0,0,0,0,0,0,0,0,0,2,2,0,0,0,0,2
`‹ζΕ‚P’–Ϊ,6,0,0,0,0,0,0,0,0,0,0,0,0,0,0,0,0,0,0,2,0,0,1,0,0,0,0,0,0,0,1,4,2,0,0,0,2
`‹ζΕ‚Q’–Ϊ,12,0,0,0,1,0,1,0,0,0,0,0,0,0,0,0,0,0,0,5,0,0,1,0,0,0,0,0,0,2,2,6,2,0,0,0,4
`‹ζΕ‚R’–Ϊ,16,1,1,0,2,0,1,0,1,0,0,0,0,0,0,0,0,0,0,10,0,0,8,0,0,0,0,0,0,1,1,3,0,0,0,0,3
`‹ζΕ‚S’–Ϊ,14,0,0,0,3,0,2,1,0,0,0,0,0,0,0,0,0,0,0,7,0,0,2,0,0,0,0,0,0,4,1,4,2,0,0,0,2
`‹ζΕ‚T’–Ϊ,78,1,0,1,13,0,7,6,0,0,1,0,0,0,0,0,0,0,1,47,0,0,14,1,0,0,1,0,3,3,25,16,6,1,0,0,9
`‹ζΕ‰Y‚P’–Ϊ,17,1,1,0,3,0,2,1,0,0,0,0,0,0,0,0,0,0,0,10,0,1,8,0,0,0,0,0,0,0,1,3,2,0,0,0,1
`‹ζΕ‰Y‚Q’–Ϊ,13,0,0,0,1,0,0,0,1,0,0,0,0,0,0,0,0,0,0,7,0,0,5,1,0,0,0,0,0,0,1,5,1,0,0,0,4
`‹ζΕ‰Y‚R’–Ϊ,70,1,0,1,8,0,5,3,0,0,2,0,0,0,0,0,0,0,2,50,0,1,7,1,0,0,0,0,0,35,6,9,5,2,0,0,2
`‹ζΕ‰Y‚S’–Ϊ,35,2,0,2,5,0,3,2,0,0,1,1,0,0,0,0,0,0,0,18,0,1,12,0,1,0,0,0,0,2,2,9,0,3,0,0,6
`‹ζCέ‚P’–Ϊ,51,2,0,2,12,0,9,3,0,0,0,0,0,0,0,0,0,0,0,27,0,0,3,0,0,0,4,0,1,3,16,10,5,0,1,0,4
`‹ζCέ‚Q’–Ϊ,3,0,0,0,0,0,0,0,0,0,0,0,0,0,0,0,0,0,0,3,0,0,3,0,0,0,0,0,0,0,0,0,0,0,0,0,0
`‹ζCέ‚R’–Ϊ,32,1,0,1,5,0,2,2,0,1,0,0,0,0,0,0,0,0,0,15,0,1,7,0,0,0,0,0,0,5,2,11,2,1,1,0,7
`‹ζ“V‹΄‚P’–Ϊ,29,0,0,0,3,0,1,2,0,0,1,0,0,0,1,0,0,0,0,15,0,0,3,2,0,0,0,0,0,1,9,10,5,1,0,0,4
`‹ζ“V‹΄‚Q’–Ϊ,7,0,0,0,0,0,0,0,0,0,0,0,0,0,0,0,0,0,0,6,0,0,3,1,0,0,0,0,0,1,1,1,1,0,0,0,0
`‹ζV‹΄‚P’–Ϊ,35,0,0,0,7,0,4,3,0,0,0,0,0,0,0,0,0,0,0,17,0,0,4,1,0,0,1,0,0,2,9,11,3,2,0,0,6
`‹ζV‹΄‚Q’–Ϊ,232,0,0,0,42,0,26,14,1,1,65,0,0,53,12,0,0,0,0,81,0,2,8,0,0,0,7,0,4,7,53,44,13,5,2,0,24
`‹ζV‹΄‚R’–Ϊ,94,2,1,1,20,0,9,11,0,0,1,0,0,0,1,0,0,0,0,54,0,0,6,1,0,0,3,0,5,0,39,17,4,5,0,0,8
`‹ζV‹΄‚S’–Ϊ,32,2,1,1,5,0,3,2,0,0,1,0,0,0,1,0,0,0,0,16,0,0,3,0,0,0,0,0,0,0,13,8,2,1,0,0,5
`‹ζV‹΄‚T’–Ϊ,18,0,0,0,2,0,1,1,0,0,2,0,0,0,1,1,0,0,0,10,0,0,2,0,0,0,0,0,1,1,6,4,2,0,0,0,2
`‹ζV‹΄‚U’–Ϊ,11,0,0,0,2,0,0,2,0,0,0,0,0,0,0,0,0,0,0,7,0,0,4,1,0,0,0,0,0,1,1,2,0,0,0,0,2
`‹ζΌV‹΄‚P’–Ϊ,24,1,1,0,1,0,1,0,0,0,1,0,0,0,0,0,0,0,1,4,0,0,3,0,0,0,0,0,0,0,1,17,8,1,3,0,5
`‹ζΌV‹΄‚Q’–Ϊ,8,0,0,0,0,0,0,0,0,0,4,0,0,0,4,0,0,0,0,4,0,0,3,0,0,0,0,0,0,1,0,0,0,0,0,0,0
`‹ζΌV‹΄‚R’–Ϊ,28,0,0,0,3,0,2,0,1,0,10,0,0,10,0,0,0,0,0,10,0,0,8,0,0,0,0,0,0,1,1,5,3,0,1,0,1
`‹ζO“c‚P’–Ϊ,23,0,0,0,2,0,2,0,0,0,0,0,0,0,0,0,0,0,0,10,0,0,2,0,0,0,0,0,0,2,6,11,3,1,1,0,6
`‹ζO“c‚Q’–Ϊ,16,0,0,0,1,0,0,1,0,0,0,0,0,0,0,0,0,0,0,11,0,0,4,0,0,0,1,0,0,2,4,4,3,0,0,0,1
`‹ζO“c‚R’–Ϊ,13,0,0,0,0,0,0,0,0,0,1,0,0,1,0,0,0,0,0,7,0,0,4,0,0,0,0,0,0,0,3,5,2,0,0,0,3
`‹ζO“c‚S’–Ϊ,10,0,0,0,1,0,1,0,0,0,0,0,0,0,0,0,0,0,0,7,0,0,3,1,0,0,0,0,0,3,0,2,0,2,0,0,0
`‹ζO“c‚T’–Ϊ,16,0,0,0,2,0,1,0,1,0,1,0,0,0,1,0,0,0,0,9,0,1,7,0,0,0,0,0,0,0,1,4,0,2,0,0,2
`‹ζ•lΌ’¬‚P’–Ϊ,26,0,0,0,0,0,0,0,0,0,1,0,0,1,0,0,0,0,0,16,0,0,2,0,0,0,0,0,0,3,11,9,6,0,0,0,3
`‹ζ•lΌ’¬‚Q’–Ϊ,24,0,0,0,6,0,6,0,0,0,1,0,0,0,1,0,0,0,0,10,0,0,1,0,0,0,1,1,0,3,4,7,0,0,0,0,7
`‹ζΕ‘ε–ε‚P’–Ϊ,8,0,0,0,1,0,1,0,0,0,1,0,0,0,1,0,0,0,0,2,0,0,1,0,0,0,0,0,0,0,1,4,2,0,1,0,1
`‹ζΕ‘ε–ε‚Q’–Ϊ,9,0,0,0,2,0,1,0,1,0,1,0,0,0,1,0,0,0,0,3,0,0,1,0,0,0,0,0,0,1,1,3,0,0,0,0,3
`‹ζΕφ‰€‚P’–Ϊ,4,0,0,0,1,0,1,0,0,0,0,0,0,0,0,0,0,0,0,0,0,0,0,0,0,0,0,0,0,0,0,3,1,0,2,0,0
`‹ζΕφ‰€‚Q’–Ϊ,13,0,0,0,0,0,0,0,0,0,0,0,0,0,0,0,0,0,0,10,0,0,0,0,0,0,0,0,0,7,3,3,1,0,0,0,2
`‹ζΕφ‰€‚R’–Ϊ,4,1,0,1,0,0,0,0,0,0,0,0,0,0,0,0,0,0,0,0,0,0,0,0,0,0,0,0,0,0,0,3,1,1,0,0,1
`‹ζΕφ‰€‚S’–Ϊ,13,0,0,0,2,0,2,0,0,0,0,0,0,0,0,0,0,0,0,6,1,0,2,0,0,0,0,0,0,1,2,5,1,1,0,0,3
`‹ζ“–ƒ•z‚P’–Ϊ,19,0,0,0,4,0,4,0,0,0,0,0,0,0,0,0,0,0,0,7,0,1,0,0,0,0,0,0,2,0,4,8,3,0,1,0,4
`‹ζ“–ƒ•z‚Q’–Ϊ,14,2,0,2,1,0,0,1,0,0,1,1,0,0,0,0,0,0,0,4,0,0,3,0,0,0,0,0,0,0,1,6,1,0,1,0,4
`‹ζ“–ƒ•z‚R’–Ϊ,13,0,0,0,1,0,0,0,1,0,0,0,0,0,0,0,0,0,0,8,0,0,4,0,0,0,0,0,0,0,4,4,1,1,0,0,2
`‹ζ–ƒ•z’K’¬,2,0,0,0,1,0,1,0,0,0,0,0,0,0,0,0,0,0,0,1,0,0,1,0,0,0,0,0,0,0,0,0,0,0,0,0,0
`‹ζ–ƒ•z‰iβ’¬,4,0,0,0,1,0,1,0,0,0,0,0,0,0,0,0,0,0,0,0,0,0,0,0,0,0,0,0,0,0,0,3,2,0,0,0,1
`‹ζ–ƒ•z\”Τ‚P’–Ϊ,39,1,0,1,12,0,6,6,0,0,1,0,0,0,1,0,0,0,0,13,0,0,4,1,0,0,1,0,0,0,7,12,3,1,3,0,5
`‹ζ–ƒ•z\”Τ‚Q’–Ϊ,45,3,0,3,10,0,7,3,0,0,2,0,0,0,1,1,0,0,0,20,0,0,11,0,0,0,2,0,0,1,6,10,3,0,0,0,7
`‹ζ–ƒ•z\”Τ‚R’–Ϊ,18,0,0,0,3,0,0,1,2,0,3,0,0,0,3,0,0,0,0,5,0,0,2,0,0,0,0,0,0,2,1,7,4,1,0,0,2
`‹ζ–ƒ•z\”Τ‚S’–Ϊ,8,0,0,0,4,0,1,2,1,0,0,0,0,0,0,0,0,0,0,2,0,0,1,0,0,0,0,0,0,0,1,2,0,0,0,0,2
`‹ζ“μ–ƒ•z‚P’–Ϊ,17,0,0,0,1,0,1,0,0,0,0,0,0,0,0,0,0,0,0,8,0,0,4,0,0,0,0,0,0,0,4,8,2,1,0,0,5
`‹ζ“μ–ƒ•z‚Q’–Ϊ,27,1,0,1,5,0,3,2,0,0,0,0,0,0,0,0,0,0,0,14,0,0,8,0,0,0,0,0,2,0,4,7,2,1,0,0,4
`‹ζ“μ–ƒ•z‚R’–Ϊ,15,0,0,0,3,0,0,1,2,0,0,0,0,0,0,0,0,0,0,4,0,0,2,0,0,0,0,0,0,1,1,8,2,0,0,0,6
`‹ζ“μ–ƒ•z‚S’–Ϊ,21,0,0,0,2,0,0,2,0,0,1,0,0,0,0,0,0,0,1,13,0,0,6,0,0,0,0,0,2,2,3,5,2,0,0,0,3
`‹ζ“μ–ƒ•z‚T’–Ϊ,22,0,0,0,2,0,1,1,0,0,0,0,0,0,0,0,0,0,0,13,0,0,3,0,0,0,0,0,0,4,6,7,3,0,1,0,3
`‹ζ³–ƒ•z‚P’–Ϊ,3,0,0,0,1,0,1,0,0,0,0,0,0,0,0,0,0,0,0,1,0,0,1,0,0,0,0,0,0,0,0,1,0,0,0,0,1
`‹ζ³–ƒ•z‚Q’–Ϊ,4,1,0,1,0,0,0,0,0,0,0,0,0,0,0,0,0,0,0,1,0,0,1,0,0,0,0,0,0,0,0,2,2,0,0,0,0
`‹ζ³–ƒ•z‚R’–Ϊ,4,0,0,0,1,0,0,0,0,1,0,0,0,0,0,0,0,0,0,1,0,0,0,0,0,0,0,0,0,0,1,2,2,0,0,0,0
`‹ζΌ–ƒ•z‚P’–Ϊ,34,1,0,1,4,0,1,3,0,0,1,0,0,0,0,1,0,0,0,15,0,2,3,0,0,0,1,0,0,2,7,13,3,0,0,0,10
`‹ζΌ–ƒ•z‚Q’–Ϊ,25,0,0,0,2,0,1,1,0,0,1,0,0,0,0,0,0,0,1,8,0,0,4,0,0,0,0,0,0,0,4,14,3,1,1,0,9
`‹ζΌ–ƒ•z‚R’–Ϊ,20,0,0,0,7,0,5,2,0,0,0,0,0,0,0,0,0,0,0,9,0,0,2,0,0,0,0,0,0,0,7,4,2,0,0,0,2
`‹ζΌ–ƒ•z‚S’–Ϊ,31,0,0,0,7,0,2,5,0,0,6,0,0,0,4,1,0,0,1,14,0,0,7,0,0,0,0,0,0,0,7,4,0,0,0,0,4
`‹ζZ–{–Ψ‚P’–Ϊ,60,1,0,1,2,0,2,0,0,0,1,1,0,0,0,0,0,0,0,7,0,0,1,1,0,0,1,0,0,1,3,49,41,0,1,0,7
`‹ζZ–{–Ψ‚Q’–Ϊ,12,0,0,0,1,0,0,0,1,0,0,0,0,0,0,0,0,0,0,10,0,0,2,0,0,0,0,0,0,1,7,1,0,1,0,0,0
`‹ζZ–{–Ψ‚R’–Ϊ,114,0,0,0,32,0,15,17,0,0,2,0,0,0,1,0,0,0,1,41,0,1,15,0,0,0,1,0,6,3,15,39,12,3,2,0,22
`‹ζZ–{–Ψ‚S’–Ϊ,37,3,2,1,4,0,0,2,2,0,1,0,0,0,0,0,0,1,0,18,0,1,3,1,0,0,0,0,3,2,8,11,2,1,1,0,7
`‹ζZ–{–Ψ‚T’–Ϊ,49,4,1,3,9,0,4,4,1,0,2,0,0,0,1,0,1,0,0,19,1,0,6,1,0,0,0,0,0,3,8,15,7,0,1,0,7
`‹ζZ–{–Ψ‚U’–Ϊ,82,2,1,1,11,0,7,4,0,0,0,0,0,0,0,0,0,0,0,50,0,0,7,1,0,0,1,0,1,25,15,19,2,1,0,0,16
`‹ζZ–{–Ψ‚V’–Ϊ,77,3,0,3,17,0,7,7,2,1,2,0,0,0,2,0,0,0,0,29,0,0,7,0,0,0,3,0,3,5,11,26,5,0,0,0,21
`‹ζ–ƒ•z‘δ‚P’–Ϊ,21,0,0,0,3,0,3,0,0,0,0,0,0,0,0,0,0,0,0,12,0,0,1,0,0,0,0,0,0,0,11,6,0,2,0,0,4
`‹ζ–ƒ•z‘δ‚Q’–Ϊ,6,0,0,0,0,0,0,0,0,0,0,0,0,0,0,0,0,0,0,4,0,0,0,0,0,0,0,0,0,0,4,2,1,1,0,0,0
`‹ζ–ƒ•z‘δ‚R’–Ϊ,8,0,0,0,1,0,0,1,0,0,0,0,0,0,0,0,0,0,0,5,0,0,3,0,0,0,0,0,0,0,2,2,1,0,0,0,1
`‹ζ³Τβ‚P’–Ϊ,3,0,0,0,0,0,0,0,0,0,0,0,0,0,0,0,0,0,0,0,0,0,0,0,0,0,0,0,0,0,0,3,2,0,0,0,1
`‹ζ³Τβ‚Q’–Ϊ,3,0,0,0,0,0,0,0,0,0,0,0,0,0,0,0,0,0,0,3,0,0,0,0,0,0,0,0,0,0,3,0,0,0,0,0,0
`‹ζΤβ‚P’–Ϊ,39,0,0,0,1,0,0,1,0,0,0,0,0,0,0,0,0,0,0,28,0,0,1,1,0,0,0,0,0,21,5,10,6,1,0,0,3
`‹ζΤβ‚Q’–Ϊ,47,3,0,3,7,0,4,2,0,1,2,0,0,0,1,0,1,0,0,15,0,0,3,1,0,0,2,0,0,2,7,20,12,1,3,0,4
`‹ζΤβ‚R’–Ϊ,68,1,0,1,8,0,2,6,0,0,1,0,0,0,1,0,0,0,0,36,0,0,4,0,0,0,5,0,2,13,12,22,6,0,1,0,15
`‹ζΤβ‚S’–Ϊ,15,1,0,1,2,0,1,0,1,0,1,0,0,0,0,0,1,0,0,3,0,0,0,0,0,0,0,0,1,0,2,8,2,0,2,0,4
`‹ζΤβ‚T’–Ϊ,33,0,0,0,2,0,1,0,0,1,12,0,0,0,12,0,0,0,0,8,0,0,4,0,0,0,0,0,1,0,3,11,8,1,1,0,1
`‹ζΤβ‚U’–Ϊ,14,0,0,0,0,0,0,0,0,0,0,0,0,0,0,0,0,0,0,10,0,0,3,0,0,0,0,0,0,5,2,4,2,1,0,0,1
`‹ζΤβ‚V’–Ϊ,12,4,0,4,1,0,0,1,0,0,0,0,0,0,0,0,0,0,0,2,0,0,0,0,0,0,0,0,0,1,1,5,1,0,2,0,2
`‹ζΤβ‚W’–Ϊ,13,0,0,0,1,0,0,1,0,0,0,0,0,0,0,0,0,0,0,4,0,0,2,0,0,0,0,0,1,0,1,8,6,0,0,0,2
`‹ζΤβ‚X’–Ϊ,76,1,0,1,8,0,2,4,2,0,0,0,0,0,0,0,0,0,0,35,0,0,3,2,0,0,1,0,0,27,2,32,9,2,7,0,14
`‹ζ“μΒR‚P’–Ϊ,22,0,0,0,4,0,3,0,0,1,1,0,0,0,1,0,0,0,0,12,0,0,6,1,0,0,0,0,0,3,2,5,1,0,0,0,4
`‹ζ“μΒR‚Q’–Ϊ,36,0,0,0,1,0,1,0,0,0,2,0,0,0,0,0,0,0,2,12,0,0,7,0,0,0,0,0,0,2,3,21,8,0,4,0,9
`‹ζ“μΒR‚R’–Ϊ,33,0,0,0,3,0,2,1,0,0,2,0,0,0,2,0,0,0,0,18,0,0,3,0,0,0,0,0,0,11,4,10,6,0,0,0,4
`‹ζ“μΒR‚S’–Ϊ,17,0,0,0,0,0,0,0,0,0,4,0,0,0,2,1,0,1,0,9,0,0,6,0,0,0,0,0,1,0,2,4,1,0,0,0,3
`‹ζ“μΒR‚T’–Ϊ,24,0,0,0,1,0,1,0,0,0,0,0,0,0,0,0,0,0,0,14,0,0,2,0,0,0,1,0,0,10,1,9,6,0,1,0,2
`‹ζ“μΒR‚U’–Ϊ,15,0,0,0,2,0,0,2,0,0,0,0,0,0,0,0,0,0,0,5,1,0,4,0,0,0,0,0,0,0,0,8,3,0,0,0,5
`‹ζ“μΒR‚V’–Ϊ,11,0,0,0,2,0,2,0,0,0,0,0,0,0,0,0,0,0,0,4,0,0,4,0,0,0,0,0,0,0,0,5,1,0,0,0,4
`‹ζ–kΒR‚P’–Ϊ,9,0,0,0,3,0,0,2,0,1,0,0,0,0,0,0,0,0,0,1,0,0,0,1,0,0,0,0,0,0,0,5,4,0,0,0,1
`‹ζ–kΒR‚Q’–Ϊ,24,1,0,1,0,0,0,0,0,0,1,0,0,0,1,0,0,0,0,10,0,0,5,1,0,0,0,0,1,0,3,12,10,0,0,0,2
`‹ζ–kΒR‚R’–Ϊ,57,0,0,0,8,0,6,1,1,0,2,0,0,1,0,0,0,0,1,22,0,0,2,0,0,0,2,0,1,9,8,25,3,3,3,0,16
`‹ζ‚—Φ‚P’–Ϊ,34,1,1,0,6,0,6,0,0,0,0,0,0,0,0,0,0,0,0,18,0,0,9,0,0,1,0,0,0,5,3,9,2,0,0,0,7
`‹ζ‚—Φ‚Q’–Ϊ,39,1,0,1,2,0,1,1,0,0,1,0,1,0,0,0,0,0,0,24,0,0,6,0,0,5,0,0,0,1,12,11,1,4,0,0,6
`‹ζ‚—Φ‚R’–Ϊ,181,3,0,3,38,0,27,11,0,0,0,0,0,0,0,0,0,0,0,108,0,0,4,0,0,0,6,0,8,10,80,32,5,7,0,0,20
`‹ζ‚—Φ‚S’–Ϊ,17,0,0,0,1,0,0,1,0,0,0,0,0,0,0,0,0,0,0,14,0,0,0,0,0,0,0,0,1,7,6,2,1,0,0,0,1
`‹ζ”’‹ΰ‚P’–Ϊ,21,0,0,0,1,0,1,0,0,0,2,0,0,0,0,0,0,0,2,12,0,0,10,0,0,0,0,0,0,2,0,6,4,1,0,0,1
`‹ζ”’‹ΰ‚Q’–Ϊ,5,0,0,0,2,0,1,1,0,0,0,0,0,0,0,0,0,0,0,2,0,0,1,0,0,0,0,0,0,0,1,1,0,0,0,0,1
`‹ζ”’‹ΰ‚R’–Ϊ,11,0,0,0,0,0,0,0,0,0,0,0,0,0,0,0,0,0,0,7,0,0,5,0,0,0,0,0,0,0,2,4,2,0,0,0,2
`‹ζ”’‹ΰ‚T’–Ϊ,8,0,0,0,1,0,0,1,0,0,0,0,0,0,0,0,0,0,0,4,0,0,2,0,0,0,0,0,0,0,2,3,0,1,0,0,2
`‹ζ”’‹ΰ‚U’–Ϊ,8,0,0,0,2,0,0,1,0,1,0,0,0,0,0,0,0,0,0,5,0,0,3,0,0,0,0,0,0,1,1,1,0,0,0,0,1
`‹ζ”’‹ΰ‘δ‚Q’–Ϊ,16,0,0,0,2,0,1,1,0,0,0,0,0,0,0,0,0,0,0,8,0,0,2,0,0,0,0,0,0,4,2,6,2,0,0,0,4
`‹ζ”’‹ΰ‘δ‚R’–Ϊ,13,0,0,0,0,0,0,0,0,0,0,0,0,0,0,0,0,0,0,8,0,0,3,0,0,0,0,0,1,1,3,5,0,0,0,0,5
`‹ζ”’‹ΰ‘δ‚S’–Ϊ,4,0,0,0,1,0,1,0,0,0,0,0,0,0,0,0,0,0,0,1,0,0,1,0,0,0,0,0,0,0,0,2,1,0,0,0,1
`‹ζ”’‹ΰ‘δ‚T’–Ϊ,11,0,0,0,0,0,0,0,0,0,1,0,0,0,1,0,0,0,0,6,0,0,3,0,0,0,0,0,0,0,3,4,0,0,0,0,4
`‹ζ`“μ‚P’–Ϊ,13,1,0,1,0,0,0,0,0,0,0,0,0,0,0,0,0,0,0,6,0,0,0,0,0,0,0,0,3,0,3,6,2,2,0,0,2
`‹ζ`“μ‚Q’–Ϊ,94,0,0,0,9,0,6,3,0,0,1,0,0,0,1,0,0,0,0,49,0,0,11,1,0,0,1,0,5,10,21,35,9,4,2,0,20
`‹ζ`“μ‚R’–Ϊ,27,0,0,0,1,0,0,1,0,0,0,0,0,0,0,0,0,0,0,17,0,0,11,0,0,0,0,0,0,0,6,9,3,2,0,0,4
`‹ζ`“μ‚S’–Ϊ,25,0,0,0,2,0,1,1,0,0,0,0,0,0,0,0,0,0,0,12,0,0,7,0,0,0,0,0,0,0,5,11,4,0,0,0,7
`‹ζ`“μ‚T’–Ϊ,16,0,0,0,4,0,1,3,0,0,0,0,0,0,0,0,0,0,0,5,0,0,1,0,0,0,0,0,1,1,2,7,1,0,1,0,5
`‹ζΘ‰Ί•sΪ,2,1,0,1,0,0,0,0,0,0,0,0,0,0,0,0,0,0,0,0,0,0,0,0,0,0,0,0,0,0,0,1,0,0,0,0,1
`‹ζv,3188,56,10,46,453,0,251,169,24,9,158,3,1,66,61,6,3,2,16,1522,3,12,410,23,1,7,50,1,62,334,619,999,354,82,53,0,510
Vh‹ζl’J‚P’–Ϊ,44,1,1,0,10,0,5,3,1,1,1,0,0,0,0,0,0,0,1,23,0,0,8,0,0,0,2,0,2,2,9,9,1,2,1,0,5
Vh‹ζl’J‚Q’–Ϊ,13,0,0,0,3,0,1,1,1,0,0,0,0,0,0,0,0,0,0,7,0,0,4,0,0,0,0,0,0,2,1,3,1,0,0,0,2
Vh‹ζl’J‚R’–Ϊ,33,1,1,0,3,0,1,1,1,0,2,1,0,0,0,0,0,0,1,22,0,0,11,0,0,0,2,0,2,0,7,5,3,0,0,0,2
Vh‹ζl’J‚S’–Ϊ,29,1,0,1,4,0,2,2,0,0,1,0,0,0,0,1,0,0,0,18,0,0,9,1,0,0,0,0,0,0,8,5,2,1,0,0,2
Vh‹ζα—t‚P’–Ϊ,5,0,0,0,0,0,0,0,0,0,2,0,0,0,0,2,0,0,0,1,0,0,1,0,0,0,0,0,0,0,0,2,0,0,0,0,2
Vh‹ζα—t‚Q’–Ϊ,3,0,0,0,0,0,0,0,0,0,1,0,0,0,0,0,0,0,1,0,0,0,0,0,0,0,0,0,0,0,0,2,1,0,0,0,1
Vh‹ζα—t‚R’–Ϊ,6,0,0,0,0,0,0,0,0,0,0,0,0,0,0,0,0,0,0,2,0,0,2,0,0,0,0,0,0,0,0,4,2,0,0,0,2
Vh‹ζ{‰κ’¬,3,0,0,0,0,0,0,0,0,0,0,0,0,0,0,0,0,0,0,3,1,0,1,0,0,0,0,0,0,0,1,0,0,0,0,0,0
Vh‹ζ¶–ε’¬,9,0,0,0,0,0,0,0,0,0,0,0,0,0,0,0,0,0,0,5,0,0,2,0,0,0,0,0,0,0,3,4,2,0,1,0,1
Vh‹ζM”Z’¬,15,0,0,0,2,0,1,1,0,0,0,0,0,0,0,0,0,0,0,6,0,0,0,0,0,0,0,0,0,2,4,7,4,0,0,0,3
Vh‹ζ“μ³’¬,5,0,0,0,2,0,0,2,0,0,0,0,0,0,0,0,0,0,0,2,0,0,2,0,0,0,0,0,0,0,0,1,0,0,0,0,1
Vh‹ζr–Ψ’¬,16,1,0,1,2,0,1,1,0,0,1,0,0,0,0,1,0,0,0,7,0,0,5,0,0,1,0,0,0,0,1,5,4,0,0,0,1
Vh‹ζM’¬,14,0,0,0,1,0,1,0,0,0,1,0,0,0,0,1,0,0,0,5,0,0,1,0,0,1,0,0,0,1,2,7,1,0,0,0,6
Vh‹ζ¤Z’¬,6,0,0,0,0,0,0,0,0,0,0,0,0,0,0,0,0,0,0,4,0,0,2,0,0,0,0,0,0,1,1,2,2,0,0,0,0
Vh‹ζ‘ε‹’¬,9,0,0,0,0,0,0,0,0,0,1,0,0,0,0,1,0,0,0,4,0,0,2,0,0,0,0,0,0,0,2,4,0,0,0,0,4
Vh‹ζ‰ΰƒ–‹u’¬,20,0,0,0,7,0,6,1,0,0,1,0,0,0,0,0,0,0,1,6,0,0,2,0,0,0,0,0,1,2,1,6,1,1,2,0,2
Vh‹ζ“ΰ“΅’¬,9,1,1,0,2,0,1,1,0,0,1,0,0,0,0,0,0,0,1,2,0,0,1,1,0,0,0,0,0,0,0,3,0,0,0,0,3
Vh‹ζ•Π’¬,8,0,0,0,0,0,0,0,0,0,1,0,0,0,0,1,0,0,0,6,0,0,3,0,0,0,0,0,0,0,3,1,1,0,0,0,0
Vh‹ζVh‚P’–Ϊ,66,3,1,2,10,0,6,4,0,0,2,0,0,1,0,0,0,0,1,35,0,0,12,0,0,1,2,0,4,2,14,16,3,3,0,0,10
Vh‹ζVh‚Q’–Ϊ,169,3,1,2,28,0,9,16,2,1,7,0,0,2,5,0,0,0,0,102,0,0,18,1,0,0,19,0,11,5,48,29,4,4,2,0,19
Vh‹ζVh‚R’–Ϊ,879,4,2,2,100,0,70,28,1,1,18,3,0,0,1,0,0,0,14,600,0,1,48,5,0,0,54,0,21,331,140,157,31,23,5,0,98
Vh‹ζVh‚S’–Ϊ,47,0,0,0,4,0,2,1,1,0,1,0,0,0,0,0,0,0,1,33,0,0,1,2,0,0,0,0,5,12,13,9,3,2,0,0,4
Vh‹ζVh‚T’–Ϊ,69,3,1,2,10,0,6,2,1,1,2,0,0,1,0,0,0,0,1,45,0,1,11,0,0,0,1,0,2,5,25,9,4,2,0,0,3
Vh‹ζVh‚U’–Ϊ,92,2,1,1,17,0,7,9,1,0,3,0,0,1,0,0,0,1,1,56,0,1,28,3,0,0,0,0,2,5,17,14,3,4,0,0,7
Vh‹ζVh‚V’–Ϊ,67,5,3,2,9,0,5,1,1,2,4,0,0,0,0,3,0,0,1,37,1,1,18,1,0,0,0,0,1,2,13,12,4,2,0,0,6
Vh‹ζs’J“c’¬‚P’–Ϊ,8,0,0,0,2,0,2,0,0,0,0,0,0,0,0,0,0,0,0,6,0,0,2,0,0,0,1,0,0,2,1,0,0,0,0,0,0
Vh‹ζs’J“c’¬‚Q’–Ϊ,4,0,0,0,1,0,0,1,0,0,0,0,0,0,0,0,0,0,0,2,0,0,0,0,0,0,0,0,0,1,1,1,1,0,0,0,0
Vh‹ζs’J“c’¬‚R’–Ϊ,3,0,0,0,1,0,1,0,0,0,0,0,0,0,0,0,0,0,0,2,0,0,1,0,0,0,0,0,0,0,1,0,0,0,0,0,0
Vh‹ζs’J–{‘Ί’¬,14,0,0,0,5,0,3,2,0,0,0,0,0,0,0,0,0,0,0,6,0,0,2,0,0,0,0,0,0,2,2,3,2,0,0,0,1
Vh‹ζs’J»“y΄’¬‚Q’–Ϊ,1,0,0,0,1,0,1,0,0,0,0,0,0,0,0,0,0,0,0,0,0,0,0,0,0,0,0,0,0,0,0,0,0,0,0,0,0
Vh‹ζs’J»“y΄’¬‚R’–Ϊ,3,0,0,0,0,0,0,0,0,0,0,0,0,0,0,0,0,0,0,2,0,0,1,0,0,0,0,0,0,0,1,1,1,0,0,0,0
Vh‹ζs’J¶“ΰ’¬,1,0,0,0,0,0,0,0,0,0,0,0,0,0,0,0,0,0,0,0,0,0,0,0,0,0,0,0,0,0,0,1,1,0,0,0,0
Vh‹ζs’J‰Α‰κ’¬‚P’–Ϊ,1,0,0,0,0,0,0,0,0,0,0,0,0,0,0,0,0,0,0,0,0,0,0,0,0,0,0,0,0,0,0,1,0,0,0,0,1
Vh‹ζs’J‰Α‰κ’¬‚Q’–Ϊ,6,0,0,0,3,0,2,1,0,0,0,0,0,0,0,0,0,0,0,2,0,0,1,0,0,0,0,0,0,0,1,1,0,1,0,0,0
Vh‹ζs’J‘D‰Ν΄’¬,1,0,0,0,0,0,0,0,0,0,0,0,0,0,0,0,0,0,0,1,0,0,0,0,0,0,0,0,0,0,1,0,0,0,0,0,0
Vh‹ζs’J”ª”¦’¬,4,0,0,0,1,0,1,0,0,0,0,0,0,0,0,0,0,0,0,3,0,0,2,0,0,0,0,0,0,0,1,0,0,0,0,0,0
Vh‹ζ_yβ‚P’–Ϊ,21,0,0,0,3,0,1,1,1,0,0,0,0,0,0,0,0,0,0,8,0,0,1,0,0,0,0,0,0,4,3,10,1,0,1,0,8
Vh‹ζ_yβ‚Q’–Ϊ,5,0,0,0,0,0,0,0,0,0,2,0,0,0,0,2,0,0,0,2,0,1,0,0,0,0,0,0,0,1,0,1,1,0,0,0,0
Vh‹ζ_yβ‚R’–Ϊ,14,0,0,0,1,0,1,0,0,0,0,0,0,0,0,0,0,0,0,9,0,0,1,1,0,0,0,0,0,5,2,4,2,0,0,0,2
Vh‹ζ_yβ‚T’–Ϊ,5,0,0,0,2,0,2,0,0,0,2,0,0,0,2,0,0,0,0,0,0,0,0,0,0,0,0,0,0,0,0,1,0,0,0,0,1
Vh‹ζ_yβ‚U’–Ϊ,15,0,0,0,2,0,2,0,0,0,0,0,0,0,0,0,0,0,0,10,0,0,1,0,0,0,0,0,1,6,2,3,2,0,0,0,1
Vh‹ζ—gκ’¬,6,0,0,0,0,0,0,0,0,0,0,0,0,0,0,0,0,0,0,5,0,0,0,0,0,0,0,0,0,0,5,1,0,1,0,0,0
Vh‹ζ’Γ‹vΛ’¬,5,0,0,0,1,0,0,0,1,0,0,0,0,0,0,0,0,0,0,3,0,0,3,0,0,0,0,0,0,0,0,1,1,0,0,0,0
Vh‹ζ“ά¬’¬,7,0,0,0,3,0,2,1,0,0,0,0,0,0,0,0,0,0,0,1,0,0,0,0,0,0,0,0,0,1,0,3,0,1,0,0,2
Vh‹ζΌά¬’¬,9,2,0,2,1,0,1,0,0,0,0,0,0,0,0,0,0,0,0,4,0,0,3,0,0,1,0,0,0,0,0,2,1,0,0,0,1
Vh‹ζΤι³’¬,3,0,0,0,1,0,0,0,1,0,0,0,0,0,0,0,0,0,0,2,0,0,2,0,0,0,0,0,0,0,0,0,0,0,0,0,0
Vh‹ζ“μ‰|’¬,8,0,0,0,2,0,0,2,0,0,0,0,0,0,0,0,0,0,0,4,0,0,3,0,0,0,0,0,0,0,1,2,0,0,0,0,2
Vh‹ζ‘ά’¬,2,0,0,0,0,0,0,0,0,0,0,0,0,0,0,0,0,0,0,2,0,0,1,0,1,0,0,0,0,0,0,0,0,0,0,0,0
Vh‹ζ•¥•ϋ’¬,1,0,0,0,1,0,0,1,0,0,0,0,0,0,0,0,0,0,0,0,0,0,0,0,0,0,0,0,0,0,0,0,0,0,0,0,0
Vh‹ζ“μ’¬,2,0,0,0,1,0,1,0,0,0,0,0,0,0,0,0,0,0,0,0,0,0,0,0,0,0,0,0,0,0,0,1,1,0,0,0,0
Vh‹ζ–k’¬,2,0,0,0,2,0,2,0,0,0,0,0,0,0,0,0,0,0,0,0,0,0,0,0,0,0,0,0,0,0,0,0,0,0,0,0,0
Vh‹ζ”[Λ’¬,3,1,0,1,0,0,0,0,0,0,0,0,0,0,0,0,0,0,0,0,0,0,0,0,0,0,0,0,0,0,0,2,1,0,0,0,1
Vh‹ζ”’‹β’¬,1,0,0,0,1,0,0,1,0,0,0,0,0,0,0,0,0,0,0,0,0,0,0,0,0,0,0,0,0,0,0,0,0,0,0,0,0
Vh‹ζ‰Ί‹{”δ’¬,9,0,0,0,1,0,1,0,0,0,0,0,0,0,0,0,0,0,0,6,0,0,4,0,0,0,0,0,0,1,1,2,1,0,0,0,1
Vh‹ζ–ξ—’¬,18,0,0,0,4,0,3,1,0,0,1,0,0,0,0,1,0,0,0,8,0,0,5,0,0,0,0,0,0,0,3,5,0,0,0,0,5
Vh‹ζα‹{’¬,1,0,0,0,0,0,0,0,0,0,0,0,0,0,0,0,0,0,0,1,0,0,1,0,0,0,0,0,0,0,0,0,0,0,0,0,0
Vh‹ζβΛ’¬,2,0,0,0,0,0,0,0,0,0,0,0,0,0,0,0,0,0,0,2,0,0,0,0,0,0,0,0,0,1,1,0,0,0,0,0,0
Vh‹ζ’†’¬,2,0,0,0,0,0,0,0,0,0,0,0,0,0,0,0,0,0,0,2,0,0,1,0,0,0,0,0,0,0,1,0,0,0,0,0,0
Vh‹ζ’\y’¬,5,0,0,0,0,0,0,0,0,0,0,0,0,0,0,0,0,0,0,3,0,0,1,0,0,0,0,0,0,0,2,2,0,0,0,0,2
Vh‹ζ‰΅›’¬,5,0,0,0,1,0,1,0,0,0,0,0,0,0,0,0,0,0,0,3,0,0,2,0,0,0,0,0,0,0,1,1,0,0,0,0,1
Vh‹ζ’}“y”ª”¦’¬,1,0,0,0,1,0,1,0,0,0,0,0,0,0,0,0,0,0,0,0,0,0,0,0,0,0,0,0,0,0,0,0,0,0,0,0,0
Vh‹ζ_y‰Νέ,5,0,0,0,0,0,0,0,0,0,0,0,0,0,0,0,0,0,0,3,0,0,1,0,0,0,0,0,0,2,0,2,0,0,0,0,2
Vh‹ζs’J–ς‰¤›’¬,9,0,0,0,6,0,3,1,2,0,0,0,0,0,0,0,0,0,0,2,0,0,2,0,0,0,0,0,0,0,0,1,0,0,0,0,1
Vh‹ζs’J–φ’¬,8,0,0,0,1,0,1,0,0,0,0,0,0,0,0,0,0,0,0,7,0,0,3,0,0,0,0,0,0,3,1,0,0,0,0,0,0
Vh‹ζΤι‰Ί’¬,3,0,0,0,0,0,0,0,0,0,0,0,0,0,0,0,0,0,0,1,0,0,1,0,0,0,0,0,0,0,0,2,2,0,0,0,0
Vh‹ζ“V_’¬,4,0,0,0,0,0,0,0,0,0,0,0,0,0,0,0,0,0,0,3,0,0,3,0,0,0,0,0,0,0,0,1,0,0,0,0,1
Vh‹ζ‰|’¬,4,0,0,0,1,0,0,1,0,0,0,0,0,0,0,0,0,0,0,1,0,0,0,0,0,0,0,0,0,0,1,2,1,0,0,0,1
Vh‹ζ“‰|’¬,4,0,0,0,2,0,2,0,0,0,0,0,0,0,0,0,0,0,0,1,0,0,1,0,0,0,0,0,0,0,0,1,1,0,0,0,0
Vh‹ζ‘ξ“c’¬,10,0,0,0,2,0,1,1,0,0,0,0,0,0,0,0,0,0,0,7,0,0,5,0,0,0,0,0,0,0,2,1,1,0,0,0,0
Vh‹ζ‘ξ“c“μ’¬,9,0,0,0,5,0,4,0,1,0,0,0,0,0,0,0,0,0,0,1,0,0,0,0,0,0,0,0,0,0,1,3,1,0,0,0,2
Vh‹ζ”nκ‰Ί’¬,9,0,0,0,1,0,0,1,0,0,0,0,0,0,0,0,0,0,0,4,0,0,2,0,0,0,0,0,0,0,2,4,3,1,0,0,0
Vh‹ζ΄’¬‚P’–Ϊ,9,0,0,0,4,0,4,0,0,0,0,0,0,0,0,0,0,0,0,3,0,0,1,0,0,0,0,0,0,2,0,2,1,0,0,0,1
Vh‹ζ΄’¬‚Q’–Ϊ,8,0,0,0,1,0,0,0,1,0,0,0,0,0,0,0,0,0,0,5,0,0,2,0,0,0,0,0,0,0,3,2,1,0,0,0,1
Vh‹ζ΄’¬‚R’–Ϊ,5,1,0,1,1,0,1,0,0,0,0,0,0,0,0,0,0,0,0,2,0,0,1,0,0,0,0,0,0,1,0,1,1,0,0,0,0
Vh‹ζμ‹vδ’¬,12,0,0,0,4,0,1,2,1,0,1,0,0,0,0,1,0,0,0,2,0,1,0,0,0,0,0,0,0,1,0,5,1,0,0,0,4
Vh‹ζ’z’n’¬,1,0,0,0,0,0,0,0,0,0,0,0,0,0,0,0,0,0,0,1,0,0,1,0,0,0,0,0,0,0,0,0,0,0,0,0,0
Vh‹ζ•Ω“V’¬,15,0,0,0,6,0,3,3,0,0,0,0,0,0,0,0,0,0,0,2,0,0,1,0,0,0,0,0,0,0,1,7,1,0,0,0,6
Vh‹ζ’†—Ά’¬,2,0,0,0,1,0,1,0,0,0,0,0,0,0,0,0,0,0,0,0,0,0,0,0,0,0,0,0,0,0,0,1,1,0,0,0,0
Vh‹ζR’¬,19,1,0,1,8,0,5,3,0,0,1,0,0,0,0,1,0,0,0,5,0,0,3,0,0,0,0,0,0,0,2,4,3,0,0,0,1
Vh‹ζ‰ό‘γ’¬,1,0,0,0,1,0,0,1,0,0,0,0,0,0,0,0,0,0,0,0,0,0,0,0,0,0,0,0,0,0,0,0,0,0,0,0,0
Vh‹ζ…“Ή’¬,7,0,0,0,2,0,1,1,0,0,0,0,0,0,0,0,0,0,0,3,0,0,1,0,0,0,0,0,0,2,0,2,0,1,0,0,1
Vh‹ζ‘ξ“c’ίª’¬,41,0,0,0,10,0,7,2,1,0,1,0,0,0,0,1,0,0,0,18,0,0,14,0,0,1,0,0,0,0,3,12,5,2,0,0,5
Vh‹ζZ‹g’¬,38,1,1,0,5,0,3,1,1,0,1,0,0,0,0,1,0,0,0,26,0,0,10,0,0,0,1,0,0,11,4,5,3,0,0,0,2
Vh‹ζs’J‘δ’¬,7,0,0,0,5,0,3,1,1,0,0,0,0,0,0,0,0,0,0,1,0,0,0,0,0,1,0,0,0,0,0,1,0,0,0,0,1
Vh‹ζαΌ’¬,55,1,0,1,24,0,13,9,2,0,0,0,0,0,0,0,0,0,0,21,0,0,12,0,0,1,0,0,0,2,6,9,4,1,0,0,4
Vh‹ζΛR‚P’–Ϊ,20,0,0,0,4,0,1,2,1,0,1,0,0,0,0,1,0,0,0,12,0,0,2,0,0,0,0,0,0,1,9,3,1,0,0,0,2
Vh‹ζΛR‚Q’–Ϊ,27,0,0,0,7,0,4,2,0,1,1,0,0,0,0,1,0,0,0,17,0,0,10,1,0,0,0,0,0,0,6,2,1,0,0,0,1
Vh‹ζΛR‚R’–Ϊ,14,0,0,0,2,0,0,2,0,0,0,0,0,0,0,0,0,0,0,9,0,0,1,2,1,0,0,0,0,2,3,3,2,0,0,0,1
Vh‹ζ—]’’¬,36,3,0,3,15,0,8,3,4,0,0,0,0,0,0,0,0,0,0,16,0,0,11,0,0,0,0,0,0,0,5,2,1,0,0,0,1
Vh‹ζ•Sl’¬‚P’–Ϊ,153,2,1,1,25,0,13,11,0,1,1,0,0,0,1,0,0,0,0,78,0,2,27,3,0,0,3,0,1,6,36,47,5,4,1,0,37
Vh‹ζ•Sl’¬‚Q’–Ϊ,123,3,0,3,13,0,7,6,0,0,8,1,0,1,4,2,0,0,0,71,0,0,32,5,0,0,0,0,2,11,21,28,12,4,0,0,12
Vh‹ζ•Sl’¬‚R’–Ϊ,26,1,0,1,0,0,0,0,0,0,0,0,0,0,0,0,0,0,0,14,0,0,7,0,0,0,0,0,1,0,6,11,3,2,1,0,5
Vh‹ζ•Sl’¬‚S’–Ϊ,34,1,0,1,1,0,0,1,0,0,0,0,0,0,0,0,0,0,0,10,0,0,8,0,0,0,0,0,0,0,2,22,22,0,0,0,0
Vh‹ζΛ’Λ’¬‚P’–Ϊ,8,0,0,0,1,0,0,0,1,0,1,0,0,0,0,0,0,0,1,4,0,0,3,0,1,0,0,0,0,0,0,2,0,1,0,0,1
Vh‹ζ‰Ί—‡‚P’–Ϊ,22,2,1,1,2,0,2,0,0,0,0,0,0,0,0,0,0,0,0,9,0,0,3,0,0,1,0,0,0,0,5,9,2,3,0,0,4
Vh‹ζ‰Ί—‡‚Q’–Ϊ,16,0,0,0,3,0,1,1,1,0,0,0,0,0,0,0,0,0,0,9,0,0,4,0,0,0,0,0,0,0,5,4,2,0,0,0,2
Vh‹ζ‰Ί—‡‚R’–Ϊ,22,0,0,0,4,0,2,1,1,0,0,0,0,0,0,0,0,0,0,13,0,0,7,1,0,0,0,1,0,2,2,5,1,1,0,0,3
Vh‹ζ‰Ί—‡‚S’–Ϊ,22,0,0,0,2,0,0,1,1,0,0,0,0,0,0,0,0,0,0,14,0,0,6,0,0,0,0,0,0,2,6,6,2,0,0,0,4
Vh‹ζ’†—‡‚P’–Ϊ,23,0,0,0,3,0,2,1,0,0,0,0,0,0,0,0,0,0,0,15,0,1,9,0,0,0,0,0,0,0,5,5,4,0,0,0,1
Vh‹ζ’†—‡‚Q’–Ϊ,18,0,0,0,2,0,1,1,0,0,0,0,0,0,0,0,0,0,0,5,0,1,1,0,0,0,0,0,0,0,3,11,5,1,0,0,5
Vh‹ζ’†—‡‚R’–Ϊ,13,0,0,0,0,0,0,0,0,0,0,0,0,0,0,0,0,0,0,7,0,0,4,0,0,0,0,0,0,0,3,6,4,1,0,0,1
Vh‹ζ’†—‡‚S’–Ϊ,4,0,0,0,0,0,0,0,0,0,0,0,0,0,0,0,0,0,0,3,0,0,1,1,0,0,0,0,0,0,1,1,1,0,0,0,0
Vh‹ζγ—‡‚P’–Ϊ,27,0,0,0,2,0,1,1,0,0,1,0,0,0,0,1,0,0,0,17,0,0,13,1,0,0,0,0,0,0,3,7,5,1,0,0,1
Vh‹ζγ—‡‚Q’–Ϊ,31,0,0,0,3,0,1,1,1,0,0,0,0,0,0,0,0,0,0,17,0,0,8,3,0,0,0,1,0,2,3,11,4,1,0,0,6
Vh‹ζγ—‡‚R’–Ϊ,30,0,0,0,2,0,2,0,0,0,1,0,0,0,0,1,0,0,0,20,0,1,10,1,0,0,0,1,0,5,2,7,2,0,0,0,5
Vh‹ζΌ—‡‚P’–Ϊ,20,2,1,1,2,0,0,0,2,0,0,0,0,0,0,0,0,0,0,10,0,0,5,0,0,0,0,0,0,2,3,6,3,0,0,0,3
Vh‹ζΌ—‡‚Q’–Ϊ,18,0,0,0,0,0,0,0,0,0,1,0,0,0,0,0,0,0,1,13,0,0,9,0,0,1,0,0,0,0,3,4,2,0,0,0,2
Vh‹ζΌ—‡‚R’–Ϊ,18,1,1,0,3,0,2,0,1,0,0,0,0,0,0,0,0,0,0,8,0,1,5,0,0,0,0,0,0,1,1,6,3,1,0,0,2
Vh‹ζΌ—‡‚S’–Ϊ,9,0,0,0,2,0,0,1,1,0,0,0,0,0,0,0,0,0,0,4,0,0,4,0,0,0,0,0,0,0,0,3,1,1,0,0,1
Vh‹ζ’†δ‚P’–Ϊ,9,0,0,0,2,0,2,0,0,0,0,0,0,0,0,0,0,0,0,4,0,0,1,0,0,0,0,0,0,0,3,3,1,0,0,0,2
Vh‹ζ’†δ‚Q’–Ϊ,7,0,0,0,1,0,1,0,0,0,0,0,0,0,0,0,0,0,0,3,0,1,1,0,0,0,0,0,0,0,1,3,0,0,0,0,3
Vh‹ζ–kVh‚P’–Ϊ,63,2,0,2,12,0,5,4,3,0,2,0,0,0,0,1,0,1,0,34,0,1,18,2,0,0,1,0,0,1,11,13,4,4,0,0,5
Vh‹ζ–kVh‚Q’–Ϊ,40,0,0,0,7,0,2,4,0,1,2,0,0,1,0,1,0,0,0,23,0,0,11,1,0,0,0,0,0,0,11,8,3,2,0,0,3
Vh‹ζ–kVh‚R’–Ϊ,44,0,0,0,9,0,6,2,1,0,3,0,0,0,1,2,0,0,0,22,1,2,11,0,0,0,0,0,0,1,7,10,2,2,0,0,6
Vh‹ζ–kVh‚S’–Ϊ,23,0,0,0,1,0,0,1,0,0,2,0,0,0,0,1,1,0,0,14,0,0,9,1,0,0,0,1,0,0,3,6,2,0,0,0,4
Vh‹ζΌVh‚P’–Ϊ,349,2,0,2,61,0,42,17,2,0,4,0,0,0,4,0,0,0,0,196,0,0,42,0,0,0,8,0,10,83,53,86,28,16,3,0,39
Vh‹ζΌVh‚Q’–Ϊ,127,0,0,0,8,0,6,2,0,0,0,0,0,0,0,0,0,0,0,32,0,0,8,4,0,0,0,0,0,1,19,87,41,2,5,0,39
Vh‹ζΌVh‚R’–Ϊ,54,0,0,0,7,0,4,3,0,0,0,0,0,0,0,0,0,0,0,34,0,0,14,0,0,0,0,0,0,7,13,13,4,2,1,0,6
Vh‹ζΌVh‚S’–Ϊ,35,0,0,0,6,0,5,1,0,0,2,0,0,0,1,1,0,0,0,15,0,0,11,0,0,0,0,0,0,1,3,12,4,2,0,0,6
Vh‹ζΌVh‚T’–Ϊ,28,1,0,1,7,0,6,0,0,1,1,0,0,0,0,1,0,0,0,12,0,0,3,0,0,1,1,0,0,0,7,7,1,1,0,0,5
Vh‹ζΌVh‚U’–Ϊ,67,0,0,0,9,0,3,3,3,0,3,0,0,0,1,2,0,0,0,32,0,0,13,0,0,0,2,0,4,1,12,23,10,4,2,0,7
Vh‹ζΌVh‚V’–Ϊ,98,2,0,2,12,0,5,6,1,0,1,0,0,0,0,1,0,0,0,59,0,0,26,0,1,0,0,1,4,3,24,24,8,4,1,0,11
Vh‹ζΌVh‚W’–Ϊ,31,0,0,0,3,0,2,1,0,0,1,0,0,0,0,1,0,0,0,13,0,0,4,0,0,1,0,0,1,3,4,14,3,4,0,0,7
Vh‹ζΌ‘ξ“c‚P’–Ϊ,29,0,0,0,3,0,1,1,1,0,0,0,0,0,0,0,0,0,0,18,0,2,7,0,0,0,0,0,0,1,8,8,2,0,0,0,6
Vh‹ζΌ‘ξ“c‚Q’–Ϊ,34,0,0,0,7,0,2,4,1,0,1,0,0,0,0,1,0,0,0,20,0,1,7,2,0,0,0,0,0,0,10,6,1,1,0,0,4
Vh‹ζΌ‘ξ“c‚R’–Ϊ,22,0,0,0,1,0,1,0,0,0,0,0,0,0,0,0,0,0,0,17,0,0,11,1,0,1,0,0,0,1,3,4,2,1,0,0,1
Vh‹ζ‚“c”nκ‚P’–Ϊ,152,2,0,2,22,0,11,7,3,1,2,0,0,2,0,0,0,0,0,87,0,1,21,2,0,0,1,0,2,35,25,39,2,5,1,0,31
Vh‹ζ‚“c”nκ‚Q’–Ϊ,58,1,1,0,5,0,2,3,0,0,0,0,0,0,0,0,0,0,0,37,0,0,13,0,0,0,0,0,0,6,18,15,3,1,0,0,11
Vh‹ζ‚“c”nκ‚R’–Ϊ,60,3,1,2,10,0,4,6,0,0,0,0,0,0,0,0,0,0,0,33,0,0,16,0,0,1,0,0,0,3,13,14,5,0,1,0,8
Vh‹ζ‚“c”nκ‚S’–Ϊ,47,0,0,0,7,0,4,3,0,0,1,0,0,0,0,1,0,0,0,25,0,0,15,0,0,0,0,0,0,1,9,14,5,0,0,0,9
Vh‹ζ‘ε‹v•Ϋ‚P’–Ϊ,116,4,0,4,16,0,9,6,0,1,3,0,0,0,1,1,0,1,0,67,0,0,21,0,0,0,0,0,0,26,20,26,4,3,0,0,19
Vh‹ζ‘ε‹v•Ϋ‚Q’–Ϊ,101,1,0,1,9,0,4,4,1,0,3,0,0,0,0,2,1,0,0,65,0,2,26,5,1,0,0,0,1,5,25,23,2,6,1,0,14
Vh‹ζ‘ε‹v•Ϋ‚R’–Ϊ,56,0,0,0,5,0,2,1,2,0,2,0,0,0,0,2,0,0,0,38,0,1,23,3,0,0,1,0,1,2,7,11,3,1,0,0,7
Vh‹ζ‰Μ•‘κ’¬‚P’–Ϊ,839,15,3,12,130,0,82,41,3,4,18,1,0,1,15,0,0,0,1,500,1,2,48,8,0,0,26,4,39,150,222,176,50,27,5,4,90
Vh‹ζ‰Μ•‘κ’¬‚Q’–Ϊ,535,41,9,32,105,0,53,42,4,6,17,1,0,0,13,1,0,0,2,266,0,8,67,5,2,0,15,7,8,9,145,106,17,26,2,1,60
Vh‹ζV¬μ’¬,14,1,0,1,3,0,1,1,1,0,0,0,0,0,0,0,0,0,0,5,0,0,1,0,0,1,0,0,0,2,1,5,1,1,0,0,3
Vh‹ζ•x‹v’¬,53,1,0,1,11,0,7,3,1,0,0,0,0,0,0,0,0,0,0,21,0,0,13,1,0,1,0,0,0,5,1,20,7,1,0,0,12
Vh‹ζ‰Ν“c’¬,29,0,0,0,7,0,5,2,0,0,0,0,0,0,0,0,0,0,0,14,0,0,6,1,0,0,0,0,0,1,6,8,2,2,0,0,4
Vh‹ζs’J’‡”V’¬,3,0,0,0,1,0,1,0,0,0,0,0,0,0,0,0,0,0,0,1,0,0,1,0,0,0,0,0,0,0,0,1,0,1,0,0,0
Vh‹ζs’Jb—Η’¬,4,0,0,0,3,0,3,0,0,0,0,0,0,0,0,0,0,0,0,1,0,0,0,0,0,0,0,0,0,0,1,0,0,0,0,0,0
Vh‹ζs’JR•’¬,1,0,0,0,1,0,0,1,0,0,0,0,0,0,0,0,0,0,0,0,0,0,0,0,0,0,0,0,0,0,0,0,0,0,0,0,0
Vh‹ζΧH’¬,4,0,0,0,0,0,0,0,0,0,0,0,0,0,0,0,0,0,0,3,0,0,1,0,0,0,0,0,0,0,2,1,1,0,0,0,0
Vh‹ζ“ρ\‹R’¬,1,0,0,0,1,0,0,1,0,0,0,0,0,0,0,0,0,0,0,0,0,0,0,0,0,0,0,0,0,0,0,0,0,0,0,0,0
Vh‹ζ“μR•’¬,10,0,0,0,1,0,0,0,1,0,3,0,0,0,0,1,0,0,2,1,0,0,1,0,0,0,0,0,0,0,0,5,1,0,0,0,4
Vh‹ζ–kR•’¬,5,0,0,0,0,0,0,0,0,0,0,0,0,0,0,0,0,0,0,3,0,0,1,0,0,0,0,0,0,2,0,2,1,0,0,0,1
Vh‹ζl’Jβ’¬,11,0,0,0,1,0,1,0,0,0,0,0,0,0,0,0,0,0,0,5,0,0,2,0,0,1,0,0,0,0,2,5,0,0,0,0,5
Vh‹ζl’J–{‰–’¬,5,0,0,0,1,0,0,0,1,0,0,0,0,0,0,0,0,0,0,2,0,0,1,0,0,0,0,0,0,0,1,2,0,0,1,0,1
Vh‹ζl’JO‰h’¬,8,0,0,0,1,0,0,1,0,0,1,0,0,0,1,0,0,0,0,4,0,0,3,1,0,0,0,0,0,0,0,2,1,0,0,0,1
Vh‹ζv,6025,123,31,92,940,0,534,318,66,22,146,7,0,10,50,43,2,3,31,3370,4,33,961,70,7,16,140,16,126,804,1193,1446,432,192,37,5,780
•¶‹‹ζγy‚P’–Ϊ,78,1,0,1,12,0,6,4,2,0,0,0,0,0,0,0,0,0,0,25,0,1,5,0,0,0,1,0,5,2,11,40,26,2,0,0,12
•¶‹‹ζγy‚Q’–Ϊ,6,0,0,0,1,0,1,0,0,0,0,0,0,0,0,0,0,0,0,3,0,0,1,0,0,0,0,0,0,0,2,2,1,0,0,0,1
•¶‹‹ζt“ϊ‚P’–Ϊ,61,0,0,0,8,0,4,4,0,0,0,0,0,0,0,0,0,0,0,36,0,0,9,0,0,0,1,0,2,13,11,17,6,0,2,0,9
•¶‹‹ζt“ϊ‚Q’–Ϊ,16,0,0,0,1,0,0,1,0,0,5,0,0,0,0,5,0,0,0,4,0,0,0,1,0,0,0,0,0,0,3,6,5,0,0,0,1
•¶‹‹ζ¬Ξμ‚P’–Ϊ,25,1,0,1,1,0,1,0,0,0,0,0,0,0,0,0,0,0,0,14,0,0,5,0,0,0,0,0,0,2,7,9,5,2,0,0,2
•¶‹‹ζ¬Ξμ‚Q’–Ϊ,9,0,0,0,0,0,0,0,0,0,0,0,0,0,0,0,0,0,0,4,0,0,3,0,0,0,0,0,0,0,1,5,2,0,2,0,1
•¶‹‹ζ¬Ξμ‚R’–Ϊ,11,1,0,1,0,0,0,0,0,0,0,0,0,0,0,0,0,0,0,5,0,0,3,1,0,0,0,0,0,1,0,5,4,0,0,0,1
•¶‹‹ζ¬Ξμ‚S’–Ϊ,9,0,0,0,0,0,0,0,0,0,0,0,0,0,0,0,0,0,0,5,0,0,2,0,0,0,0,0,0,1,2,4,2,0,0,0,2
•¶‹‹ζ¬Ξμ‚T’–Ϊ,25,0,0,0,2,0,2,0,0,0,0,0,0,0,0,0,0,0,0,15,0,1,10,0,0,0,0,0,0,0,4,8,4,0,0,0,4
•¶‹‹ζ”’R‚P’–Ϊ,17,1,0,1,3,0,1,1,1,0,0,0,0,0,0,0,0,0,0,7,0,0,4,0,0,0,0,0,0,1,2,6,3,1,0,0,2
•¶‹‹ζ”’R‚Q’–Ϊ,13,0,0,0,0,0,0,0,0,0,0,0,0,0,0,0,0,0,0,6,0,0,5,0,0,0,0,0,0,0,1,7,4,0,0,0,3
•¶‹‹ζ”’R‚R’–Ϊ,4,0,0,0,0,0,0,0,0,0,1,0,0,1,0,0,0,0,0,2,0,0,0,1,0,0,0,0,0,0,1,1,1,0,0,0,0
•¶‹‹ζ”’R‚S’–Ϊ,7,0,0,0,1,0,0,1,0,0,1,0,0,0,0,0,0,0,1,2,0,0,1,0,0,1,0,0,0,0,0,3,3,0,0,0,0
•¶‹‹ζ”’R‚T’–Ϊ,43,0,0,0,7,0,4,1,1,1,1,1,0,0,0,0,0,0,0,24,0,0,14,0,0,0,1,0,0,2,7,11,5,4,0,0,2
•¶‹‹ζηΞ‚P’–Ϊ,14,0,0,0,4,0,3,1,0,0,0,0,0,0,0,0,0,0,0,8,0,0,5,1,0,0,1,0,0,0,1,2,1,0,0,0,1
•¶‹‹ζηΞ‚Q’–Ϊ,11,0,0,0,0,0,0,0,0,0,0,0,0,0,0,0,0,0,0,6,0,0,5,1,0,0,0,0,0,0,0,5,4,0,0,0,1
•¶‹‹ζηΞ‚R’–Ϊ,14,0,0,0,0,0,0,0,0,0,0,0,0,0,0,0,0,0,0,8,0,0,8,0,0,0,0,0,0,0,0,6,3,0,0,0,3
•¶‹‹ζηΞ‚S’–Ϊ,22,0,0,0,1,0,1,0,0,0,0,0,0,0,0,0,0,0,0,14,0,0,7,1,0,0,0,0,0,2,4,7,2,1,0,0,4
•¶‹‹ζ…“Ή‚P’–Ϊ,8,0,0,0,2,0,0,1,1,0,0,0,0,0,0,0,0,0,0,3,0,0,0,0,0,0,0,0,0,1,2,3,1,0,0,0,2
•¶‹‹ζ…“Ή‚Q’–Ϊ,8,0,0,0,2,0,1,1,0,0,1,0,0,0,0,1,0,0,0,3,0,0,3,0,0,0,0,0,0,0,0,2,0,0,0,0,2
•¶‹‹ζ¬“ϊό‚P’–Ϊ,9,2,0,2,0,0,0,0,0,0,0,0,0,0,0,0,0,0,0,3,0,0,1,0,0,0,0,0,0,0,2,4,4,0,0,0,0
•¶‹‹ζ¬“ϊό‚Q’–Ϊ,2,0,0,0,0,0,0,0,0,0,0,0,0,0,0,0,0,0,0,1,0,0,1,0,0,0,0,0,0,0,0,1,1,0,0,0,0
•¶‹‹ζ¬“ϊό‚R’–Ϊ,4,0,0,0,0,0,0,0,0,0,0,0,0,0,0,0,0,0,0,1,0,0,0,0,0,0,0,0,1,0,0,3,2,0,0,0,1
•¶‹‹ζ¬“ϊό‚S’–Ϊ,14,0,0,0,3,0,1,2,0,0,0,0,0,0,0,0,0,0,0,6,0,0,3,0,0,0,0,0,0,2,1,5,0,0,0,0,5
•¶‹‹ζ‘ε’Λ‚P’–Ϊ,15,0,0,0,2,0,1,0,1,0,0,0,0,0,0,0,0,0,0,6,0,0,4,0,0,0,0,0,1,1,0,7,1,2,0,0,4
•¶‹‹ζ‘ε’Λ‚Q’–Ϊ,14,0,0,0,0,0,0,0,0,0,2,0,0,0,0,0,0,2,0,2,0,0,0,1,0,0,0,0,1,0,0,10,8,0,0,0,2
•¶‹‹ζ‘ε’Λ‚R’–Ϊ,28,0,0,0,1,0,1,0,0,0,0,0,0,0,0,0,0,0,0,15,0,0,7,1,0,0,0,0,0,1,6,12,11,1,0,0,0
•¶‹‹ζ‘ε’Λ‚S’–Ϊ,17,0,0,0,3,0,1,2,0,0,0,0,0,0,0,0,0,0,0,9,0,0,4,1,0,0,0,0,1,1,2,5,2,0,0,0,3
•¶‹‹ζ‘ε’Λ‚T’–Ϊ,20,0,0,0,3,0,3,0,0,0,0,0,0,0,0,0,0,0,0,11,0,0,7,0,0,0,0,0,0,0,4,6,6,0,0,0,0
•¶‹‹ζ‘ε’Λ‚U’–Ϊ,23,0,0,0,0,0,0,0,0,0,0,0,0,0,0,0,0,0,0,13,0,0,8,0,0,0,0,0,0,3,2,10,4,0,0,0,6
•¶‹‹ζΦϋ‚P’–Ϊ,50,0,0,0,5,0,2,3,0,0,0,0,0,0,0,0,0,0,0,27,0,0,16,0,0,0,1,0,1,3,6,18,8,1,0,0,9
•¶‹‹ζΦϋ‚Q’–Ϊ,4,0,0,0,0,0,0,0,0,0,0,0,0,0,0,0,0,0,0,2,0,0,1,0,0,0,0,0,1,0,0,2,1,0,0,0,1
•¶‹‹ζΦϋ‚R’–Ϊ,4,0,0,0,0,0,0,0,0,0,0,0,0,0,0,0,0,0,0,1,0,0,0,1,0,0,0,0,0,0,0,3,1,1,0,0,1
•¶‹‹ζ–Ϊ”’‘δ‚P’–Ϊ,6,0,0,0,0,0,0,0,0,0,0,0,0,0,0,0,0,0,0,4,0,0,3,0,0,0,0,0,0,0,1,2,1,0,0,0,1
•¶‹‹ζ–Ϊ”’‘δ‚Q’–Ϊ,9,1,0,1,0,0,0,0,0,0,1,0,0,0,0,1,0,0,0,5,0,0,0,2,0,0,0,0,0,0,3,2,1,1,0,0,0
•¶‹‹ζ–Ϊ”’‘δ‚R’–Ϊ,9,0,0,0,0,0,0,0,0,0,0,0,0,0,0,0,0,0,0,2,0,0,1,0,0,0,0,0,1,0,0,7,5,1,0,0,1
•¶‹‹ζ‰Ή‰H‚P’–Ϊ,18,0,0,0,3,0,1,1,0,1,0,0,0,0,0,0,0,0,0,7,0,0,2,0,0,0,0,0,0,1,4,8,8,0,0,0,0
•¶‹‹ζ‰Ή‰H‚Q’–Ϊ,13,0,0,0,3,0,1,0,2,0,0,0,0,0,0,0,0,0,0,3,0,0,1,0,0,0,0,0,0,1,1,7,4,1,1,0,1
•¶‹‹ζ–{‹½‚P’–Ϊ,29,0,0,0,3,0,2,1,0,0,1,0,0,0,0,0,0,0,1,20,0,0,5,0,0,3,0,0,0,5,7,5,2,0,0,0,3
•¶‹‹ζ–{‹½‚Q’–Ϊ,28,0,0,0,2,0,1,1,0,0,0,0,0,0,0,0,0,0,0,17,0,0,10,0,0,1,1,0,1,3,1,9,4,1,0,0,4
•¶‹‹ζ–{‹½‚R’–Ϊ,33,1,1,0,4,0,1,3,0,0,1,0,0,0,1,0,0,0,0,20,0,0,12,0,0,0,0,0,0,1,7,7,2,0,2,0,3
•¶‹‹ζ–{‹½‚S’–Ϊ,25,1,0,1,2,0,0,2,0,0,0,0,0,0,0,0,0,0,0,13,0,0,6,3,0,0,0,0,0,3,1,9,4,1,0,0,4
•¶‹‹ζ–{‹½‚T’–Ϊ,13,0,0,0,0,0,0,0,0,0,0,0,0,0,0,0,0,0,0,7,0,0,7,0,0,0,0,0,0,0,0,6,4,0,0,0,2
•¶‹‹ζ–{‹½‚U’–Ϊ,9,0,0,0,0,0,0,0,0,0,1,0,0,0,1,0,0,0,0,7,0,0,2,0,0,0,0,0,0,3,2,1,0,0,0,0,1
•¶‹‹ζ–{‹½‚V’–Ϊ,29,1,0,1,3,0,1,1,1,0,1,0,0,0,1,0,0,0,0,18,0,0,12,0,0,0,0,0,0,1,5,6,2,1,0,0,3
•¶‹‹ζ“’“‡‚P’–Ϊ,18,0,0,0,3,0,2,1,0,0,0,0,0,0,0,0,0,0,0,9,0,0,1,0,2,2,0,0,0,0,4,6,1,1,1,0,3
•¶‹‹ζ“’“‡‚Q’–Ϊ,19,1,0,1,2,0,0,1,0,1,1,0,0,1,0,0,0,0,0,12,0,0,11,1,0,0,0,0,0,0,0,3,1,0,0,0,2
•¶‹‹ζ“’“‡‚R’–Ϊ,79,2,0,2,15,0,9,5,1,0,1,0,0,0,1,0,0,0,0,41,0,0,21,1,0,0,1,0,2,1,15,20,3,2,0,0,15
•¶‹‹ζ“’“‡‚S’–Ϊ,5,0,0,0,0,0,0,0,0,0,0,0,0,0,0,0,0,0,0,3,0,0,1,0,0,0,0,0,0,0,2,2,2,0,0,0,0
•¶‹‹ζΌ•Π‚P’–Ϊ,2,0,0,0,0,0,0,0,0,0,0,0,0,0,0,0,0,0,0,2,0,0,2,0,0,0,0,0,0,0,0,0,0,0,0,0,0
•¶‹‹ζΌ•Π‚Q’–Ϊ,5,0,0,0,0,0,0,0,0,0,0,0,0,0,0,0,0,0,0,2,0,0,1,0,0,0,0,0,0,0,1,3,3,0,0,0,0
•¶‹‹ζό‹u‚P’–Ϊ,22,0,0,0,1,0,1,0,0,0,3,0,0,0,3,0,0,0,0,11,0,0,5,1,0,0,2,0,1,0,2,7,4,1,0,0,2
•¶‹‹ζό‹u‚Q’–Ϊ,10,0,0,0,0,0,0,0,0,0,0,0,0,0,0,0,0,0,0,6,0,0,2,0,0,0,0,0,1,0,3,4,4,0,0,0,0
•¶‹‹ζ–ν¶‚P’–Ϊ,7,0,0,0,1,0,1,0,0,0,0,0,0,0,0,0,0,0,0,4,0,0,4,0,0,0,0,0,0,0,0,2,2,0,0,0,0
•¶‹‹ζ–ν¶‚Q’–Ϊ,5,0,0,0,0,0,0,0,0,0,0,0,0,0,0,0,0,0,0,3,0,0,1,1,0,1,0,0,0,0,0,2,0,1,0,0,1
•¶‹‹ζª’Γ‚P’–Ϊ,12,0,0,0,1,0,0,1,0,0,0,0,0,0,0,0,0,0,0,7,0,0,5,0,0,0,1,0,0,0,1,4,2,0,0,0,2
•¶‹‹ζª’Γ‚Q’–Ϊ,13,1,1,0,0,0,0,0,0,0,0,0,0,0,0,0,0,0,0,7,0,0,3,1,0,0,0,0,0,1,2,5,1,0,0,0,4
•¶‹‹ζη‘Κ–Ψ‚P’–Ϊ,4,0,0,0,1,0,1,0,0,0,0,0,0,0,0,0,0,0,0,2,0,0,1,0,0,0,0,0,0,0,1,1,1,0,0,0,0
•¶‹‹ζη‘Κ–Ψ‚Q’–Ϊ,21,1,1,0,2,0,1,1,0,0,1,0,0,0,1,0,0,0,0,13,0,0,5,1,0,0,0,0,0,5,2,4,3,0,0,0,1
•¶‹‹ζη‘Κ–Ψ‚R’–Ϊ,23,0,0,0,1,0,1,0,0,0,0,0,0,0,0,0,0,0,0,11,0,0,8,0,0,0,0,0,0,0,3,11,7,2,0,0,2
•¶‹‹ζη‘Κ–Ψ‚S’–Ϊ,11,0,0,0,1,0,0,0,1,0,0,0,0,0,0,0,0,0,0,9,0,0,4,0,1,0,0,0,0,1,3,1,1,0,0,0,0
•¶‹‹ζη‘Κ–Ψ‚T’–Ϊ,10,0,0,0,0,0,0,0,0,0,0,0,0,0,0,0,0,0,0,7,0,0,1,0,0,0,0,0,0,1,5,3,2,0,1,0,0
•¶‹‹ζ–{‹ξ‚P’–Ϊ,12,0,0,0,1,0,1,0,0,0,0,0,0,0,0,0,0,0,0,4,0,0,4,0,0,0,0,0,0,0,0,7,2,1,0,0,4
•¶‹‹ζ–{‹ξ‚Q’–Ϊ,23,0,0,0,1,0,0,1,0,0,0,0,0,0,0,0,0,0,0,8,0,0,3,0,0,1,0,0,0,2,2,14,6,0,1,0,7
•¶‹‹ζ–{‹ξ‚R’–Ϊ,9,0,0,0,1,0,0,1,0,0,2,0,0,0,0,0,0,0,2,6,0,0,4,0,0,0,0,0,0,0,2,0,0,0,0,0,0
•¶‹‹ζ–{‹ξ‚S’–Ϊ,26,0,0,0,2,0,2,0,0,0,1,0,0,0,0,0,0,0,1,19,0,0,7,0,0,0,0,0,0,10,2,4,3,0,0,0,1
•¶‹‹ζ–{‹ξ‚T’–Ϊ,21,2,0,2,1,0,0,1,0,0,0,0,0,0,0,0,0,0,0,13,0,0,7,0,0,0,0,0,0,0,6,5,2,0,1,0,2
•¶‹‹ζ–{‹ξ‚U’–Ϊ,11,0,0,0,0,0,0,0,0,0,1,0,0,0,0,1,0,0,0,6,0,0,1,0,0,0,0,0,0,3,2,4,4,0,0,0,0
•¶‹‹ζv,1194,17,3,14,116,0,59,43,11,3,26,1,0,2,8,8,0,2,5,619,0,2,305,21,3,9,10,0,19,78,172,416,222,29,11,0,154
‘δ“‹ζ‘δ“‚P’–Ϊ,11,1,0,1,0,0,0,0,0,0,0,0,0,0,0,0,0,0,0,4,0,0,2,0,0,0,0,0,0,0,2,6,0,1,0,0,5
‘δ“‹ζ‘δ“‚Q’–Ϊ,26,1,0,1,6,0,1,4,1,0,0,0,0,0,0,0,0,0,0,12,0,0,9,1,0,1,0,0,0,0,1,7,3,0,0,0,4
‘δ“‹ζ‘δ“‚R’–Ϊ,18,0,0,0,1,0,1,0,0,0,0,0,0,0,0,0,0,0,0,14,0,0,11,0,0,0,0,0,0,0,3,3,2,0,0,0,1
‘δ“‹ζ‘δ“‚S’–Ϊ,30,1,0,1,2,0,1,1,0,0,0,0,0,0,0,0,0,0,0,22,1,0,11,0,0,0,1,0,0,2,7,5,2,2,0,0,1
‘δ“‹ζ–φ‹΄‚P’–Ϊ,23,1,0,1,3,0,2,0,1,0,1,0,0,0,1,0,0,0,0,13,0,0,7,0,1,0,0,0,0,1,4,5,1,0,0,0,4
‘δ“‹ζ–φ‹΄‚Q’–Ϊ,17,0,0,0,1,0,1,0,0,0,1,0,0,0,0,0,0,0,1,10,0,0,8,0,0,0,0,0,0,1,1,5,3,1,0,0,1
‘δ“‹ζσ‘‹΄‚P’–Ϊ,53,0,0,0,9,0,5,4,0,0,0,0,0,0,0,0,0,0,0,37,0,0,17,1,0,3,3,0,1,3,9,7,1,0,0,0,6
‘δ“‹ζσ‘‹΄‚Q’–Ϊ,11,0,0,0,0,0,0,0,0,0,1,0,0,0,0,1,0,0,0,7,0,0,4,0,0,0,0,0,0,0,3,3,1,0,0,0,2
‘δ“‹ζσ‘‹΄‚R’–Ϊ,21,1,1,0,2,0,1,1,0,0,1,0,0,0,0,0,0,0,1,11,0,0,7,0,0,0,0,0,0,1,3,6,1,0,0,0,5
‘δ“‹ζσ‘‹΄‚S’–Ϊ,11,0,0,0,3,0,0,1,1,1,0,0,0,0,0,0,0,0,0,6,0,0,4,0,0,0,0,0,0,0,2,2,2,0,0,0,0
‘δ“‹ζσ‘‹΄‚T’–Ϊ,20,0,0,0,2,0,0,2,0,0,0,0,0,0,0,0,0,0,0,14,0,0,9,0,0,1,0,0,0,0,4,4,0,1,0,0,3
‘δ“‹ζ’Ή‰z‚P’–Ϊ,6,0,0,0,0,0,0,0,0,0,1,0,0,0,0,1,0,0,0,2,0,0,2,0,0,0,0,0,0,0,0,3,1,0,0,0,2
‘δ“‹ζ’Ή‰z‚Q’–Ϊ,8,0,0,0,1,0,0,0,1,0,0,0,0,0,0,0,0,0,0,4,0,1,2,0,0,0,0,0,0,0,1,3,0,0,0,0,3
‘δ“‹ζ‘ ‘O‚P’–Ϊ,8,0,0,0,1,0,1,0,0,0,0,0,0,0,0,0,0,0,0,4,0,0,2,0,0,1,0,0,0,0,1,3,2,1,0,0,0
‘δ“‹ζ‘ ‘O‚Q’–Ϊ,9,0,0,0,1,0,0,0,1,0,0,0,0,0,0,0,0,0,0,6,0,0,2,1,0,0,0,0,0,0,3,2,0,0,0,0,2
‘δ“‹ζ‘ ‘O‚R’–Ϊ,11,0,0,0,1,0,1,0,0,0,0,0,0,0,0,0,0,0,0,9,0,0,7,1,0,1,0,0,0,0,0,1,1,0,0,0,0
‘δ“‹ζ‘ ‘O‚S’–Ϊ,14,0,0,0,0,0,0,0,0,0,0,0,0,0,0,0,0,0,0,11,0,0,6,0,0,2,0,0,0,1,2,3,2,0,0,0,1
‘δ“‹ζ¬“‡‚P’–Ϊ,10,0,0,0,1,0,1,0,0,0,0,0,0,0,0,0,0,0,0,5,0,0,4,0,0,1,0,0,0,0,0,4,2,1,0,0,1
‘δ“‹ζ¬“‡‚Q’–Ϊ,12,0,0,0,1,0,1,0,0,0,0,0,0,0,0,0,0,0,0,11,0,0,8,0,0,0,0,0,0,0,3,0,0,0,0,0,0
‘δ“‹ζO‹Ψ‚P’–Ϊ,11,0,0,0,0,0,0,0,0,0,0,0,0,0,0,0,0,0,0,8,0,0,5,0,0,1,0,0,0,0,2,3,1,0,0,0,2
‘δ“‹ζO‹Ψ‚Q’–Ϊ,10,0,0,0,1,0,0,1,0,0,0,0,0,0,0,0,0,0,0,8,0,0,6,0,0,0,0,0,0,0,2,1,0,0,0,0,1
‘δ“‹ζH—t΄,4,0,0,0,2,0,1,1,0,0,0,0,0,0,0,0,0,0,0,1,0,0,1,0,0,0,0,0,0,0,0,1,1,0,0,0,0
‘δ“‹ζγ–μ‚P’–Ϊ,21,0,0,0,1,0,1,0,0,0,0,0,0,0,0,0,0,0,0,11,0,0,3,1,0,0,0,0,0,2,5,9,3,1,1,0,4
‘δ“‹ζγ–μ‚Q’–Ϊ,93,1,0,1,19,0,8,10,0,1,1,0,0,0,1,0,0,0,0,54,0,0,3,1,0,0,2,0,1,11,36,18,6,3,0,0,9
‘δ“‹ζγ–μ‚R’–Ϊ,118,1,1,0,5,0,3,2,0,0,3,0,0,1,2,0,0,0,0,99,0,0,17,2,0,0,0,0,2,67,11,10,1,1,1,0,7
‘δ“‹ζγ–μ‚S’–Ϊ,122,2,0,2,9,0,3,6,0,0,2,0,0,1,1,0,0,0,0,93,0,0,14,0,0,0,3,0,0,45,31,16,8,2,0,0,6
‘δ“‹ζγ–μ‚T’–Ϊ,79,0,0,0,12,0,9,3,0,0,2,0,0,1,1,0,0,0,0,45,0,1,11,1,0,0,1,0,3,3,25,20,5,1,1,0,13
‘δ“‹ζγ–μ‚U’–Ϊ,178,4,0,4,18,0,9,8,0,1,6,0,0,0,6,0,0,0,0,123,0,0,14,3,0,0,1,0,8,39,58,27,1,5,1,0,20
‘δ“‹ζγ–μ‚V’–Ϊ,157,2,2,0,32,0,22,10,0,0,1,0,0,1,0,0,0,0,0,94,0,0,37,1,0,0,3,0,9,12,32,28,3,6,0,0,19
‘δ“‹ζ“γ–μ‚P’–Ϊ,26,0,0,0,5,0,2,3,0,0,1,0,0,1,0,0,0,0,0,15,0,0,10,0,1,0,0,0,0,0,4,5,2,0,0,0,3
‘δ“‹ζ“γ–μ‚Q’–Ϊ,26,0,0,0,4,0,3,0,1,0,1,0,0,0,0,0,0,0,1,14,0,0,4,1,1,0,0,0,0,3,5,7,2,0,0,0,5
‘δ“‹ζ“γ–μ‚R’–Ϊ,34,3,0,3,8,0,7,1,0,0,0,0,0,0,0,0,0,0,0,15,0,0,6,1,0,3,0,0,0,0,5,8,1,0,1,0,6
‘δ“‹ζ“γ–μ‚S’–Ϊ,30,0,0,0,1,0,1,0,0,0,1,0,0,0,1,0,0,0,0,17,0,0,8,0,0,0,0,0,0,5,4,11,0,0,0,0,11
‘δ“‹ζ“γ–μ‚T’–Ϊ,20,0,0,0,0,0,0,0,0,0,0,0,0,0,0,0,0,0,0,17,0,0,9,0,0,1,0,0,1,2,4,3,2,0,0,0,1
‘δ“‹ζ“γ–μ‚U’–Ϊ,18,0,0,0,0,0,0,0,0,0,0,0,0,0,0,0,0,0,0,15,0,0,11,0,0,0,0,0,0,3,1,3,2,0,0,0,1
‘δ“‹ζ³σ‘‚P’–Ϊ,16,0,0,0,1,0,1,0,0,0,0,0,0,0,0,0,0,0,0,12,0,0,5,1,0,0,0,0,0,0,6,3,0,0,0,0,3
‘δ“‹ζ³σ‘‚Q’–Ϊ,8,0,0,0,0,0,0,0,0,0,0,0,0,0,0,0,0,0,0,5,0,0,5,0,0,0,0,0,0,0,0,3,2,0,0,0,1
‘δ“‹ζ³σ‘‚R’–Ϊ,9,0,0,0,0,0,0,0,0,0,1,0,0,0,0,0,0,1,0,8,0,0,6,0,0,1,0,0,0,0,1,0,0,0,0,0,0
‘δ“‹ζ³σ‘‚S’–Ϊ,7,0,0,0,2,0,1,1,0,0,0,0,0,0,0,0,0,0,0,4,0,0,2,0,0,1,0,0,0,0,1,1,0,0,0,0,1
‘δ“‹ζυ‚P’–Ϊ,14,0,0,0,0,0,0,0,0,0,0,0,0,0,0,0,0,0,0,14,0,0,7,0,0,0,0,0,0,0,7,0,0,0,0,0,0
‘δ“‹ζυ‚Q’–Ϊ,16,0,0,0,2,0,2,0,0,0,0,0,0,0,0,0,0,0,0,13,0,0,4,1,0,0,0,0,0,1,7,1,0,0,0,0,1
‘δ“‹ζυ‚R’–Ϊ,15,0,0,0,2,0,2,0,0,0,0,0,0,0,0,0,0,0,0,10,0,0,3,0,0,0,0,1,1,1,4,3,0,1,0,0,2
‘δ“‹ζυ‚S’–Ϊ,11,0,0,0,0,0,0,0,0,0,1,0,0,0,1,0,0,0,0,6,0,0,3,0,1,0,0,0,0,0,2,4,1,0,1,0,2
‘δ“‹ζ‹ξ`‚P’–Ϊ,15,0,0,0,0,0,0,0,0,0,0,0,0,0,0,0,0,0,0,8,0,0,3,0,0,0,0,0,0,2,3,7,1,1,0,0,5
‘δ“‹ζ‹ξ`‚Q’–Ϊ,12,0,0,0,0,0,0,0,0,0,0,0,0,0,0,0,0,0,0,10,0,0,6,0,0,0,0,0,1,0,3,2,1,0,0,0,1
‘δ“‹ζ–kγ–μ‚P’–Ϊ,8,0,0,0,1,0,1,0,0,0,1,0,0,0,0,0,0,0,1,5,0,0,4,0,0,0,0,0,0,1,0,1,1,0,0,0,0
‘δ“‹ζ–kγ–μ‚Q’–Ϊ,15,0,0,0,1,0,1,0,0,0,0,0,0,0,0,0,0,0,0,11,0,0,5,1,0,0,0,0,0,0,5,3,1,0,0,0,2
‘δ“‹ζ‰Ί’J‚P’–Ϊ,23,0,0,0,3,0,2,1,0,0,1,0,0,1,0,0,0,0,0,10,0,0,4,1,0,0,0,0,1,0,4,9,3,1,0,0,5
‘δ“‹ζ‰Ί’J‚Q’–Ϊ,24,0,0,0,3,0,2,1,0,0,0,0,0,0,0,0,0,0,0,17,0,0,11,1,0,0,0,0,1,0,4,4,2,1,0,0,1
‘δ“‹ζ‰Ί’J‚R’–Ϊ,14,1,1,0,0,0,0,0,0,0,0,0,0,0,0,0,0,0,0,6,0,0,4,0,0,0,0,0,1,0,1,7,4,2,0,0,1
‘δ“‹ζªέ‚P’–Ϊ,66,5,0,5,7,0,4,2,1,0,0,0,0,0,0,0,0,0,0,36,0,0,10,0,0,0,0,0,3,3,20,18,2,3,0,0,13
‘δ“‹ζªέ‚Q’–Ϊ,20,0,0,0,0,0,0,0,0,0,0,0,0,0,0,0,0,0,0,16,0,0,9,4,0,0,0,0,0,0,3,4,2,0,0,0,2
‘δ“‹ζªέ‚R’–Ϊ,22,0,0,0,2,0,1,0,1,0,1,0,0,1,0,0,0,0,0,13,0,0,4,0,0,0,0,0,0,0,9,6,1,3,0,0,2
‘δ“‹ζªέ‚S’–Ϊ,13,0,0,0,0,0,0,0,0,0,0,0,0,0,0,0,0,0,0,5,0,0,3,0,0,0,0,0,0,0,2,8,3,4,0,0,1
‘δ“‹ζªέ‚T’–Ϊ,18,0,0,0,0,0,0,0,0,0,0,0,0,0,0,0,0,0,0,12,0,0,7,0,0,0,0,0,0,3,2,6,1,1,0,0,4
‘δ“‹ζ“ό’J‚P’–Ϊ,23,0,0,0,2,0,1,1,0,0,0,0,0,0,0,0,0,0,0,17,0,0,10,0,0,0,0,0,0,5,2,4,1,0,0,0,3
‘δ“‹ζ“ό’J‚Q’–Ϊ,11,0,0,0,0,0,0,0,0,0,0,0,0,0,0,0,0,0,0,5,0,0,4,0,0,0,0,0,1,0,0,6,1,0,0,0,5
‘δ“‹ζ—³ς‚P’–Ϊ,15,0,0,0,0,0,0,0,0,0,0,0,0,0,0,0,0,0,0,12,0,1,9,0,0,0,0,0,0,0,2,3,2,0,0,0,1
‘δ“‹ζ—³ς‚Q’–Ϊ,19,0,0,0,0,0,0,0,0,0,9,0,0,0,0,0,0,0,9,7,0,1,5,1,0,0,0,0,0,0,0,3,0,0,0,0,3
‘δ“‹ζ—³ς‚R’–Ϊ,12,1,0,1,0,0,0,0,0,0,0,0,0,0,0,0,0,0,0,8,1,1,6,0,0,0,0,0,0,0,0,3,1,0,0,0,2
‘δ“‹ζΌ‚ª’J‚P’–Ϊ,9,0,0,0,0,0,0,0,0,0,0,0,0,0,0,0,0,0,0,4,0,0,3,0,0,0,0,0,0,1,0,5,1,1,0,0,3
‘δ“‹ζΌ‚ª’J‚Q’–Ϊ,14,0,0,0,0,0,0,0,0,0,0,0,0,0,0,0,0,0,0,11,0,0,8,0,0,1,0,0,0,1,1,3,2,0,0,0,1
‘δ“‹ζΌ‚ª’J‚R’–Ϊ,17,0,0,0,1,0,1,0,0,0,1,0,0,0,0,1,0,0,0,15,0,0,11,0,0,2,0,1,0,0,1,0,0,0,0,0,0
‘δ“‹ζΌ‚ª’J‚S’–Ϊ,5,0,0,0,0,0,0,0,0,0,0,0,0,0,0,0,0,0,0,5,0,0,5,0,0,0,0,0,0,0,0,0,0,0,0,0,0
‘δ“‹ζΌσ‘‚P’–Ϊ,23,0,0,0,6,0,5,1,0,0,1,0,0,0,1,0,0,0,0,12,0,0,8,0,0,0,0,0,0,1,3,4,2,1,0,0,1
‘δ“‹ζΌσ‘‚Q’–Ϊ,44,1,0,1,4,0,2,2,0,0,0,0,0,0,0,0,0,0,0,34,0,1,9,1,0,0,0,0,0,17,6,5,2,1,0,0,2
‘δ“‹ζΌσ‘‚R’–Ϊ,38,0,0,0,3,0,2,1,0,0,1,0,0,0,0,0,0,0,1,27,0,0,15,0,0,0,0,0,1,4,7,7,2,0,0,0,5
‘δ“‹ζ—‹–ε‚P’–Ϊ,15,0,0,0,2,0,1,1,0,0,1,0,0,0,1,0,0,0,0,5,0,0,4,0,0,0,1,0,0,0,0,7,0,0,0,0,7
‘δ“‹ζ—‹–ε‚Q’–Ϊ,23,0,0,0,2,0,2,0,0,0,0,0,0,0,0,0,0,0,0,19,0,0,10,0,0,0,2,0,0,5,2,2,1,1,0,0,0
‘δ“‹ζσ‘‚P’–Ϊ,147,0,0,0,13,0,10,2,0,1,1,0,0,0,1,0,0,0,0,101,0,0,37,2,0,0,3,0,7,23,29,32,10,5,3,0,14
‘δ“‹ζσ‘‚Q’–Ϊ,108,2,1,1,9,0,3,5,0,1,0,0,0,0,0,0,0,0,0,71,0,1,25,3,0,0,2,0,6,17,17,26,6,5,1,0,14
‘δ“‹ζσ‘‚R’–Ϊ,19,1,1,0,3,0,2,1,0,0,0,0,0,0,0,0,0,0,0,9,0,0,5,1,0,0,0,0,0,0,3,6,0,1,0,0,5
‘δ“‹ζσ‘‚S’–Ϊ,23,2,0,2,5,0,3,2,0,0,1,0,0,0,0,1,0,0,0,10,0,0,7,2,0,0,0,0,0,1,0,5,1,1,0,0,3
‘δ“‹ζσ‘‚T’–Ϊ,29,0,0,0,2,0,1,1,0,0,3,0,0,0,1,2,0,0,0,19,0,0,10,0,0,1,0,0,0,1,7,5,1,1,0,0,3
‘δ“‹ζσ‘‚U’–Ϊ,20,0,0,0,2,0,1,1,0,0,0,0,0,0,0,0,0,0,0,12,0,0,4,0,2,3,1,0,0,0,2,6,2,1,1,0,2
‘δ“‹ζσ‘‚V’–Ϊ,10,0,0,0,1,0,0,1,0,0,0,0,0,0,0,0,0,0,0,7,0,0,7,0,0,0,0,0,0,0,0,2,0,1,0,0,1
‘δ“‹ζ‰ΤμΛ‚P’–Ϊ,52,0,0,0,5,0,3,2,0,0,0,0,0,0,0,0,0,0,0,40,0,0,19,0,0,0,0,0,1,13,7,7,3,0,0,0,4
‘δ“‹ζ‰ΤμΛ‚Q’–Ϊ,15,0,0,0,4,0,1,2,1,0,0,0,0,0,0,0,0,0,0,9,0,0,8,0,0,0,0,0,0,0,1,2,0,0,1,0,1
‘δ“‹ζη‘©‚P’–Ϊ,18,0,0,0,1,0,1,0,0,0,0,0,0,0,0,0,0,0,0,11,0,0,9,1,0,0,0,0,0,0,1,6,2,1,0,0,3
‘δ“‹ζη‘©‚Q’–Ϊ,13,0,0,0,1,0,0,1,0,0,0,0,0,0,0,0,0,0,0,6,0,0,4,1,0,1,0,0,0,0,0,6,3,1,0,0,2
‘δ“‹ζη‘©‚R’–Ϊ,23,0,0,0,2,0,1,1,0,0,2,1,0,0,0,1,0,0,0,8,0,0,3,0,1,1,0,0,0,0,3,11,5,0,0,0,6
‘δ“‹ζη‘©‚S’–Ϊ,43,1,1,0,2,0,2,0,0,0,1,0,0,0,1,0,0,0,0,31,0,0,13,0,0,0,0,0,0,13,5,8,2,2,0,0,4
‘δ“‹ζ΅Λ‚P’–Ϊ,17,4,0,4,1,0,0,1,0,0,0,0,0,0,0,0,0,0,0,8,0,0,5,0,1,1,0,0,0,0,1,4,2,1,0,0,1
‘δ“‹ζ΅Λ‚Q’–Ϊ,16,0,0,0,1,0,0,1,0,0,0,0,0,0,0,0,0,0,0,10,0,0,10,0,0,0,0,0,0,0,0,5,4,0,0,0,1
‘δ“‹ζ“σ‘‚P’–Ϊ,25,0,0,0,1,0,1,0,0,0,0,0,0,0,0,0,0,0,0,8,0,0,5,0,0,0,0,0,0,1,2,16,3,0,1,0,12
‘δ“‹ζ“σ‘‚Q’–Ϊ,11,0,0,0,1,0,1,0,0,0,1,0,0,0,0,1,0,0,0,9,0,0,7,0,0,0,0,1,0,1,0,0,0,0,0,0,0
‘δ“‹ζ‹΄κ‚P’–Ϊ,12,0,0,0,1,0,1,0,0,0,0,0,0,0,0,0,0,0,0,10,0,0,3,0,0,0,0,0,1,2,4,1,1,0,0,0,0
‘δ“‹ζ‹΄κ‚Q’–Ϊ,13,1,0,1,0,0,0,0,0,0,0,0,0,0,0,0,0,0,0,10,0,0,7,2,0,0,0,0,0,0,1,2,0,0,0,0,2
‘δ“‹ζ΄μ‚P’–Ϊ,8,1,0,1,1,0,0,1,0,0,1,0,0,0,0,1,0,0,0,5,0,0,4,0,0,0,0,0,0,0,1,0,0,0,0,0,0
‘δ“‹ζ΄μ‚Q’–Ϊ,46,2,0,2,12,0,5,7,0,0,3,0,0,0,0,1,0,0,2,19,0,0,4,2,0,2,0,1,2,6,2,10,1,1,0,0,8
‘δ“‹ζ“ϊ–{’η‚P’–Ϊ,19,0,0,0,3,0,2,1,0,0,1,0,0,0,1,0,0,0,0,6,0,1,3,1,0,0,0,0,0,1,0,9,1,0,0,0,8
‘δ“‹ζ“ϊ–{’η‚Q’–Ϊ,24,0,0,0,3,0,0,1,2,0,0,0,0,0,0,0,0,0,0,16,0,1,6,0,0,0,0,0,0,9,0,5,3,0,0,0,2
‘δ“‹ζOƒm—Φ‚P’–Ϊ,17,0,0,0,0,0,0,0,0,0,0,0,0,0,0,0,0,0,0,13,0,0,8,0,0,0,0,0,0,1,4,4,2,1,0,0,1
‘δ“‹ζOƒm—Φ‚Q’–Ϊ,14,0,0,0,2,0,1,1,0,0,1,0,0,0,0,1,0,0,0,10,0,0,5,0,0,0,0,0,2,0,3,1,0,1,0,0,0
‘δ“‹ζ’r”V’[‚P’–Ϊ,6,0,0,0,0,0,0,0,0,0,0,0,0,0,0,0,0,0,0,5,0,0,1,0,0,0,0,0,0,1,3,1,1,0,0,0,0
‘δ“‹ζ’r”V’[‚Q’–Ϊ,11,0,0,0,3,0,2,1,0,0,0,0,0,0,0,0,0,0,0,3,0,0,1,0,0,0,0,0,0,1,1,5,1,0,0,0,4
‘δ“‹ζ’r”V’[‚R’–Ϊ,2,0,0,0,0,0,0,0,0,0,0,0,0,0,0,0,0,0,0,1,0,0,1,0,0,0,0,0,0,0,0,1,1,0,0,0,0
‘δ“‹ζ’r”V’[‚S’–Ϊ,5,0,0,0,0,0,0,0,0,0,0,0,0,0,0,0,0,0,0,4,0,0,2,0,0,0,0,0,0,0,2,1,1,0,0,0,0
‘δ“‹ζγ–μφ‰€,59,2,0,2,10,0,6,4,0,0,1,0,0,0,0,0,1,0,0,37,0,0,10,0,0,0,5,0,4,1,17,9,0,3,1,0,5
‘δ“‹ζγ–μχ–Ψ‚P’–Ϊ,9,0,0,0,0,0,0,0,0,0,0,0,0,0,0,0,0,0,0,5,0,0,2,0,0,0,0,0,0,0,3,4,4,0,0,0,0
‘δ“‹ζγ–μχ–Ψ‚Q’–Ϊ,3,0,0,0,0,0,0,0,0,0,0,0,0,0,0,0,0,0,0,3,0,0,2,0,0,0,0,0,0,0,1,0,0,0,0,0,0
‘δ“‹ζ’J’†‚P’–Ϊ,1,0,0,0,0,0,0,0,0,0,0,0,0,0,0,0,0,0,0,0,0,0,0,0,0,0,0,0,0,0,0,1,1,0,0,0,0
‘δ“‹ζ’J’†‚R’–Ϊ,4,0,0,0,0,0,0,0,0,0,0,0,0,0,0,0,0,0,0,3,0,0,2,0,0,0,0,0,0,0,1,1,1,0,0,0,0
‘δ“‹ζ’J’†‚V’–Ϊ,9,0,0,0,0,0,0,0,0,0,0,0,0,0,0,0,0,0,0,8,0,0,5,0,0,0,0,0,0,1,2,1,0,0,0,0,1
‘δ“‹ζv,2731,42,8,34,285,0,163,106,11,5,57,1,0,7,20,11,1,1,16,1760,2,9,737,41,8,29,28,4,58,339,505,587,164,73,14,0,336
–n“c‹ζ—Ό‘‚P’–Ϊ,11,0,0,0,1,0,1,0,0,0,1,1,0,0,0,0,0,0,0,6,0,0,4,1,0,0,0,0,0,0,1,3,1,1,0,0,1
–n“c‹ζ—Ό‘‚Q’–Ϊ,21,1,1,0,1,0,1,0,0,0,0,0,0,0,0,0,0,0,0,13,0,0,4,0,0,0,0,0,0,2,7,6,1,2,0,0,3
–n“c‹ζ—Ό‘‚R’–Ϊ,11,0,0,0,1,0,1,0,0,0,0,0,0,0,0,0,0,0,0,7,0,0,3,1,0,0,0,0,0,0,3,3,1,1,0,0,1
–n“c‹ζ—Ό‘‚S’–Ϊ,19,0,0,0,1,0,1,0,0,0,0,0,0,0,0,0,0,0,0,16,0,0,3,2,1,0,0,0,0,1,9,2,0,0,0,0,2
–n“c‹ζηΞ‚P’–Ϊ,2,0,0,0,0,0,0,0,0,0,0,0,0,0,0,0,0,0,0,1,0,0,1,0,0,0,0,0,0,0,0,1,1,0,0,0,0
–n“c‹ζηΞ‚Q’–Ϊ,3,0,0,0,0,0,0,0,0,0,0,0,0,0,0,0,0,0,0,3,0,0,2,0,0,1,0,0,0,0,0,0,0,0,0,0,0
–n“c‹ζηΞ‚R’–Ϊ,17,0,0,0,1,0,1,0,0,0,0,0,0,0,0,0,0,0,0,13,0,0,11,0,0,0,0,0,0,0,2,3,1,0,0,0,2
–n“c‹ζ—Ξ‚P’–Ϊ,12,0,0,0,0,0,0,0,0,0,1,0,0,0,0,1,0,0,0,8,0,0,4,0,0,2,0,0,0,1,1,3,0,1,0,0,2
–n“c‹ζ—Ξ‚Q’–Ϊ,17,0,0,0,1,0,1,0,0,0,0,0,0,0,0,0,0,0,0,13,0,0,8,1,0,0,0,0,0,0,4,3,3,0,0,0,0
–n“c‹ζ—Ξ‚R’–Ϊ,17,0,0,0,1,0,1,0,0,0,0,0,0,0,0,0,0,0,0,13,0,1,8,0,0,1,0,0,0,2,1,3,0,1,0,0,2
–n“c‹ζ—Ξ‚S’–Ϊ,26,0,0,0,0,0,0,0,0,0,0,0,0,0,0,0,0,0,0,18,0,0,15,0,0,0,0,1,0,0,2,8,4,0,0,0,4
–n“c‹ζ—§μ‚P’–Ϊ,5,0,0,0,0,0,0,0,0,0,0,0,0,0,0,0,0,0,0,2,0,0,1,0,0,0,0,0,0,0,1,3,1,0,0,0,2
–n“c‹ζ—§μ‚Q’–Ϊ,7,0,0,0,0,0,0,0,0,0,0,0,0,0,0,0,0,0,0,3,0,0,2,1,0,0,0,0,0,0,0,4,3,0,0,0,1
–n“c‹ζ—§μ‚R’–Ϊ,4,0,0,0,0,0,0,0,0,0,0,0,0,0,0,0,0,0,0,3,0,1,1,0,0,0,0,0,0,1,0,1,0,0,0,0,1
–n“c‹ζ—§μ‚S’–Ϊ,7,0,0,0,0,0,0,0,0,0,0,0,0,0,0,0,0,0,0,3,0,0,3,0,0,0,0,0,0,0,0,4,1,0,0,0,3
–n“c‹ζ‹eμ‚P’–Ϊ,4,0,0,0,0,0,0,0,0,0,0,0,0,0,0,0,0,0,0,4,0,0,1,0,0,0,0,0,0,0,3,0,0,0,0,0,0
–n“c‹ζ‹eμ‚Q’–Ϊ,17,0,0,0,0,0,0,0,0,0,0,0,0,0,0,0,0,0,0,10,0,1,5,0,0,1,0,0,0,0,3,7,2,0,0,0,5
–n“c‹ζ‹eμ‚R’–Ϊ,19,0,0,0,2,0,2,0,0,0,0,0,0,0,0,0,0,0,0,13,0,0,11,0,0,0,0,0,0,0,2,4,2,0,0,0,2
–n“c‹ζ]“‹΄‚P’–Ϊ,10,0,0,0,2,0,0,1,0,1,0,0,0,0,0,0,0,0,0,7,0,0,7,0,0,0,0,0,0,0,0,1,0,0,0,0,1
–n“c‹ζ]“‹΄‚Q’–Ϊ,39,1,0,1,4,0,2,2,0,0,5,0,0,4,0,0,0,0,1,21,0,0,11,0,0,0,0,0,0,1,9,8,2,0,0,0,6
–n“c‹ζ]“‹΄‚R’–Ϊ,146,2,0,2,36,0,27,8,1,0,2,0,0,0,2,0,0,0,0,72,0,0,13,1,0,0,5,0,6,17,30,34,11,5,1,0,17
–n“c‹ζ]“‹΄‚S’–Ϊ,113,7,2,5,11,0,5,6,0,0,1,0,0,0,0,0,0,0,1,78,0,1,19,0,0,2,0,0,0,31,25,16,6,2,0,0,8
–n“c‹ζ]“‹΄‚T’–Ϊ,6,0,0,0,0,0,0,0,0,0,0,0,0,0,0,0,0,0,0,4,0,0,2,0,0,0,0,0,0,1,1,2,1,0,0,0,1
–n“c‹ζ‰΅–Τ‚P’–Ϊ,25,0,0,0,11,0,6,5,0,0,0,0,0,0,0,0,0,0,0,11,0,0,5,0,0,0,1,0,0,0,5,3,1,0,0,0,2
–n“c‹ζ‰΅–Τ‚Q’–Ϊ,4,0,0,0,0,0,0,0,0,0,1,0,0,0,0,1,0,0,0,2,0,0,2,0,0,0,0,0,0,0,0,1,0,0,0,0,1
–n“c‹ζ‹T‘ς‚P’–Ϊ,19,0,0,0,4,0,3,1,0,0,0,0,0,0,0,0,0,0,0,13,0,0,11,0,0,0,0,0,0,1,1,2,1,0,0,0,1
–n“c‹ζ‹T‘ς‚Q’–Ϊ,5,0,0,0,0,0,0,0,0,0,0,0,0,0,0,0,0,0,0,4,0,0,0,0,0,0,0,0,1,0,3,1,1,0,0,0,0
–n“c‹ζ‹T‘ς‚R’–Ϊ,11,0,0,0,0,0,0,0,0,0,1,0,0,0,0,1,0,0,0,7,0,1,3,0,0,0,0,0,0,2,1,3,2,0,0,0,1
–n“c‹ζ‹T‘ς‚S’–Ϊ,13,1,0,1,0,0,0,0,0,0,1,0,0,0,0,1,0,0,0,6,0,0,5,0,1,0,0,0,0,0,0,5,2,0,0,0,3
–n“c‹ζΞ΄‚P’–Ϊ,20,1,0,1,2,0,1,1,0,0,0,0,0,0,0,0,0,0,0,12,0,0,4,0,0,1,0,0,0,4,3,5,1,0,0,0,4
–n“c‹ζΞ΄‚Q’–Ϊ,7,0,0,0,0,0,0,0,0,0,0,0,0,0,0,0,0,0,0,4,0,0,2,0,0,1,0,0,0,0,1,3,1,0,0,0,2
–n“c‹ζΞ΄‚R’–Ϊ,17,0,0,0,1,0,1,0,0,0,0,0,0,0,0,0,0,0,0,11,0,0,8,1,0,0,0,0,0,1,1,5,0,2,0,0,3
–n“c‹ζΞ΄‚S’–Ϊ,19,1,1,0,1,0,1,0,0,0,0,0,0,0,0,0,0,0,0,14,0,0,6,0,0,1,0,0,0,2,5,3,2,0,0,0,1
–n“c‹ζ–{‚P’–Ϊ,16,0,0,0,1,0,1,0,0,0,0,0,0,0,0,0,0,0,0,7,0,0,5,1,0,1,0,0,0,0,0,8,4,0,1,0,3
–n“c‹ζ–{‚Q’–Ϊ,4,0,0,0,0,0,0,0,0,0,0,0,0,0,0,0,0,0,0,1,0,0,0,0,0,0,0,0,0,0,1,3,0,2,1,0,0
–n“c‹ζ–{‚R’–Ϊ,10,0,0,0,2,0,1,1,0,0,0,0,0,0,0,0,0,0,0,5,0,0,4,0,0,0,0,0,0,0,1,3,2,0,0,0,1
–n“c‹ζ–{‚S’–Ϊ,7,0,0,0,1,0,0,1,0,0,0,0,0,0,0,0,0,0,0,5,0,0,5,0,0,0,0,0,0,0,0,1,0,0,0,0,1
–n“c‹ζ“‹ξ`‚P’–Ϊ,6,0,0,0,0,0,0,0,0,0,0,0,0,0,0,0,0,0,0,5,0,0,4,0,0,1,0,0,0,0,0,1,1,0,0,0,0
–n“c‹ζ“‹ξ`‚Q’–Ϊ,8,0,0,0,0,0,0,0,0,0,0,0,0,0,0,0,0,0,0,5,0,0,4,0,0,0,0,0,0,0,1,3,3,0,0,0,0
–n“c‹ζ“‹ξ`‚R’–Ϊ,8,0,0,0,0,0,0,0,0,0,1,0,0,0,0,1,0,0,0,4,0,0,4,0,0,0,0,0,0,0,0,3,1,2,0,0,0
–n“c‹ζ“‹ξ`‚S’–Ϊ,9,0,0,0,1,0,0,1,0,0,1,0,0,0,0,1,0,0,0,5,0,0,5,0,0,0,0,0,0,0,0,2,0,0,0,0,2
–n“c‹ζαΘ‹΄‚P’–Ϊ,15,0,0,0,1,0,0,1,0,0,1,0,0,0,1,0,0,0,0,8,0,0,2,2,0,0,0,0,0,1,3,5,3,0,0,0,2
–n“c‹ζαΘ‹΄‚Q’–Ϊ,12,0,0,0,0,0,0,0,0,0,0,0,0,0,0,0,0,0,0,9,0,1,2,0,0,0,1,0,0,0,5,3,3,0,0,0,0
–n“c‹ζαΘ‹΄‚R’–Ϊ,18,0,0,0,2,0,1,0,1,0,0,0,0,0,0,0,0,0,0,14,0,0,1,1,0,0,0,0,0,8,4,2,1,0,0,0,1
–n“c‹ζ‹Ρ…‚P’–Ϊ,25,0,0,0,2,0,1,1,0,0,0,0,0,0,0,0,0,0,0,20,0,0,11,0,0,0,0,0,0,5,4,3,2,0,0,0,1
–n“c‹ζ‹Ρ…‚Q’–Ϊ,82,0,0,0,3,0,3,0,0,0,0,0,0,0,0,0,0,0,0,73,0,1,10,1,0,0,0,0,0,54,7,6,1,0,0,0,5
–n“c‹ζ‹Ρ…‚R’–Ϊ,38,0,0,0,0,0,0,0,0,0,0,0,0,0,0,0,0,0,0,29,0,0,16,2,0,0,0,0,0,1,10,9,4,1,0,0,4
–n“c‹ζ‹Ρ…‚S’–Ϊ,69,0,0,0,3,0,1,1,0,1,0,0,0,0,0,0,0,0,0,57,0,0,44,2,1,1,0,0,1,2,6,9,0,4,0,0,5
–n“c‹ζ‘Ύ•½‚P’–Ϊ,13,0,0,0,2,0,2,0,0,0,0,0,0,0,0,0,0,0,0,6,1,0,3,0,0,0,0,0,0,1,1,5,1,1,0,0,3
–n“c‹ζ‘Ύ•½‚Q’–Ϊ,5,0,0,0,0,0,0,0,0,0,0,0,0,0,0,0,0,0,0,4,0,0,4,0,0,0,0,0,0,0,0,1,1,0,0,0,0
–n“c‹ζ‘Ύ•½‚R’–Ϊ,16,0,0,0,1,0,0,1,0,0,0,0,0,0,0,0,0,0,0,9,0,0,4,1,0,0,0,0,0,0,4,6,2,0,1,0,3
–n“c‹ζ‘Ύ•½‚S’–Ϊ,51,0,0,0,2,0,1,0,1,0,0,0,0,0,0,0,0,0,0,31,0,0,11,1,0,0,0,0,0,13,6,18,4,1,0,0,13
–n“c‹ζ‰΅μ‚P’–Ϊ,9,0,0,0,0,0,0,0,0,0,0,0,0,0,0,0,0,0,0,6,0,0,4,1,0,0,0,0,0,0,1,3,2,1,0,0,0
–n“c‹ζ‰΅μ‚Q’–Ϊ,7,0,0,0,0,0,0,0,0,0,0,0,0,0,0,0,0,0,0,4,0,0,3,0,0,0,0,0,0,0,1,3,1,1,0,0,1
–n“c‹ζ‰΅μ‚R’–Ϊ,13,0,0,0,1,0,0,1,0,0,1,0,0,0,0,0,0,0,1,10,0,0,3,0,0,0,0,0,0,0,7,1,0,0,0,0,1
–n“c‹ζ‰΅μ‚S’–Ϊ,7,0,0,0,0,0,0,0,0,0,0,0,0,0,0,0,0,0,0,4,0,0,2,0,0,1,0,0,0,0,1,3,0,1,0,0,2
–n“c‹ζ‰΅μ‚T’–Ϊ,26,0,0,0,0,0,0,0,0,0,1,0,0,0,0,1,0,0,0,22,0,0,10,0,0,0,0,0,0,12,0,3,2,0,0,0,1
–n“c‹ζ‹Ζ•½‚P’–Ϊ,15,0,0,0,0,0,0,0,0,0,0,0,0,0,0,0,0,0,0,9,0,0,8,0,0,0,0,0,0,0,1,6,5,0,0,0,1
–n“c‹ζ‹Ζ•½‚Q’–Ϊ,11,1,0,1,2,0,2,0,0,0,0,0,0,0,0,0,0,0,0,5,0,0,4,0,0,0,0,0,0,0,1,3,1,0,0,0,2
–n“c‹ζ‹Ζ•½‚R’–Ϊ,17,0,0,0,0,0,0,0,0,0,1,0,0,0,0,0,0,0,1,13,0,0,6,1,0,0,0,0,0,0,6,3,1,1,0,0,1
–n“c‹ζ‹Ζ•½‚S’–Ϊ,14,0,0,0,0,0,0,0,0,0,0,0,0,0,0,0,0,0,0,12,0,0,9,1,0,0,0,0,0,0,2,2,0,0,0,0,2
–n“c‹ζ‹Ζ•½‚T’–Ϊ,8,0,0,0,1,0,1,0,0,0,0,0,0,0,0,0,0,0,0,5,0,0,0,0,0,0,0,0,0,4,1,2,1,0,0,0,1
–n“c‹ζό“‡‚P’–Ϊ,9,0,0,0,1,0,1,0,0,0,0,0,0,0,0,0,0,0,0,8,0,0,3,0,0,0,0,0,0,0,5,0,0,0,0,0,0
–n“c‹ζό“‡‚Q’–Ϊ,9,0,0,0,3,0,1,1,1,0,0,0,0,0,0,0,0,0,0,4,0,0,3,0,0,0,0,0,0,0,1,2,2,0,0,0,0
–n“c‹ζό“‡‚R’–Ϊ,23,1,0,1,1,0,1,0,0,0,0,0,0,0,0,0,0,0,0,17,0,0,13,0,0,1,0,0,0,0,3,4,2,1,0,0,1
–n“c‹ζό“‡‚S’–Ϊ,15,0,0,0,0,0,0,0,0,0,0,0,0,0,0,0,0,0,0,12,0,1,9,0,0,0,0,0,0,0,2,3,1,0,0,0,2
–n“c‹ζό“‡‚T’–Ϊ,13,0,0,0,2,0,0,2,0,0,0,0,0,0,0,0,0,0,0,10,0,1,4,0,0,1,0,0,0,0,4,1,1,0,0,0,0
–n“c‹ζ“ό“‡‚P’–Ϊ,20,1,0,1,1,0,1,0,0,0,0,0,0,0,0,0,0,0,0,15,0,0,4,1,0,0,0,0,0,6,4,3,0,0,0,0,3
–n“c‹ζ“ό“‡‚Q’–Ϊ,59,6,0,6,1,0,0,0,1,0,0,0,0,0,0,0,0,0,0,40,0,0,21,3,0,0,0,0,1,1,14,12,0,1,0,0,11
–n“c‹ζ“ό“‡‚R’–Ϊ,18,4,0,4,2,0,0,2,0,0,0,0,0,0,0,0,0,0,0,6,0,0,4,0,0,0,0,0,0,0,2,6,2,1,0,0,3
–n“c‹ζ“ό“‡‚S’–Ϊ,21,0,0,0,2,0,2,0,0,0,0,0,0,0,0,0,0,0,0,15,1,0,10,0,0,0,0,0,0,1,3,4,1,1,0,0,2
–n“c‹ζ“ό“‡‚T’–Ϊ,22,1,1,0,4,0,3,1,0,0,1,0,0,0,0,1,0,0,0,10,0,0,9,0,0,0,0,0,0,0,1,6,3,0,0,0,3
–n“c‹ζ“ό“‡‚U’–Ϊ,27,0,0,0,7,0,7,0,0,0,0,0,0,0,0,0,0,0,0,16,0,0,11,1,0,1,0,0,0,0,3,4,1,0,0,0,3
–n“c‹ζ’η’Κ‚P’–Ϊ,19,0,0,0,3,0,1,2,0,0,0,0,0,0,0,0,0,0,0,13,0,0,7,1,1,0,0,0,0,1,3,3,0,2,0,0,1
–n“c‹ζ–n“c‚P’–Ϊ,9,0,0,0,0,0,0,0,0,0,0,0,0,0,0,0,0,0,0,6,0,1,2,0,0,0,0,0,0,0,3,3,1,0,0,0,2
–n“c‹ζ–n“c‚Q’–Ϊ,21,0,0,0,2,0,1,1,0,0,0,0,0,0,0,0,0,0,0,18,0,0,3,2,0,0,0,0,0,8,5,1,0,0,0,0,1
–n“c‹ζ–n“c‚R’–Ϊ,18,0,0,0,5,0,4,1,0,0,1,0,0,0,0,1,0,0,0,5,1,0,3,0,0,0,0,0,0,0,1,7,2,0,1,0,4
–n“c‹ζ–n“c‚S’–Ϊ,20,1,0,1,0,0,0,0,0,0,0,0,0,0,0,0,0,0,0,14,1,0,5,0,0,0,0,0,0,7,1,5,3,1,0,0,1
–n“c‹ζ–n“c‚T’–Ϊ,15,0,0,0,2,0,2,0,0,0,0,0,0,0,0,0,0,0,0,12,0,1,9,0,0,0,0,0,0,0,2,1,1,0,0,0,0
–n“c‹ζ‰γ‚P’–Ϊ,80,1,1,0,3,0,1,1,0,1,0,0,0,0,0,0,0,0,0,64,0,0,20,2,0,0,2,0,0,26,14,12,0,4,0,0,8
–n“c‹ζ‰γ‚Q’–Ϊ,22,0,0,0,0,0,0,0,0,0,0,0,0,0,0,0,0,0,0,19,0,1,15,0,0,0,0,0,0,0,3,3,2,0,0,0,1
–n“c‹ζ‰γ‚R’–Ϊ,18,0,0,0,4,0,3,1,0,0,0,0,0,0,0,0,0,0,0,10,0,1,5,0,0,0,0,0,0,0,4,4,1,0,0,0,3
–n“c‹ζ‹“‡‚P’–Ϊ,70,0,0,0,6,0,5,1,0,0,0,0,0,0,0,0,0,0,0,56,0,0,24,3,0,0,0,0,0,26,3,8,3,2,0,0,3
–n“c‹ζ‹“‡‚Q’–Ϊ,11,0,0,0,5,0,4,1,0,0,0,0,0,0,0,0,0,0,0,2,0,0,0,0,0,0,0,0,0,0,2,4,1,1,0,0,2
–n“c‹ζ‹“‡‚R’–Ϊ,21,0,0,0,2,0,0,1,1,0,0,0,0,0,0,0,0,0,0,14,0,1,6,1,0,0,0,0,0,3,3,5,1,1,0,0,3
–n“c‹ζ•¶‰Τ‚P’–Ϊ,44,0,0,0,1,0,1,0,0,0,1,0,0,0,0,1,0,0,0,37,0,7,22,0,0,0,0,0,0,2,6,5,2,1,0,0,2
–n“c‹ζ•¶‰Τ‚Q’–Ϊ,13,0,0,0,1,0,1,0,0,0,0,0,0,0,0,0,0,0,0,9,0,0,6,0,0,0,0,0,0,1,2,3,0,0,0,0,3
–n“c‹ζ•¶‰Τ‚R’–Ϊ,13,0,0,0,1,0,0,1,0,0,1,0,0,0,0,1,0,0,0,10,0,1,7,0,0,0,0,0,0,0,2,1,0,0,0,0,1
–n“c‹ζ”ªL‚P’–Ϊ,21,0,0,0,4,0,4,0,0,0,0,0,0,0,0,0,0,0,0,14,0,0,10,0,0,0,0,0,0,2,2,3,1,1,0,0,1
–n“c‹ζ”ªL‚Q’–Ϊ,23,0,0,0,1,0,0,1,0,0,0,0,0,0,0,0,0,0,0,19,0,0,10,1,0,1,0,0,0,4,3,3,1,0,0,0,2
–n“c‹ζ”ªL‚R’–Ϊ,11,0,0,0,0,0,0,0,0,0,0,0,0,0,0,0,0,0,0,8,1,0,4,0,0,0,0,0,0,1,2,3,0,1,1,0,1
–n“c‹ζ”ªL‚S’–Ϊ,17,0,0,0,7,0,2,3,2,0,0,0,0,0,0,0,0,0,0,8,0,0,2,0,0,0,0,0,0,0,6,2,2,0,0,0,0
–n“c‹ζ”ªL‚T’–Ϊ,15,0,0,0,1,0,0,1,0,0,2,0,0,0,1,1,0,0,0,10,0,1,5,0,0,0,0,0,0,1,3,2,0,1,0,0,1
–n“c‹ζ”ªL‚U’–Ϊ,28,1,1,0,2,0,1,1,0,0,0,0,0,0,0,0,0,0,0,21,0,1,12,0,0,1,0,0,0,1,6,4,1,0,0,0,3
–n“c‹ζ—§‰Τ‚P’–Ϊ,26,1,1,0,2,0,0,1,1,0,5,0,0,4,0,0,1,0,0,15,0,5,8,0,0,0,0,0,0,0,2,3,0,0,0,0,3
–n“c‹ζ—§‰Τ‚Q’–Ϊ,4,0,0,0,1,0,1,0,0,0,0,0,0,0,0,0,0,0,0,3,0,0,1,0,0,0,0,0,0,0,2,0,0,0,0,0,0
–n“c‹ζ—§‰Τ‚R’–Ϊ,10,0,0,0,2,0,1,1,0,0,0,0,0,0,0,0,0,0,0,3,0,0,2,0,0,0,0,0,0,0,1,5,3,0,0,0,2
–n“c‹ζ—§‰Τ‚S’–Ϊ,14,0,0,0,2,0,2,0,0,0,1,0,1,0,0,0,0,0,0,9,0,1,4,0,0,0,0,0,0,0,4,2,2,0,0,0,0
–n“c‹ζ—§‰Τ‚T’–Ϊ,17,0,0,0,3,0,3,0,0,0,0,0,0,0,0,0,0,0,0,10,0,0,7,0,0,0,0,0,1,0,2,4,1,1,0,0,2
–n“c‹ζ—§‰Τ‚U’–Ϊ,7,0,0,0,2,0,0,2,0,0,0,0,0,0,0,0,0,0,0,4,0,0,2,0,0,0,0,0,0,0,2,1,1,0,0,0,0
–n“c‹ζ“–n“c‚P’–Ϊ,3,0,0,0,1,0,0,0,0,1,0,0,0,0,0,0,0,0,0,1,0,1,0,0,0,0,0,0,0,0,0,1,0,1,0,0,0
–n“c‹ζ“–n“c‚Q’–Ϊ,25,2,0,2,1,0,0,1,0,0,1,0,0,0,0,1,0,0,0,16,0,0,6,2,0,0,0,0,0,4,4,5,0,3,0,0,2
–n“c‹ζ“–n“c‚R’–Ϊ,2,0,0,0,0,0,0,0,0,0,0,0,0,0,0,0,0,0,0,2,0,0,0,0,1,0,0,0,0,0,1,0,0,0,0,0,0
–n“c‹ζ’η’Κ‚Q’–Ϊ,24,0,0,0,4,0,2,2,0,0,0,0,0,0,0,0,0,0,0,16,0,3,10,1,0,0,0,0,0,0,2,4,1,1,0,0,2
–n“c‹ζv,2089,34,8,26,198,0,124,61,9,4,32,1,1,8,4,13,1,0,4,1403,5,34,681,40,5,19,9,1,10,263,336,422,141,55,6,0,220
]“‹ζ΄‚P’–Ϊ,3,0,0,0,0,0,0,0,0,0,0,0,0,0,0,0,0,0,0,2,0,0,0,0,0,0,0,0,0,0,2,1,0,0,0,0,1
]“‹ζ΄‚Q’–Ϊ,7,0,0,0,1,0,0,1,0,0,0,0,0,0,0,0,0,0,0,3,0,0,1,0,0,0,0,0,0,0,2,3,1,1,0,0,1
]“‹ζ΄‚R’–Ϊ,7,0,0,0,2,0,2,0,0,0,0,0,0,0,0,0,0,0,0,4,0,0,2,0,0,0,0,0,0,0,2,1,0,0,0,0,1
]“‹ζν”Υ‚P’–Ϊ,4,0,0,0,1,0,0,0,1,0,0,0,0,0,0,0,0,0,0,1,0,0,1,0,0,0,0,0,0,0,0,2,0,0,0,0,2
]“‹ζν”Υ‚Q’–Ϊ,9,0,0,0,1,0,1,0,0,0,0,0,0,0,0,0,0,0,0,7,0,1,4,0,0,0,0,0,0,0,2,1,0,0,0,0,1
]“‹ζV‘ε‹΄‚P’–Ϊ,3,0,0,0,0,0,0,0,0,0,0,0,0,0,0,0,0,0,0,1,0,0,1,0,0,0,0,0,0,0,0,2,1,1,0,0,0
]“‹ζV‘ε‹΄‚Q’–Ϊ,8,0,0,0,0,0,0,0,0,0,0,0,0,0,0,0,0,0,0,5,0,0,3,1,0,0,0,0,0,0,1,3,1,0,0,0,2
]“‹ζV‘ε‹΄‚R’–Ϊ,7,0,0,0,0,0,0,0,0,0,1,0,0,0,0,1,0,0,0,3,0,0,2,0,0,0,0,0,0,0,1,3,0,0,0,0,3
]“‹ζX‰Ί‚P’–Ϊ,15,0,0,0,3,0,2,1,0,0,1,0,0,0,0,0,0,0,1,8,0,0,4,0,0,0,0,0,0,1,3,3,1,0,0,0,2
]“‹ζX‰Ί‚Q’–Ϊ,22,0,0,0,2,0,2,0,0,0,0,0,0,0,0,0,0,0,0,13,0,0,6,0,0,0,1,0,1,0,5,7,3,1,0,0,3
]“‹ζX‰Ί‚R’–Ϊ,14,0,0,0,0,0,0,0,0,0,0,0,0,0,0,0,0,0,0,8,0,0,6,0,0,1,0,0,0,0,1,6,3,0,0,0,3
]“‹ζX‰Ί‚S’–Ϊ,6,0,0,0,0,0,0,0,0,0,0,0,0,0,0,0,0,0,0,3,0,0,1,0,0,0,0,0,0,1,1,3,1,0,0,0,2
]“‹ζX‰Ί‚T’–Ϊ,4,0,0,0,0,0,0,0,0,0,0,0,0,0,0,0,0,0,0,3,0,0,3,0,0,0,0,0,0,0,0,1,1,0,0,0,0
]“‹ζ•½–μ‚P’–Ϊ,8,0,0,0,2,0,1,1,0,0,0,0,0,0,0,0,0,0,0,4,0,0,2,0,0,0,0,0,0,0,2,2,1,1,0,0,0
]“‹ζ•½–μ‚Q’–Ϊ,11,0,0,0,0,0,0,0,0,0,0,0,0,0,0,0,0,0,0,5,0,0,2,2,0,0,0,0,0,1,0,6,2,0,0,0,4
]“‹ζ•½–μ‚R’–Ϊ,11,0,0,0,0,0,0,0,0,0,0,0,0,0,0,0,0,0,0,8,2,0,6,0,0,0,0,0,0,0,0,3,1,0,0,0,2
]“‹ζ•½–μ‚S’–Ϊ,2,0,0,0,0,0,0,0,0,0,0,0,0,0,0,0,0,0,0,1,0,0,1,0,0,0,0,0,0,0,0,1,0,0,0,0,1
]“‹ζOD‚Q’–Ϊ,6,0,0,0,1,0,0,0,1,0,0,0,0,0,0,0,0,0,0,4,0,0,2,0,0,0,0,0,0,1,1,1,1,0,0,0,0
]“‹ζOD‚R’–Ϊ,4,0,0,0,0,0,0,0,0,0,0,0,0,0,0,0,0,0,0,1,0,0,0,0,0,0,0,0,0,0,1,3,0,0,0,0,3
]“‹ζOD‚S’–Ϊ,5,0,0,0,1,0,1,0,0,0,0,0,0,0,0,0,0,0,0,1,0,0,0,0,0,0,0,0,0,0,1,3,2,0,0,0,1
]“‹ζ”’‰Ν‚P’–Ϊ,13,0,0,0,1,0,1,0,0,0,0,0,0,0,0,0,0,0,0,7,0,0,3,0,0,0,0,0,0,1,3,5,1,0,0,0,4
]“‹ζ”’‰Ν‚Q’–Ϊ,7,0,0,0,1,0,0,1,0,0,1,0,0,0,1,0,0,0,0,3,0,0,2,0,0,0,0,0,0,1,0,2,1,0,0,0,1
]“‹ζ”’‰Ν‚R’–Ϊ,13,0,0,0,2,0,2,0,0,0,0,0,0,0,0,0,0,0,0,8,0,0,7,0,0,0,0,0,0,0,1,3,1,0,0,0,2
]“‹ζ”’‰Ν‚S’–Ϊ,14,0,0,0,0,0,0,0,0,0,0,0,0,0,0,0,0,0,0,8,0,0,1,0,0,0,0,0,0,4,3,6,3,0,0,0,3
]“‹ζ‚‹΄,9,0,0,0,1,0,1,0,0,0,0,0,0,0,0,0,0,0,0,4,0,0,2,0,0,0,0,0,0,0,2,4,3,0,0,0,1
]“‹ζ²‰κ‚P’–Ϊ,7,0,0,0,1,0,1,0,0,0,0,0,0,0,0,0,0,0,0,5,0,0,4,0,0,0,0,0,0,0,1,1,0,0,0,0,1
]“‹ζ²‰κ‚Q’–Ϊ,5,0,0,0,0,0,0,0,0,0,0,0,0,0,0,0,0,0,0,4,0,0,3,0,0,0,0,0,0,0,1,1,1,0,0,0,0
]“‹ζ‰i‘γ‚P’–Ϊ,6,0,0,0,1,0,0,0,1,0,0,0,0,0,0,0,0,0,0,4,1,0,0,0,0,0,0,0,0,0,3,1,0,0,0,0,1
]“‹ζ‰i‘γ‚Q’–Ϊ,15,0,0,0,2,0,1,1,0,0,0,0,0,0,0,0,0,0,0,9,0,0,5,1,0,0,0,0,0,0,3,4,0,0,0,0,4
]“‹ζ•Z‚P’–Ϊ,3,0,0,0,0,0,0,0,0,0,0,0,0,0,0,0,0,0,0,1,0,0,1,0,0,0,0,0,0,0,0,2,2,0,0,0,0
]“‹ζ•Z‚Q’–Ϊ,3,0,0,0,0,0,0,0,0,0,0,0,0,0,0,0,0,0,0,2,0,0,0,0,0,0,0,0,0,0,2,1,1,0,0,0,0
]“‹ζ[μ‚P’–Ϊ,10,0,0,0,0,0,0,0,0,0,0,0,0,0,0,0,0,0,0,6,0,0,2,0,0,0,0,0,0,2,2,4,1,0,0,0,3
]“‹ζ[μ‚Q’–Ϊ,8,0,0,0,1,0,0,1,0,0,0,0,0,0,0,0,0,0,0,4,0,0,1,0,0,0,0,0,0,1,2,3,1,0,0,0,2
]“‹ζ“~–Ψ,12,0,0,0,1,0,1,0,0,0,0,0,0,0,0,0,0,0,0,7,1,0,2,1,0,0,0,0,0,0,3,4,1,0,0,0,3
]“‹ζ–ε‘O’‡’¬‚P’–Ϊ,25,0,0,0,5,0,4,1,0,0,0,0,0,0,0,0,0,0,0,11,0,0,4,0,0,0,0,0,2,1,4,9,4,1,0,0,4
]“‹ζ–ε‘O’‡’¬‚Q’–Ϊ,39,1,0,1,6,0,4,2,0,0,0,0,0,0,0,0,0,0,0,27,0,0,12,0,0,0,0,0,0,7,8,5,0,0,0,0,5
]“‹ζ•x‰ª‚P’–Ϊ,21,0,0,0,4,0,4,0,0,0,0,0,0,0,0,0,0,0,0,12,0,0,4,0,0,0,0,0,1,3,4,5,1,0,0,0,4
]“‹ζ•x‰ª‚Q’–Ϊ,14,0,0,0,0,0,0,0,0,0,0,0,0,0,0,0,0,0,0,10,0,0,6,1,0,1,0,0,0,1,1,4,1,1,0,0,2
]“‹ζ‰²’O‚P’–Ϊ,2,0,0,0,0,0,0,0,0,0,0,0,0,0,0,0,0,0,0,1,0,0,0,0,0,0,0,0,0,0,1,1,0,0,0,0,1
]“‹ζ‰²’O‚Q’–Ϊ,3,0,0,0,0,0,0,0,0,0,0,0,0,0,0,0,0,0,0,2,0,0,0,0,0,0,0,0,0,1,1,1,1,0,0,0,0
]“‹ζ‰²’O‚R’–Ϊ,9,0,0,0,0,0,0,0,0,0,0,0,0,0,0,0,0,0,0,5,0,0,4,0,0,0,0,0,0,0,1,4,1,0,0,0,3
]“‹ζΓΞκ‚P’–Ϊ,2,0,0,0,0,0,0,0,0,0,0,0,0,0,0,0,0,0,0,1,0,0,1,0,0,0,0,0,0,0,0,1,0,0,0,0,1
]“‹ζΓΞκ‚Q’–Ϊ,6,0,0,0,0,0,0,0,0,0,0,0,0,0,0,0,0,0,0,5,0,1,3,0,0,0,0,0,0,0,1,1,1,0,0,0,0
]“‹ζΓΞκ‚R’–Ϊ,1,0,0,0,0,0,0,0,0,0,0,0,0,0,0,0,0,0,0,0,0,0,0,0,0,0,0,0,0,0,0,1,0,0,0,0,1
]“‹ζ‰z’†“‡‚P’–Ϊ,12,0,0,0,0,0,0,0,0,0,0,0,0,0,0,0,0,0,0,10,0,0,5,0,0,0,0,0,0,1,4,2,1,0,0,0,1
]“‹ζ‰z’†“‡‚Q’–Ϊ,20,0,0,0,0,0,0,0,0,0,0,0,0,0,0,0,0,0,0,15,0,0,13,0,0,0,0,0,0,0,2,5,3,1,0,0,1
]“‹ζ‰z’†“‡‚R’–Ϊ,13,0,0,0,0,0,0,0,0,0,0,0,0,0,0,0,0,0,0,9,0,0,4,0,0,0,0,0,1,0,4,4,2,0,0,0,2
]“‹ζ‰–•l‚P’–Ϊ,6,0,0,0,1,0,1,0,0,0,0,0,0,0,0,0,0,0,0,4,0,0,3,0,0,0,0,0,0,0,1,1,0,0,0,0,1
]“‹ζ‰–•l‚Q’–Ϊ,38,1,0,1,1,0,0,1,0,0,1,0,0,0,0,1,0,0,0,16,1,0,6,2,0,0,0,0,0,1,6,19,9,1,0,0,9
]“‹ζ}μ‚P’–Ϊ,18,0,0,0,3,0,3,0,0,0,0,0,0,0,0,0,0,0,0,6,0,0,2,0,0,0,0,0,0,1,3,9,3,1,0,0,5
]“‹ζ}μ‚Q’–Ϊ,9,0,0,0,0,0,0,0,0,0,0,0,0,0,0,0,0,0,0,7,0,0,3,0,0,0,0,0,0,1,3,2,1,0,0,0,1
]“‹ζ}μ‚R’–Ϊ,8,0,0,0,1,0,0,1,0,0,0,0,0,0,0,0,0,0,0,6,0,0,5,0,0,0,0,0,0,0,1,1,0,0,0,0,1
]“‹ζ–LF‚P’–Ϊ,9,0,0,0,0,0,0,0,0,0,0,0,0,0,0,0,0,0,0,4,0,0,2,0,0,0,0,0,0,1,1,5,2,0,0,0,3
]“‹ζ–LF‚Q’–Ϊ,96,0,0,0,5,0,4,1,0,0,1,0,0,0,1,0,0,0,0,77,0,0,13,0,0,0,1,0,1,50,12,13,7,0,1,0,5
]“‹ζ–LF‚R’–Ϊ,56,0,0,0,6,0,4,2,0,0,0,0,0,0,0,0,0,0,0,31,0,0,5,1,0,0,0,0,1,16,8,19,9,1,1,0,8
]“‹ζ–LF‚S’–Ϊ,41,0,0,0,6,0,4,1,1,0,0,0,0,0,0,0,0,0,0,22,0,0,8,0,0,0,0,0,1,3,10,13,5,0,0,0,8
]“‹ζ–LF‚T’–Ϊ,31,1,0,1,2,0,1,1,0,0,0,0,0,0,0,0,0,0,0,20,0,0,8,1,0,0,0,0,0,0,11,8,5,0,0,0,3
]“‹ζ–LF‚U’–Ϊ,37,0,0,0,9,0,4,4,1,0,1,0,0,0,0,0,0,0,1,13,0,0,2,1,0,0,1,0,1,0,8,14,5,2,0,0,7
]“‹ζ“‰_‚P’–Ϊ,90,1,0,1,7,0,2,4,1,0,1,0,0,0,0,1,0,0,0,50,0,1,23,0,0,0,0,0,1,7,18,31,13,6,0,0,12
]“‹ζ“‰_‚Q’–Ϊ,34,0,0,0,1,0,0,0,1,0,0,0,0,0,0,0,0,0,0,17,1,2,8,0,0,0,0,0,0,1,5,16,8,2,0,0,6
]“‹ζ—L–Ύ‚P’–Ϊ,35,0,0,0,4,0,1,3,0,0,0,0,0,0,0,0,0,0,0,15,0,0,5,1,0,0,0,0,1,2,6,16,9,0,0,0,7
]“‹ζ—L–Ύ‚Q’–Ϊ,61,2,0,2,6,0,2,3,1,0,0,0,0,0,0,0,0,0,0,35,0,0,8,0,0,1,1,0,0,13,12,18,10,2,0,0,6
]“‹ζ—L–Ύ‚R’–Ϊ,84,2,0,2,5,0,3,2,0,0,0,0,0,0,0,0,0,0,0,59,0,0,3,1,0,0,2,0,3,18,32,18,2,2,0,0,14
]“‹ζ—L–Ύ‚S’–Ϊ,2,0,0,0,0,0,0,0,0,0,0,0,0,0,0,0,0,0,0,2,0,0,0,0,0,0,0,0,0,1,1,0,0,0,0,0,0
]“‹ζ’C–¤‚P’–Ϊ,47,1,0,1,3,0,2,1,0,0,0,0,0,0,0,0,0,0,0,21,0,0,13,1,0,0,0,0,0,1,6,22,14,1,0,0,7
]“‹ζ’C–¤‚Q’–Ϊ,15,1,1,0,2,0,2,0,0,0,0,0,0,0,0,0,0,0,0,9,0,0,5,0,0,0,0,0,0,0,4,3,0,0,0,0,3
]“‹ζ’C–¤‚R’–Ϊ,1,0,0,0,0,0,0,0,0,0,0,0,0,0,0,0,0,0,0,0,0,0,0,0,0,0,0,0,0,0,0,1,1,0,0,0,0
]“‹ζ’ª©‚P’–Ϊ,9,0,0,0,1,0,0,1,0,0,0,0,0,0,0,0,0,0,0,4,0,0,1,1,0,1,0,0,0,0,1,4,0,1,0,0,3
]“‹ζ’ª©‚Q’–Ϊ,21,0,0,0,2,0,2,0,0,0,0,0,0,0,0,0,0,0,0,10,1,1,3,1,0,0,0,0,0,0,4,9,1,1,0,0,7
]“‹ζηΞ‚P’–Ϊ,14,0,0,0,0,0,0,0,0,0,0,0,0,0,0,0,0,0,0,9,1,0,4,0,0,0,0,0,0,1,3,5,4,0,0,0,1
]“‹ζηΞ‚Q’–Ϊ,5,0,0,0,0,0,0,0,0,0,0,0,0,0,0,0,0,0,0,5,0,0,2,0,0,2,0,0,0,0,1,0,0,0,0,0,0
]“‹ζηΞ‚R’–Ϊ,8,0,0,0,0,0,0,0,0,0,0,0,0,0,0,0,0,0,0,3,0,0,1,1,0,0,0,0,0,0,1,5,0,0,0,0,5
]“‹ζΞ“‡,1,0,0,0,1,0,0,1,0,0,0,0,0,0,0,0,0,0,0,0,0,0,0,0,0,0,0,0,0,0,0,0,0,0,0,0,0
]“‹ζη“c,6,0,0,0,0,0,0,0,0,0,0,0,0,0,0,0,0,0,0,6,0,0,3,1,0,0,0,0,0,1,1,0,0,0,0,0,0
]“‹ζC•Σ,3,0,0,0,1,0,1,0,0,0,0,0,0,0,0,0,0,0,0,1,0,0,1,0,0,0,0,0,0,0,0,1,0,0,1,0,0
]“‹ζξ‹΄‚P’–Ϊ,8,0,0,0,0,0,0,0,0,0,0,0,0,0,0,0,0,0,0,6,0,0,5,0,0,0,0,0,0,0,1,2,0,0,0,0,2
]“‹ζξ‹΄‚Q’–Ϊ,22,0,0,0,1,0,0,1,0,0,0,0,0,0,0,0,0,0,0,14,0,0,4,0,0,0,0,0,0,0,10,7,3,0,1,0,3
]“‹ζξ‹΄‚R’–Ϊ,1,0,0,0,0,0,0,0,0,0,0,0,0,0,0,0,0,0,0,1,0,0,0,0,0,0,0,0,0,0,1,0,0,0,0,0,0
]“‹ζ‰]‚P’–Ϊ,9,0,0,0,0,0,0,0,0,0,0,0,0,0,0,0,0,0,0,7,0,0,3,0,0,0,0,0,0,0,4,2,0,0,0,0,2
]“‹ζ‰]‚Q’–Ϊ,14,0,0,0,1,0,1,0,0,0,0,0,0,0,0,0,0,0,0,7,0,0,0,0,0,0,0,0,2,3,2,6,2,1,0,0,3
]“‹ζZ‹g‚P’–Ϊ,14,0,0,0,0,0,0,0,0,0,1,0,0,0,0,0,0,0,1,10,0,0,6,0,0,1,0,0,0,0,3,3,1,2,0,0,0
]“‹ζZ‹g‚Q’–Ϊ,19,0,0,0,3,0,3,0,0,0,0,0,0,0,0,0,0,0,0,10,0,0,6,0,0,0,0,0,0,0,4,6,1,0,0,0,5
]“‹ζ–Ρ—‚P’–Ϊ,13,0,0,0,1,0,0,1,0,0,0,0,0,0,0,0,0,0,0,10,0,0,5,0,0,0,0,0,0,1,4,2,1,0,0,0,1
]“‹ζ–Ρ—‚Q’–Ϊ,3,0,0,0,1,0,1,0,0,0,0,0,0,0,0,0,0,0,0,2,0,0,2,0,0,0,0,0,0,0,0,0,0,0,0,0,0
]“‹ζ–Ψκ‚P’–Ϊ,49,1,1,0,0,0,0,0,0,0,1,0,0,0,0,0,0,0,1,36,0,0,3,0,1,0,0,0,0,27,5,11,4,0,0,0,7
]“‹ζ–Ψκ‚Q’–Ϊ,22,0,0,0,2,0,1,0,1,0,0,0,0,0,0,0,0,0,0,13,0,0,9,0,0,0,0,0,0,2,2,7,1,1,1,0,4
]“‹ζ–Ψκ‚R’–Ϊ,13,0,0,0,1,0,0,1,0,0,0,0,0,0,0,0,0,0,0,8,0,0,5,0,0,0,0,0,0,0,3,4,0,0,0,0,4
]“‹ζ–Ψκ‚S’–Ϊ,3,0,0,0,0,0,0,0,0,0,0,0,0,0,0,0,0,0,0,2,0,0,2,0,0,0,0,0,0,0,0,1,0,1,0,0,0
]“‹ζ–Ψκ‚T’–Ϊ,30,1,0,1,3,0,3,0,0,0,0,0,0,0,0,0,0,0,0,18,0,0,9,0,0,0,2,0,0,4,3,8,2,1,0,0,5
]“‹ζ–Ψκ‚U’–Ϊ,10,0,0,0,1,0,1,0,0,0,0,0,0,0,0,0,0,0,0,7,0,0,1,3,0,0,0,0,0,2,1,2,2,0,0,0,0
]“‹ζ“—z‚P’–Ϊ,18,2,0,2,2,0,1,1,0,0,0,0,0,0,0,0,0,0,0,10,0,0,3,0,0,0,0,0,0,3,4,4,2,0,0,0,2
]“‹ζ“—z‚Q’–Ϊ,14,0,0,0,2,0,1,0,1,0,0,0,0,0,0,0,0,0,0,5,0,0,2,0,0,0,0,0,0,1,2,7,4,0,0,0,3
]“‹ζ“—z‚R’–Ϊ,26,1,0,1,1,0,1,0,0,0,0,0,0,0,0,0,0,0,0,21,0,1,11,0,0,0,0,0,0,2,7,3,0,1,0,0,2
]“‹ζ“—z‚S’–Ϊ,61,0,0,0,10,0,6,4,0,0,0,0,0,0,0,0,0,0,0,35,0,0,11,0,0,0,0,0,0,15,9,16,4,2,2,0,8
]“‹ζ“—z‚T’–Ϊ,19,1,0,1,1,0,0,1,0,0,0,0,0,0,0,0,0,0,0,10,0,0,3,2,0,0,0,0,0,2,3,7,1,0,0,0,6
]“‹ζ“—z‚U’–Ϊ,3,0,0,0,0,0,0,0,0,0,0,0,0,0,0,0,0,0,0,2,0,0,1,0,0,0,0,0,0,1,0,1,0,0,0,0,1
]“‹ζ“—z‚V’–Ϊ,7,0,0,0,0,0,0,0,0,0,0,0,0,0,0,0,0,0,0,6,0,0,3,0,0,1,0,0,0,0,2,1,1,0,0,0,0
]“‹ζ‹TΛ‚P’–Ϊ,27,1,1,0,0,0,0,0,0,0,0,0,0,0,0,0,0,0,0,22,0,0,15,0,0,0,0,0,0,3,4,4,1,0,0,0,3
]“‹ζ‹TΛ‚Q’–Ϊ,115,1,0,1,5,0,3,1,0,1,4,0,0,1,1,1,0,0,1,88,0,6,30,6,0,1,0,0,1,23,21,17,4,5,0,0,8
]“‹ζ‹TΛ‚R’–Ϊ,29,2,0,2,2,0,1,1,0,0,1,0,0,0,0,0,0,0,1,19,0,0,8,2,0,0,0,0,1,1,7,5,0,1,0,0,4
]“‹ζ‹TΛ‚S’–Ϊ,22,0,0,0,3,0,2,1,0,0,0,0,0,0,0,0,0,0,0,11,0,1,10,0,0,0,0,0,0,0,0,8,2,1,0,0,5
]“‹ζ‹TΛ‚T’–Ϊ,121,0,0,0,13,0,5,8,0,0,4,0,0,0,4,0,0,0,0,91,0,2,42,3,0,0,1,0,1,20,22,13,1,4,0,0,8
]“‹ζ‹TΛ‚U’–Ϊ,117,0,0,0,2,0,2,0,0,0,1,0,0,0,1,0,0,0,0,97,0,1,36,6,1,0,1,0,0,40,12,17,8,2,1,0,6
]“‹ζ‹TΛ‚V’–Ϊ,39,1,0,1,4,0,4,0,0,0,0,0,0,0,0,0,0,0,0,24,1,1,15,2,0,0,0,0,0,0,5,10,4,0,0,0,6
]“‹ζ‹TΛ‚W’–Ϊ,8,0,0,0,0,0,0,0,0,0,0,0,0,0,0,0,0,0,0,7,0,0,4,0,0,0,0,0,0,0,3,1,0,0,0,0,1
]“‹ζ‹TΛ‚X’–Ϊ,54,0,0,0,0,0,0,0,0,0,1,0,0,0,0,0,1,0,0,46,0,4,37,0,1,0,0,0,0,0,4,7,3,2,0,0,2
]“‹ζ‘ε“‡‚P’–Ϊ,27,0,0,0,4,0,2,2,0,0,0,0,0,0,0,0,0,0,0,15,0,0,11,1,0,0,0,0,0,0,3,8,4,0,0,0,4
]“‹ζ‘ε“‡‚Q’–Ϊ,20,0,0,0,4,0,3,1,0,0,0,0,0,0,0,0,0,0,0,12,0,0,5,0,0,0,0,0,0,1,6,4,1,0,0,0,3
]“‹ζ‘ε“‡‚R’–Ϊ,25,1,0,1,1,0,1,0,0,0,1,0,0,0,0,1,0,0,0,16,0,0,5,2,0,0,0,0,0,0,9,6,2,0,0,0,4
]“‹ζ‘ε“‡‚S’–Ϊ,48,0,0,0,4,0,4,0,0,0,0,0,0,0,0,0,0,0,0,37,1,0,26,5,0,0,0,0,0,1,4,7,2,1,0,0,4
]“‹ζ‘ε“‡‚T’–Ϊ,40,0,0,0,1,0,0,0,1,0,0,0,0,0,0,0,0,0,0,33,0,0,19,1,0,0,0,0,0,4,9,6,1,0,0,0,5
]“‹ζ‘ε“‡‚U’–Ϊ,56,0,0,0,4,0,3,1,0,0,0,0,0,0,0,0,0,0,0,46,0,0,26,4,0,0,0,0,0,6,10,6,2,0,0,0,4
]“‹ζ‘ε“‡‚V’–Ϊ,40,0,0,0,4,0,2,1,1,0,2,0,0,0,1,1,0,0,0,26,0,0,17,1,1,0,0,0,0,2,5,8,3,0,0,0,5
]“‹ζ‘ε“‡‚W’–Ϊ,27,0,0,0,2,0,0,2,0,0,0,0,0,0,0,0,0,0,0,16,0,0,8,0,0,0,0,0,0,2,6,9,1,0,0,0,8
]“‹ζ‘ε“‡‚X’–Ϊ,26,0,0,0,4,0,2,1,1,0,0,0,0,0,0,0,0,0,0,20,0,2,15,2,0,0,0,0,0,1,0,2,1,0,0,0,1
]“‹ζ–k»‚P’–Ϊ,19,0,0,0,2,0,0,2,0,0,0,0,0,0,0,0,0,0,0,16,0,0,7,0,0,0,0,0,0,0,9,1,0,1,0,0,0
]“‹ζ–k»‚Q’–Ϊ,125,0,0,0,1,0,0,0,1,0,1,0,0,0,0,0,0,0,1,111,0,0,9,2,0,0,0,0,1,81,18,12,6,1,0,0,5
]“‹ζ–k»‚R’–Ϊ,22,0,0,0,0,0,0,0,0,0,0,0,0,0,0,0,0,0,0,17,0,0,7,3,0,0,0,0,0,2,5,5,1,2,0,0,2
]“‹ζ–k»‚S’–Ϊ,28,0,0,0,2,0,2,0,0,0,0,0,0,0,0,0,0,0,0,19,1,1,7,1,0,1,0,0,0,2,6,7,5,0,0,0,2
]“‹ζ–k»‚T’–Ϊ,57,0,0,0,4,0,2,2,0,0,1,1,0,0,0,0,0,0,0,41,0,4,22,2,0,0,0,0,0,5,8,11,7,1,0,0,3
]“‹ζ–k»‚U’–Ϊ,16,0,0,0,1,0,1,0,0,0,0,0,0,0,0,0,0,0,0,6,0,0,3,0,0,0,1,0,0,0,2,9,1,1,0,0,7
]“‹ζ–k»‚V’–Ϊ,9,0,0,0,0,0,0,0,0,0,0,0,0,0,0,0,0,0,0,6,0,0,2,0,0,0,0,0,0,1,3,3,1,0,0,0,2
]“‹ζ“»‚P’–Ϊ,22,0,0,0,0,0,0,0,0,0,0,0,0,0,0,0,0,0,0,19,1,2,5,0,0,0,0,0,0,11,0,3,2,0,0,0,1
]“‹ζ“»‚Q’–Ϊ,15,0,0,0,2,0,2,0,0,0,0,0,0,0,0,0,0,0,0,7,0,0,5,0,0,0,0,0,0,0,2,6,2,0,0,0,4
]“‹ζ“»‚R’–Ϊ,15,0,0,0,0,0,0,0,0,0,0,0,0,0,0,0,0,0,0,11,0,0,7,0,0,0,0,0,0,0,4,4,2,0,0,0,2
]“‹ζ“»‚S’–Ϊ,10,0,0,0,2,0,2,0,0,0,0,0,0,0,0,0,0,0,0,7,0,3,2,1,0,0,0,0,0,0,1,1,1,0,0,0,0
]“‹ζ“»‚T’–Ϊ,12,0,0,0,0,0,0,0,0,0,0,0,0,0,0,0,0,0,0,9,1,0,7,1,0,0,0,0,0,0,0,3,0,0,0,0,3
]“‹ζ“»‚U’–Ϊ,20,0,0,0,2,0,0,1,0,1,2,0,0,1,0,0,0,1,0,13,0,0,9,0,0,0,0,0,0,0,4,3,0,0,0,0,3
]“‹ζ“»‚V’–Ϊ,26,1,1,0,1,0,1,0,0,0,0,0,0,0,0,0,0,0,0,19,0,2,8,1,0,0,0,0,0,5,3,5,2,2,0,0,1
]“‹ζ“»‚W’–Ϊ,13,0,0,0,2,0,2,0,0,0,1,0,0,0,0,1,0,0,0,9,0,1,8,0,0,0,0,0,0,0,0,1,0,0,0,0,1
]“‹ζ“μ»‚P’–Ϊ,21,0,0,0,2,0,0,2,0,0,0,0,0,0,0,0,0,0,0,12,0,0,10,0,0,0,0,0,0,1,1,7,2,0,0,0,5
]“‹ζ“μ»‚Q’–Ϊ,63,0,0,0,6,0,4,2,0,0,4,0,1,0,0,3,0,0,0,38,0,3,18,0,0,0,0,0,0,10,7,15,6,0,0,0,9
]“‹ζ“μ»‚R’–Ϊ,34,0,0,0,1,0,0,0,1,0,0,0,0,0,0,0,0,0,0,27,0,1,23,0,0,0,0,0,0,0,3,6,3,0,0,0,3
]“‹ζ“μ»‚S’–Ϊ,14,0,0,0,1,0,0,0,1,0,0,0,0,0,0,0,0,0,0,6,0,0,4,0,0,0,0,0,0,1,1,7,4,0,0,0,3
]“‹ζ“μ»‚T’–Ϊ,17,0,0,0,1,0,0,1,0,0,0,0,0,0,0,0,0,0,0,12,0,0,5,1,0,0,0,0,0,3,3,4,1,1,0,0,2
]“‹ζ“μ»‚U’–Ϊ,84,0,0,0,3,0,1,2,0,0,0,0,0,0,0,0,0,0,0,73,0,0,51,0,0,0,0,0,1,17,4,8,1,3,0,0,4
]“‹ζ“μ»‚V’–Ϊ,8,0,0,0,2,0,0,2,0,0,0,0,0,0,0,0,0,0,0,5,0,0,1,0,0,0,0,0,0,2,2,1,0,0,0,0,1
]“‹ζV»‚P’–Ϊ,9,0,0,0,2,0,0,2,0,0,1,0,0,0,0,0,0,0,1,3,0,0,0,0,1,0,0,0,0,0,2,3,1,0,0,0,2
]“‹ζV»‚Q’–Ϊ,14,0,0,0,0,0,0,0,0,0,9,0,0,1,0,0,0,0,8,4,0,0,2,0,0,0,0,0,0,0,2,1,1,0,0,0,0
]“‹ζV»‚R’–Ϊ,62,1,0,1,5,0,3,2,0,0,1,0,0,0,0,0,0,0,1,47,0,0,19,1,0,0,0,0,0,22,5,8,0,1,0,0,7
]“‹ζV–Ψκ‚P’–Ϊ,29,0,0,0,6,0,4,2,0,0,0,0,0,0,0,0,0,0,0,9,0,0,4,1,0,0,0,0,0,1,3,14,2,6,0,0,6
]“‹ζV–Ψκ‚Q’–Ϊ,6,0,0,0,0,0,0,0,0,0,0,0,0,0,0,0,0,0,0,3,0,0,0,0,0,0,0,0,0,0,3,3,2,0,0,0,1
]“‹ζV–Ψκ‚R’–Ϊ,2,0,0,0,1,0,1,0,0,0,0,0,0,0,0,0,0,0,0,1,1,0,0,0,0,0,0,0,0,0,0,0,0,0,0,0,0
]“‹ζV–Ψκ‚S’–Ϊ,5,0,0,0,0,0,0,0,0,0,2,0,0,0,0,0,0,0,2,2,0,0,0,0,0,0,0,0,0,0,2,1,0,0,0,0,1
]“‹ζΒC‚P’–Ϊ,75,0,0,0,5,0,5,0,0,0,0,0,0,0,0,0,0,0,0,54,0,0,2,2,0,0,1,0,5,32,12,16,9,2,0,0,5
]“‹ζΒC‚Q’–Ϊ,15,0,0,0,4,0,2,2,0,0,0,0,0,0,0,0,0,0,0,5,0,0,1,0,0,0,0,0,0,1,3,6,2,1,0,0,3
]“‹ζΒC‚R’–Ϊ,1,0,0,0,0,0,0,0,0,0,0,0,0,0,0,0,0,0,0,0,0,0,0,0,0,0,0,0,0,0,0,1,0,0,0,0,1
]“‹ζ–²‚Μ“‡‚P’–Ϊ,3,0,0,0,0,0,0,0,0,0,0,0,0,0,0,0,0,0,0,2,0,0,0,0,0,0,0,0,0,0,2,1,0,0,0,0,1
]“‹ζ–²‚Μ“‡‚Q’–Ϊ,1,0,0,0,0,0,0,0,0,0,0,0,0,0,0,0,0,0,0,0,0,0,0,0,0,0,0,0,0,0,0,1,0,1,0,0,0
]“‹ζ–²‚Μ“‡‚R’–Ϊ,3,0,0,0,0,0,0,0,0,0,0,0,0,0,0,0,0,0,0,3,0,1,2,0,0,0,0,0,0,0,0,0,0,0,0,0,0
]“‹ζαF‚P’–Ϊ,2,0,0,0,1,0,0,0,1,0,0,0,0,0,0,0,0,0,0,1,0,0,0,0,0,0,0,0,0,0,1,0,0,0,0,0,0
]“‹ζαF‚R’–Ϊ,3,0,0,0,2,0,0,2,0,0,0,0,0,0,0,0,0,0,0,1,0,0,0,0,0,0,0,0,0,0,1,0,0,0,0,0,0
]“‹ζv,3332,24,4,20,255,0,149,87,17,2,45,1,1,3,9,10,1,1,19,2201,14,42,946,74,5,10,12,0,26,509,563,807,291,75,8,0,433
•iμ‹ζ–k•iμ‚P’–Ϊ,19,0,0,0,2,0,1,1,0,0,0,0,0,0,0,0,0,0,0,11,0,1,5,0,0,0,0,0,0,2,3,6,4,1,0,0,1
•iμ‹ζ–k•iμ‚Q’–Ϊ,25,0,0,0,4,0,1,2,1,0,0,0,0,0,0,0,0,0,0,13,0,0,5,0,0,0,0,0,0,2,6,8,3,1,0,0,4
•iμ‹ζ–k•iμ‚R’–Ϊ,17,0,0,0,1,0,0,0,1,0,1,0,0,0,0,0,0,0,1,8,0,1,4,2,0,0,0,0,0,1,0,7,2,1,0,0,4
•iμ‹ζ–k•iμ‚S’–Ϊ,8,0,0,0,2,0,1,0,1,0,0,0,0,0,0,0,0,0,0,4,0,0,3,0,0,0,0,0,0,0,1,2,1,0,0,0,1
•iμ‹ζ–k•iμ‚T’–Ϊ,24,0,0,0,5,0,3,2,0,0,0,0,0,0,0,0,0,0,0,6,0,0,1,0,0,0,0,0,1,2,2,13,9,0,0,0,4
•iμ‹ζ–k•iμ‚U’–Ϊ,4,0,0,0,0,0,0,0,0,0,0,0,0,0,0,0,0,0,0,3,0,0,2,0,0,0,0,0,0,0,1,1,0,1,0,0,0
•iμ‹ζ“•iμ‚P’–Ϊ,30,0,0,0,5,0,2,3,0,0,0,0,0,0,0,0,0,0,0,10,0,1,5,0,0,0,0,0,0,2,2,15,7,2,0,0,6
•iμ‹ζ“•iμ‚Q’–Ϊ,27,0,0,0,6,0,5,1,0,0,0,0,0,0,0,0,0,0,0,9,0,0,3,0,0,0,0,1,1,0,4,12,6,0,1,0,5
•iμ‹ζ“•iμ‚R’–Ϊ,37,0,0,0,4,0,1,3,0,0,0,0,0,0,0,0,0,0,0,20,0,0,7,0,0,0,0,0,2,2,9,13,5,1,2,0,5
•iμ‹ζ“•iμ‚S’–Ϊ,36,0,0,0,6,0,6,0,0,0,0,0,0,0,0,0,0,0,0,20,0,0,3,0,0,0,0,0,0,13,4,10,8,0,1,0,1
•iμ‹ζ“•iμ‚T’–Ϊ,1,0,0,0,0,0,0,0,0,0,0,0,0,0,0,0,0,0,0,0,0,0,0,0,0,0,0,0,0,0,0,1,1,0,0,0,0
•iμ‹ζ“μ•iμ‚P’–Ϊ,14,0,0,0,2,0,1,1,0,0,0,0,0,0,0,0,0,0,0,9,0,0,3,0,0,0,0,0,0,3,3,3,1,0,0,0,2
•iμ‹ζ“μ•iμ‚Q’–Ϊ,22,0,0,0,1,0,0,1,0,0,0,0,0,0,0,0,0,0,0,18,0,0,9,1,0,0,0,0,0,5,3,3,1,1,1,0,0
•iμ‹ζ“μ•iμ‚R’–Ϊ,31,1,0,1,2,0,1,1,0,0,0,0,0,0,0,0,0,0,0,21,0,0,9,0,0,0,0,0,2,7,3,7,2,2,0,0,3
•iμ‹ζ“μ•iμ‚S’–Ϊ,15,0,0,0,1,0,1,0,0,0,1,0,0,1,0,0,0,0,0,7,0,1,5,0,0,0,0,0,0,0,1,6,3,1,0,0,2
•iμ‹ζ“μ•iμ‚T’–Ϊ,17,0,0,0,2,0,1,1,0,0,0,0,0,0,0,0,0,0,0,12,0,0,11,1,0,0,0,0,0,0,0,3,2,0,0,0,1
•iμ‹ζ“μ•iμ‚U’–Ϊ,6,0,0,0,0,0,0,0,0,0,0,0,0,0,0,0,0,0,0,4,0,0,3,0,0,0,0,0,0,0,1,2,0,0,0,0,2
•iμ‹ζΌ•iμ‚P’–Ϊ,19,1,0,1,3,0,2,0,1,0,0,0,0,0,0,0,0,0,0,9,0,1,5,1,0,0,0,0,0,1,1,6,3,0,0,0,3
•iμ‹ζΌ•iμ‚Q’–Ϊ,15,0,0,0,3,0,2,1,0,0,0,0,0,0,0,0,0,0,0,3,0,0,1,0,0,0,0,0,0,0,2,9,6,0,0,0,3
•iμ‹ζΌ•iμ‚R’–Ϊ,8,0,0,0,1,0,0,1,0,0,1,0,0,0,0,1,0,0,0,3,0,0,1,0,0,0,0,0,0,0,2,3,2,0,0,0,1
•iμ‹ζL’¬‚P’–Ϊ,5,0,0,0,0,0,0,0,0,0,0,0,0,0,0,0,0,0,0,0,0,0,0,0,0,0,0,0,0,0,0,5,0,0,0,0,5
•iμ‹ζL’¬‚Q’–Ϊ,7,0,0,0,1,0,1,0,0,0,0,0,0,0,0,0,0,0,0,4,0,0,1,0,0,2,0,0,0,0,1,2,0,1,0,0,1
•iμ‹ζγ‘εθ‚P’–Ϊ,13,0,0,0,5,0,3,2,0,0,0,0,0,0,0,0,0,0,0,7,0,0,6,0,0,0,0,0,0,0,1,1,0,0,0,0,1
•iμ‹ζγ‘εθ‚Q’–Ϊ,51,1,0,1,3,0,2,1,0,0,0,0,0,0,0,0,0,0,0,33,0,1,12,0,0,0,2,0,1,4,13,14,6,1,1,0,6
•iμ‹ζγ‘εθ‚R’–Ϊ,22,0,0,0,4,0,0,3,1,0,2,2,0,0,0,0,0,0,0,12,0,0,3,0,0,0,0,0,0,4,5,4,2,0,0,0,2
•iμ‹ζγ‘εθ‚S’–Ϊ,14,0,0,0,2,0,2,0,0,0,0,0,0,0,0,0,0,0,0,6,0,1,1,0,0,0,2,0,0,0,2,6,1,0,0,0,5
•iμ‹ζ“ά”½“c‚P’–Ϊ,92,5,2,3,18,0,13,4,1,0,1,0,0,0,1,0,0,0,0,41,0,0,5,0,0,0,3,1,3,4,25,27,9,1,0,0,17
•iμ‹ζ“ά”½“c‚Q’–Ϊ,49,0,0,0,4,0,1,2,0,1,1,1,0,0,0,0,0,0,0,29,0,0,9,0,0,0,0,0,0,13,7,15,7,3,0,0,5
•iμ‹ζ“ά”½“c‚R’–Ϊ,6,0,0,0,1,0,1,0,0,0,1,1,0,0,0,0,0,0,0,2,0,0,1,0,0,0,0,0,0,0,1,2,0,0,0,0,2
•iμ‹ζ“ά”½“c‚S’–Ϊ,8,0,0,0,2,0,1,1,0,0,0,0,0,0,0,0,0,0,0,3,0,0,2,1,0,0,0,0,0,0,0,3,1,0,0,0,2
•iμ‹ζ“ά”½“c‚T’–Ϊ,19,0,0,0,4,0,3,1,0,0,2,0,0,0,1,1,0,0,0,9,0,0,5,0,0,0,0,0,0,0,4,4,2,0,0,0,2
•iμ‹ζΌά”½“c‚P’–Ϊ,31,1,1,0,4,0,2,2,0,0,0,0,0,0,0,0,0,0,0,17,0,0,7,1,0,1,0,0,0,0,8,9,5,0,0,0,4
•iμ‹ζΌά”½“c‚Q’–Ϊ,41,2,1,1,3,0,1,2,0,0,1,1,0,0,0,0,0,0,0,26,0,1,5,0,0,0,0,0,1,3,16,9,3,1,0,0,5
•iμ‹ζΌά”½“c‚R’–Ϊ,19,0,0,0,3,0,3,0,0,0,1,0,0,0,1,0,0,0,0,6,0,0,2,0,0,0,0,0,0,0,4,9,4,2,0,0,3
•iμ‹ζΌά”½“c‚S’–Ϊ,15,1,0,1,1,0,1,0,0,0,0,0,0,0,0,0,0,0,0,10,0,0,5,0,0,2,0,0,0,2,1,3,2,0,0,0,1
•iμ‹ζΌά”½“c‚T’–Ϊ,10,0,0,0,0,0,0,0,0,0,0,0,0,0,0,0,0,0,0,5,0,1,3,0,0,0,0,0,0,0,1,5,2,1,0,0,2
•iμ‹ζΌά”½“c‚U’–Ϊ,12,0,0,0,3,0,1,1,1,0,5,0,0,0,0,5,0,0,0,4,0,0,2,0,0,0,0,0,0,0,2,0,0,0,0,0,0
•iμ‹ζΌά”½“c‚V’–Ϊ,20,0,0,0,0,0,0,0,0,0,2,0,0,0,0,1,0,1,0,11,0,0,4,0,0,0,1,0,0,4,2,7,5,0,0,0,2
•iμ‹ζΌά”½“c‚W’–Ϊ,24,0,0,0,1,0,0,1,0,0,12,0,0,0,0,12,0,0,0,7,0,0,6,0,0,0,0,0,0,1,0,4,1,1,0,0,2
•iμ‹ζ‘εθ‚P’–Ϊ,120,1,0,1,14,0,9,4,1,0,0,0,0,0,0,0,0,0,0,85,0,0,8,0,0,0,2,0,0,3,72,20,3,6,1,0,10
•iμ‹ζ‘εθ‚Q’–Ϊ,17,0,0,0,3,0,1,2,0,0,0,0,0,0,0,0,0,0,0,6,0,0,3,0,0,0,0,0,0,0,3,8,2,1,0,0,5
•iμ‹ζ‘εθ‚R’–Ϊ,26,0,0,0,1,0,1,0,0,0,0,0,0,0,0,0,0,0,0,15,0,1,4,0,0,0,0,0,0,3,7,10,1,3,0,0,6
•iμ‹ζ‘εθ‚S’–Ϊ,17,0,0,0,2,0,2,0,0,0,2,0,0,0,0,2,0,0,0,9,0,0,5,1,0,0,1,0,0,2,0,4,0,0,0,0,4
•iμ‹ζ‘εθ‚T’–Ϊ,13,0,0,0,1,0,1,0,0,0,0,0,0,0,0,0,0,0,0,6,0,0,2,0,0,0,0,0,0,0,4,6,0,0,0,0,6
•iμ‹ζ“‘εδ‚P’–Ϊ,30,0,0,0,2,0,0,2,0,0,0,0,0,0,0,0,0,0,0,15,0,1,8,0,0,0,0,0,0,1,5,13,4,2,2,0,5
•iμ‹ζ“‘εδ‚Q’–Ϊ,31,0,0,0,4,0,1,3,0,0,1,0,0,0,0,1,0,0,0,16,0,0,9,1,0,0,0,0,0,1,5,10,6,0,0,0,4
•iμ‹ζ“‘εδ‚R’–Ϊ,16,0,0,0,0,0,0,0,0,0,0,0,0,0,0,0,0,0,0,11,0,0,7,0,0,1,0,0,0,2,1,5,1,1,0,0,3
•iμ‹ζ“‘εδ‚S’–Ϊ,5,0,0,0,1,0,1,0,0,0,0,0,0,0,0,0,0,0,0,1,0,0,1,0,0,0,0,0,0,0,0,3,3,0,0,0,0
•iμ‹ζ“‘εδ‚T’–Ϊ,73,0,0,0,7,0,5,1,1,0,1,0,0,1,0,0,0,0,0,44,0,0,18,0,0,0,0,0,1,14,11,21,6,2,0,0,13
•iμ‹ζ“‘εδ‚U’–Ϊ,9,0,0,0,1,0,1,0,0,0,0,0,0,0,0,0,0,0,0,5,0,0,4,0,0,0,0,0,0,0,1,3,2,0,0,0,1
•iμ‹ζ“μ‘εδ‚P’–Ϊ,15,0,0,0,1,0,0,0,1,0,0,0,0,0,0,0,0,0,0,13,0,0,9,0,0,0,0,0,0,1,3,1,1,0,0,0,0
•iμ‹ζ“μ‘εδ‚Q’–Ϊ,18,0,0,0,0,0,0,0,0,0,2,0,0,0,0,2,0,0,0,7,0,0,5,0,0,0,0,0,0,0,2,9,2,1,0,0,6
•iμ‹ζ“μ‘εδ‚R’–Ϊ,24,0,0,0,3,0,1,2,0,0,0,0,0,0,0,0,0,0,0,15,0,1,6,0,0,0,0,0,0,3,5,6,4,1,1,0,0
•iμ‹ζ“μ‘εδ‚S’–Ϊ,16,0,0,0,0,0,0,0,0,0,0,0,0,0,0,0,0,0,0,13,0,0,8,1,0,0,0,0,0,0,4,3,2,0,0,0,1
•iμ‹ζ“μ‘εδ‚T’–Ϊ,21,0,0,0,1,0,1,0,0,0,2,0,0,0,0,1,0,1,0,13,0,0,9,1,0,0,0,0,0,1,2,5,1,0,0,0,4
•iμ‹ζ“μ‘εδ‚U’–Ϊ,99,0,0,0,2,0,1,1,0,0,0,0,0,0,0,0,0,0,0,87,0,0,16,1,0,1,0,0,0,60,9,10,6,1,0,0,3
•iμ‹ζ“‡‚P’–Ϊ,21,0,0,0,2,0,1,1,0,0,1,0,0,0,0,1,0,0,0,16,0,0,6,0,0,0,0,0,0,6,4,2,0,1,0,0,1
•iμ‹ζ“‡‚Q’–Ϊ,6,0,0,0,0,0,0,0,0,0,0,0,0,0,0,0,0,0,0,3,0,0,0,1,0,0,0,0,0,0,2,3,1,0,1,0,1
•iμ‹ζ“‡‚R’–Ϊ,1,1,1,0,0,0,0,0,0,0,0,0,0,0,0,0,0,0,0,0,0,0,0,0,0,0,0,0,0,0,0,0,0,0,0,0,0
•iμ‹ζ‘εδ‚P’–Ϊ,143,0,0,0,13,0,7,5,0,1,1,1,0,0,0,0,0,0,0,99,0,0,42,0,1,0,1,0,3,26,26,30,12,3,0,0,15
•iμ‹ζ‘εδ‚Q’–Ϊ,11,0,0,0,1,0,0,0,1,0,0,0,0,0,0,0,0,0,0,6,0,0,4,0,0,0,0,0,0,0,2,4,2,0,0,0,2
•iμ‹ζ‘εδ‚R’–Ϊ,8,0,0,0,1,0,0,0,1,0,0,0,0,0,0,0,0,0,0,5,0,0,5,0,0,0,0,0,0,0,0,2,1,0,0,0,1
•iμ‹ζ‘εδ‚S’–Ϊ,10,0,0,0,0,0,0,0,0,0,0,0,0,0,0,0,0,0,0,4,0,0,3,1,0,0,0,0,0,0,0,6,5,1,0,0,0
•iμ‹ζ‘εδ‚T’–Ϊ,10,1,0,1,1,0,1,0,0,0,0,0,0,0,0,0,0,0,0,2,0,0,1,0,0,0,0,0,0,0,1,6,4,0,0,0,2
•iμ‹ζ‘εδ‚U’–Ϊ,11,0,0,0,1,0,1,0,0,0,0,0,0,0,0,0,0,0,0,7,2,0,1,1,0,0,0,0,0,3,0,3,2,0,0,0,1
•iμ‹ζ‘εδ‚V’–Ϊ,6,0,0,0,0,0,0,0,0,0,0,0,0,0,0,0,0,0,0,5,0,0,2,0,0,0,0,0,0,0,3,1,0,0,0,0,1
•iμ‹ζΌ‘εδ‚P’–Ϊ,28,0,0,0,6,0,4,1,1,0,1,0,0,0,0,0,0,1,0,17,0,0,11,1,0,0,0,0,0,0,5,4,1,0,0,0,3
•iμ‹ζΌ‘εδ‚Q’–Ϊ,4,0,0,0,0,0,0,0,0,0,0,0,0,0,0,0,0,0,0,3,0,0,3,0,0,0,0,0,0,0,0,1,0,0,0,0,1
•iμ‹ζΌ‘εδ‚R’–Ϊ,4,0,0,0,1,0,0,0,1,0,0,0,0,0,0,0,0,0,0,3,0,0,2,0,0,0,0,0,0,0,1,0,0,0,0,0,0
•iμ‹ζΌ‘εδ‚S’–Ϊ,8,0,0,0,1,0,0,1,0,0,0,0,0,0,0,0,0,0,0,2,0,0,2,0,0,0,0,0,0,0,0,5,3,0,0,0,2
•iμ‹ζΌ‘εδ‚T’–Ϊ,4,0,0,0,0,0,0,0,0,0,0,0,0,0,0,0,0,0,0,2,0,0,1,0,0,0,0,0,0,0,1,2,1,0,0,0,1
•iμ‹ζΌ‘εδ‚U’–Ϊ,9,0,0,0,0,0,0,0,0,0,0,0,0,0,0,0,0,0,0,5,0,0,2,1,0,0,0,0,0,0,2,4,2,0,0,0,2
•iμ‹ζ¬R‘δ‚P’–Ϊ,12,0,0,0,0,0,0,0,0,0,0,0,0,0,0,0,0,0,0,8,0,0,5,1,0,0,0,0,0,1,1,4,2,0,0,0,2
•iμ‹ζ¬R‘δ‚Q’–Ϊ,3,0,0,0,0,0,0,0,0,0,0,0,0,0,0,0,0,0,0,2,0,0,2,0,0,0,0,0,0,0,0,1,0,0,0,0,1
•iμ‹ζ¬R‚P’–Ϊ,2,1,0,1,0,0,0,0,0,0,0,0,0,0,0,0,0,0,0,1,0,0,1,0,0,0,0,0,0,0,0,0,0,0,0,0,0
•iμ‹ζ¬R‚Q’–Ϊ,13,0,0,0,0,0,0,0,0,0,0,0,0,0,0,0,0,0,0,11,0,0,3,0,0,0,0,0,0,8,0,2,1,0,0,0,1
•iμ‹ζ¬R‚R’–Ϊ,50,0,0,0,5,0,3,2,0,0,3,0,0,0,3,0,0,0,0,32,0,0,15,0,0,0,0,0,0,11,6,10,2,1,0,0,7
•iμ‹ζ¬R‚S’–Ϊ,18,0,0,0,2,0,2,0,0,0,1,0,0,0,0,1,0,0,0,10,0,1,6,0,0,0,0,0,0,0,3,5,0,0,0,0,5
•iμ‹ζ¬R‚T’–Ϊ,3,0,0,0,0,0,0,0,0,0,0,0,0,0,0,0,0,0,0,2,0,0,0,0,0,0,0,0,0,0,2,1,0,0,0,0,1
•iμ‹ζ¬R‚U’–Ϊ,13,0,0,0,1,0,1,0,0,0,0,0,0,0,0,0,0,0,0,8,0,1,7,0,0,0,0,0,0,0,0,4,0,0,0,0,4
•iμ‹ζ¬R‚V’–Ϊ,1,0,0,0,0,0,0,0,0,0,0,0,0,0,0,0,0,0,0,1,0,0,0,0,0,0,0,0,0,0,1,0,0,0,0,0,0
•iμ‹ζ‰`΄‚P’–Ϊ,10,0,0,0,2,0,2,0,0,0,0,0,0,0,0,0,0,0,0,7,0,0,6,0,0,0,0,0,0,0,1,1,1,0,0,0,0
•iμ‹ζ‰`΄‚Q’–Ϊ,9,0,0,0,1,0,0,1,0,0,0,0,0,0,0,0,0,0,0,7,0,0,5,0,0,0,0,0,0,0,2,1,0,0,0,0,1
•iμ‹ζ‰`΄‚R’–Ϊ,15,0,0,0,0,0,0,0,0,0,0,0,0,0,0,0,0,0,0,13,0,0,5,0,0,0,0,0,0,6,2,2,2,0,0,0,0
•iμ‹ζ‰`΄‚S’–Ϊ,23,0,0,0,0,0,0,0,0,0,2,0,0,0,1,0,0,0,1,20,0,0,7,0,0,0,0,0,0,10,3,1,0,0,0,0,1
•iμ‹ζ‰`΄‚T’–Ϊ,7,0,0,0,0,0,0,0,0,0,0,0,0,0,0,0,0,0,0,6,0,0,3,0,0,0,0,0,0,0,3,1,0,0,0,0,1
•iμ‹ζ‰`΄‚U’–Ϊ,5,0,0,0,1,0,1,0,0,0,0,0,0,0,0,0,0,0,0,3,0,0,3,0,0,0,0,0,0,0,0,1,1,0,0,0,0
•iμ‹ζ‰`΄‚V’–Ϊ,3,1,0,1,1,0,1,0,0,0,0,0,0,0,0,0,0,0,0,1,0,0,0,0,0,0,0,0,0,0,1,0,0,0,0,0,0
•iμ‹ζ•½’Λ‚P’–Ϊ,11,0,0,0,0,0,0,0,0,0,0,0,0,0,0,0,0,0,0,8,0,0,3,0,0,1,0,0,0,0,4,3,0,0,1,0,2
•iμ‹ζ•½’Λ‚Q’–Ϊ,15,0,0,0,2,0,2,0,0,0,4,0,0,0,0,4,0,0,0,6,0,0,2,0,0,0,0,0,0,0,4,3,0,2,0,0,1
•iμ‹ζ•½’Λ‚R’–Ϊ,4,0,0,0,0,0,0,0,0,0,0,0,0,0,0,0,0,0,0,2,0,0,0,1,0,0,0,0,0,0,1,2,0,0,0,0,2
•iμ‹ζψ‚Μ‘δ‚P’–Ϊ,6,0,0,0,0,0,0,0,0,0,0,0,0,0,0,0,0,0,0,4,0,0,1,0,0,0,0,0,0,2,1,2,1,1,0,0,0
•iμ‹ζψ‚Μ‘δ‚Q’–Ϊ,16,0,0,0,0,0,0,0,0,0,1,0,0,0,0,1,0,0,0,12,0,0,8,0,0,0,0,0,0,1,3,3,0,0,0,0,3
•iμ‹ζψ‚Μ‘δ‚R’–Ϊ,12,0,0,0,0,0,0,0,0,0,0,0,0,0,0,0,0,0,0,9,0,0,7,0,0,0,0,0,0,0,2,3,1,0,0,0,2
•iμ‹ζψ‚Μ‘δ‚S’–Ϊ,6,0,0,0,0,0,0,0,0,0,1,0,0,0,0,1,0,0,0,3,0,0,3,0,0,0,0,0,0,0,0,2,1,1,0,0,0
•iμ‹ζψ‚Μ‘δ‚T’–Ϊ,8,0,0,0,0,0,0,0,0,0,0,0,0,0,0,0,0,0,0,6,0,0,1,1,0,0,0,0,0,0,4,2,1,0,0,0,1
•iμ‹ζψ‚Μ‘δ‚U’–Ϊ,2,0,0,0,1,0,0,0,1,0,0,0,0,0,0,0,0,0,0,0,0,0,0,0,0,0,0,0,0,0,0,1,1,0,0,0,0
•iμ‹ζ’†‰„‚P’–Ϊ,5,0,0,0,0,0,0,0,0,0,0,0,0,0,0,0,0,0,0,3,0,0,2,0,0,0,0,0,0,0,1,2,1,0,0,0,1
•iμ‹ζ’†‰„‚Q’–Ϊ,14,0,0,0,3,0,2,1,0,0,0,0,0,0,0,0,0,0,0,7,0,0,3,0,0,0,0,0,0,2,2,4,0,0,0,0,4
•iμ‹ζ’†‰„‚R’–Ϊ,6,0,0,0,0,0,0,0,0,0,0,0,0,0,0,0,0,0,0,4,0,0,1,0,0,0,0,0,0,1,2,2,1,0,0,0,1
•iμ‹ζ’†‰„‚S’–Ϊ,13,0,0,0,0,0,0,0,0,0,0,0,0,0,0,0,0,0,0,13,0,1,8,0,0,0,0,0,0,2,2,0,0,0,0,0,0
•iμ‹ζ’†‰„‚T’–Ϊ,9,0,0,0,1,0,0,1,0,0,0,0,0,0,0,0,0,0,0,7,0,0,2,1,0,1,0,0,0,1,2,1,0,0,0,0,1
•iμ‹ζ’†‰„‚U’–Ϊ,4,0,0,0,1,0,1,0,0,0,0,0,0,0,0,0,0,0,0,1,0,0,0,0,0,0,0,0,0,0,1,2,1,0,0,0,1
•iμ‹ζΌ’†‰„‚P’–Ϊ,6,0,0,0,0,0,0,0,0,0,0,0,0,0,0,0,0,0,0,3,0,0,2,1,0,0,0,0,0,0,0,3,0,0,0,0,3
•iμ‹ζΌ’†‰„‚Q’–Ϊ,5,0,0,0,0,0,0,0,0,0,0,0,0,0,0,0,0,0,0,5,0,0,4,0,0,0,0,0,1,0,0,0,0,0,0,0,0
•iμ‹ζΌ’†‰„‚R’–Ϊ,1,0,0,0,1,0,1,0,0,0,0,0,0,0,0,0,0,0,0,0,0,0,0,0,0,0,0,0,0,0,0,0,0,0,0,0,0
•iμ‹ζ“’†‰„‚P’–Ϊ,4,0,0,0,0,0,0,0,0,0,0,0,0,0,0,0,0,0,0,3,0,0,2,0,0,0,0,0,0,0,1,1,0,0,0,0,1
•iμ‹ζ“’†‰„‚Q’–Ϊ,17,0,0,0,0,0,0,0,0,0,0,0,0,0,0,0,0,0,0,14,0,0,3,0,0,0,0,0,0,6,5,3,2,0,0,0,1
•iμ‹ζΛ‰z‚P’–Ϊ,17,0,0,0,2,0,1,1,0,0,0,0,0,0,0,0,0,0,0,12,0,0,9,0,0,0,0,0,0,1,2,3,1,0,0,0,2
•iμ‹ζΛ‰z‚Q’–Ϊ,7,2,0,2,1,0,1,0,0,0,0,0,0,0,0,0,0,0,0,3,0,0,2,0,0,0,0,0,0,0,1,1,0,0,0,0,1
•iμ‹ζΛ‰z‚R’–Ϊ,12,0,0,0,0,0,0,0,0,0,0,0,0,0,0,0,0,0,0,7,0,0,1,0,0,0,0,0,0,5,1,5,1,3,0,0,1
•iμ‹ζΛ‰z‚S’–Ϊ,6,0,0,0,0,0,0,0,0,0,0,0,0,0,0,0,0,0,0,6,0,0,5,0,0,0,0,0,0,0,1,0,0,0,0,0,0
•iμ‹ζΛ‰z‚T’–Ϊ,10,0,0,0,1,0,1,0,0,0,0,0,0,0,0,0,0,0,0,7,0,0,5,0,0,0,0,0,1,1,0,2,0,0,0,0,2
•iμ‹ζΛ‰z‚U’–Ϊ,13,0,0,0,0,0,0,0,0,0,0,0,0,0,0,0,0,0,0,11,0,1,7,0,0,1,0,0,0,1,1,2,0,0,0,0,2
•iμ‹ζ–L’¬‚P’–Ϊ,6,0,0,0,0,0,0,0,0,0,0,0,0,0,0,0,0,0,0,5,0,0,4,0,1,0,0,0,0,0,0,1,1,0,0,0,0
•iμ‹ζ–L’¬‚Q’–Ϊ,9,0,0,0,0,0,0,0,0,0,0,0,0,0,0,0,0,0,0,6,0,0,2,0,0,0,0,0,0,0,4,3,2,0,0,0,1
•iμ‹ζ–L’¬‚R’–Ϊ,8,0,0,0,1,0,1,0,0,0,0,0,0,0,0,0,0,0,0,5,0,0,4,0,0,0,0,0,0,0,1,2,1,0,0,0,1
•iμ‹ζ–L’¬‚S’–Ϊ,3,0,0,0,0,0,0,0,0,0,0,0,0,0,0,0,0,0,0,3,0,0,2,0,0,0,0,0,0,0,1,0,0,0,0,0,0
•iμ‹ζ–L’¬‚T’–Ϊ,5,0,0,0,0,0,0,0,0,0,0,0,0,0,0,0,0,0,0,2,0,0,2,0,0,0,0,0,0,0,0,3,2,0,0,0,1
•iμ‹ζ–L’¬‚U’–Ϊ,15,0,0,0,1,0,1,0,0,0,2,0,0,0,0,2,0,0,0,8,0,0,2,1,0,0,0,0,0,0,5,4,0,0,0,0,4
•iμ‹ζ“ρ—t‚P’–Ϊ,8,0,0,0,0,0,0,0,0,0,0,0,0,0,0,0,0,0,0,6,0,0,2,0,0,0,0,0,0,1,3,2,1,0,0,0,1
•iμ‹ζ“ρ—t‚Q’–Ϊ,8,0,0,0,1,0,0,1,0,0,0,0,0,0,0,0,0,0,0,6,0,0,4,0,0,0,0,0,0,0,2,1,0,0,0,0,1
•iμ‹ζ“ρ—t‚R’–Ϊ,10,0,0,0,1,0,0,1,0,0,0,0,0,0,0,0,0,0,0,7,0,0,3,0,0,0,0,0,0,0,4,2,0,0,0,0,2
•iμ‹ζ“ρ—t‚S’–Ϊ,8,0,0,0,0,0,0,0,0,0,0,0,0,0,0,0,0,0,0,5,0,0,4,0,0,0,0,0,0,0,1,3,1,0,0,0,2
•iμ‹ζ”ª’ª‚P’–Ϊ,3,0,0,0,1,0,1,0,0,0,0,0,0,0,0,0,0,0,0,1,0,0,0,1,0,0,0,0,0,0,0,1,0,0,0,0,1
•iμ‹ζ”ª’ª‚R’–Ϊ,22,0,0,0,6,0,2,4,0,0,0,0,0,0,0,0,0,0,0,12,0,0,1,0,0,0,0,0,0,2,9,4,1,1,1,0,1
•iμ‹ζ”ª’ª‚T’–Ϊ,52,0,0,0,3,0,3,0,0,0,0,0,0,0,0,0,0,0,0,42,0,3,24,0,0,0,0,0,0,3,12,7,1,1,0,0,5
•iμ‹ζv,2240,19,5,14,219,0,129,73,15,2,56,6,0,2,7,36,0,3,2,1358,2,19,574,24,2,10,12,2,17,266,430,588,225,55,13,0,295
–Ϊ•‹ζ‹ξκ‚P’–Ϊ,16,0,0,0,0,0,0,0,0,0,1,0,0,0,0,1,0,0,0,11,0,0,10,0,0,0,0,0,0,0,1,4,1,0,0,0,3
–Ϊ•‹ζ‹ξκ‚Q’–Ϊ,2,0,0,0,0,0,0,0,0,0,0,0,0,0,0,0,0,0,0,1,0,0,1,0,0,0,0,0,0,0,0,1,0,0,0,0,1
–Ϊ•‹ζ‹ξκ‚R’–Ϊ,21,0,0,0,0,0,0,0,0,0,5,0,3,0,0,0,0,0,2,15,0,0,3,1,0,0,0,0,1,0,10,1,0,0,0,0,1
–Ϊ•‹ζ‹ξκ‚S’–Ϊ,11,0,0,0,2,0,1,1,0,0,1,0,0,0,0,1,0,0,0,7,0,0,5,1,0,0,0,0,0,0,1,1,0,0,0,0,1
–Ϊ•‹ζΒ—t‘δ‚P’–Ϊ,20,0,0,0,1,0,1,0,0,0,1,0,0,1,0,0,0,0,0,7,0,0,4,0,0,0,0,0,1,1,1,11,5,0,2,0,4
–Ϊ•‹ζΒ—t‘δ‚Q’–Ϊ,23,0,0,0,1,0,1,0,0,0,1,0,0,0,0,0,1,0,0,16,0,0,3,1,0,0,0,0,1,5,6,5,1,1,0,0,3
–Ϊ•‹ζΒ—t‘δ‚R’–Ϊ,17,1,0,1,2,0,0,0,2,0,0,0,0,0,0,0,0,0,0,9,0,0,6,0,0,0,0,0,1,0,2,5,0,0,0,0,5
–Ϊ•‹ζΒ—t‘δ‚S’–Ϊ,25,0,0,0,1,0,1,0,0,0,0,0,0,0,0,0,0,0,0,9,0,0,7,0,0,0,0,0,1,0,1,15,6,1,0,0,8
–Ϊ•‹ζ“R‚P’–Ϊ,16,0,0,0,2,0,1,1,0,0,0,0,0,0,0,0,0,0,0,8,0,0,4,0,0,0,0,0,0,1,3,6,1,2,0,0,3
–Ϊ•‹ζ“R‚Q’–Ϊ,9,1,0,1,0,0,0,0,0,0,0,0,0,0,0,0,0,0,0,3,0,0,2,1,0,0,0,0,0,0,0,5,3,0,0,0,2
–Ϊ•‹ζ“R‚R’–Ϊ,30,0,0,0,2,0,2,0,0,0,2,0,0,0,0,0,0,0,2,15,0,0,7,1,0,0,1,0,0,0,6,11,4,1,0,0,6
–Ϊ•‹ζ‘ε‹΄‚P’–Ϊ,19,0,0,0,0,0,0,0,0,0,2,0,0,0,0,0,2,0,0,13,0,0,7,1,0,0,0,0,0,1,4,4,2,0,0,0,2
–Ϊ•‹ζ‘ε‹΄‚Q’–Ϊ,35,0,0,0,5,0,4,1,0,0,1,1,0,0,0,0,0,0,0,21,0,0,11,0,0,0,0,0,0,4,6,8,0,2,0,0,6
–Ϊ•‹ζγ–Ϊ•‚P’–Ϊ,41,0,0,0,7,0,4,2,1,0,8,0,0,0,8,0,0,0,0,20,0,0,8,2,0,0,0,0,2,4,4,6,1,0,0,0,5
–Ϊ•‹ζγ–Ϊ•‚Q’–Ϊ,47,0,0,0,0,0,0,0,0,0,4,0,0,0,4,0,0,0,0,31,0,0,24,1,0,0,0,0,0,2,4,12,8,0,0,0,4
–Ϊ•‹ζγ–Ϊ•‚R’–Ϊ,47,0,0,0,7,0,7,0,0,0,1,0,0,0,1,0,0,0,0,26,0,0,14,1,0,0,0,0,1,1,9,13,2,3,0,0,8
–Ϊ•‹ζγ–Ϊ•‚S’–Ϊ,12,0,0,0,1,0,0,1,0,0,0,0,0,0,0,0,0,0,0,5,0,0,4,0,0,0,0,0,0,0,1,6,6,0,0,0,0
–Ϊ•‹ζγ–Ϊ•‚T’–Ϊ,16,0,0,0,2,0,0,2,0,0,1,0,0,0,0,0,1,0,0,8,0,0,7,0,0,0,0,0,0,0,1,5,2,0,0,0,3
–Ϊ•‹ζ’†–Ϊ•‚P’–Ϊ,18,2,0,2,2,0,0,2,0,0,0,0,0,0,0,0,0,0,0,6,0,0,4,0,0,0,0,0,1,0,1,8,5,2,0,0,1
–Ϊ•‹ζ’†–Ϊ•‚Q’–Ϊ,12,0,0,0,0,0,0,0,0,0,0,0,0,0,0,0,0,0,0,8,0,1,1,0,0,0,0,0,0,0,6,4,1,1,1,0,1
–Ϊ•‹ζ’†–Ϊ•‚R’–Ϊ,9,0,0,0,1,0,0,1,0,0,0,0,0,0,0,0,0,0,0,5,0,0,4,0,0,0,0,0,0,0,1,3,0,0,0,0,3
–Ϊ•‹ζ’†–Ϊ•‚S’–Ϊ,4,0,0,0,1,0,1,0,0,0,0,0,0,0,0,0,0,0,0,2,0,0,0,0,0,0,0,0,1,0,1,1,0,0,0,0,1
–Ϊ•‹ζ’†–Ϊ•‚T’–Ϊ,9,0,0,0,1,0,0,1,0,0,0,0,0,0,0,0,0,0,0,4,0,0,4,0,0,0,0,0,0,0,0,4,2,0,0,0,2
–Ϊ•‹ζO“c‚P’–Ϊ,11,1,0,1,0,0,0,0,0,0,0,0,0,0,0,0,0,0,0,4,0,0,3,0,0,0,0,0,0,0,1,6,2,0,0,0,4
–Ϊ•‹ζO“c‚Q’–Ϊ,5,0,0,0,1,0,0,1,0,0,0,0,0,0,0,0,0,0,0,1,0,0,0,0,0,0,0,0,0,0,1,3,3,0,0,0,0
–Ϊ•‹ζ–Ϊ•‚P’–Ϊ,20,0,0,0,5,0,3,1,1,0,0,0,0,0,0,0,0,0,0,5,0,0,2,1,0,0,0,0,0,0,2,10,2,3,0,0,5
–Ϊ•‹ζ–Ϊ•‚Q’–Ϊ,8,0,0,0,0,0,0,0,0,0,0,0,0,0,0,0,0,0,0,6,0,0,6,0,0,0,0,0,0,0,0,2,0,0,1,0,1
–Ϊ•‹ζ–Ϊ•‚R’–Ϊ,14,1,1,0,0,0,0,0,0,0,0,0,0,0,0,0,0,0,0,13,0,0,5,2,0,1,0,0,0,0,5,0,0,0,0,0,0
–Ϊ•‹ζ–Ϊ•‚S’–Ϊ,5,1,0,1,0,0,0,0,0,0,0,0,0,0,0,0,0,0,0,2,0,0,1,0,0,0,0,0,0,0,1,2,0,0,0,0,2
–Ϊ•‹ζ‰Ί–Ϊ•‚P’–Ϊ,19,0,0,0,0,0,0,0,0,0,0,0,0,0,0,0,0,0,0,5,0,0,0,2,0,0,0,0,0,1,2,14,11,0,0,0,3
–Ϊ•‹ζ‰Ί–Ϊ•‚Q’–Ϊ,18,0,0,0,5,0,3,2,0,0,0,0,0,0,0,0,0,0,0,4,1,0,1,1,0,0,0,0,0,0,1,9,1,0,0,0,8
–Ϊ•‹ζ‰Ί–Ϊ•‚R’–Ϊ,13,0,0,0,0,0,0,0,0,0,1,0,0,0,0,1,0,0,0,7,0,0,4,1,0,0,0,0,0,0,2,5,2,1,0,0,2
–Ϊ•‹ζ‰Ί–Ϊ•‚S’–Ϊ,2,0,0,0,0,0,0,0,0,0,0,0,0,0,0,0,0,0,0,2,0,0,2,0,0,0,0,0,0,0,0,0,0,0,0,0,0
–Ϊ•‹ζ‰Ί–Ϊ•‚T’–Ϊ,12,0,0,0,1,0,1,0,0,0,4,0,0,0,0,0,0,0,4,2,0,0,0,0,0,0,0,0,0,0,2,5,3,0,0,0,2
–Ϊ•‹ζ‰Ί–Ϊ•‚U’–Ϊ,9,0,0,0,0,0,0,0,0,0,0,0,0,0,0,0,0,0,0,5,0,1,3,0,0,0,0,0,0,0,1,4,3,0,0,0,1
–Ϊ•‹ζ’†’¬‚P’–Ϊ,12,0,0,0,1,0,1,0,0,0,0,0,0,0,0,0,0,0,0,7,0,0,5,0,0,0,0,0,0,0,2,4,1,0,0,0,3
–Ϊ•‹ζ’†’¬‚Q’–Ϊ,21,0,0,0,2,0,2,0,0,0,0,0,0,0,0,0,0,0,0,14,0,0,12,0,0,0,0,0,0,0,2,5,1,1,0,0,3
–Ϊ•‹ζά–{–Ψ‚P’–Ϊ,23,0,0,0,0,0,0,0,0,0,0,0,0,0,0,0,0,0,0,19,0,0,3,0,0,0,0,0,0,14,2,4,1,0,0,0,3
–Ϊ•‹ζά–{–Ψ‚Q’–Ϊ,9,0,0,0,0,0,0,0,0,0,0,0,0,0,0,0,0,0,0,4,0,0,1,0,0,0,0,0,0,0,3,5,2,0,0,0,3
–Ϊ•‹ζά–{–Ψ‚R’–Ϊ,7,0,0,0,1,0,1,0,0,0,0,0,0,0,0,0,0,0,0,3,0,0,2,0,0,0,0,0,0,0,1,3,2,0,0,0,1
–Ϊ•‹ζ—S“V›‚P’–Ϊ,10,0,0,0,0,0,0,0,0,0,0,0,0,0,0,0,0,0,0,7,0,0,3,0,0,0,0,0,0,0,4,3,0,1,0,0,2
–Ϊ•‹ζ—S“V›‚Q’–Ϊ,24,0,0,0,2,0,2,0,0,0,1,0,0,0,1,0,0,0,0,13,0,0,7,0,0,1,0,0,1,2,2,8,2,1,0,0,5
–Ϊ•‹ζ’†‰›’¬‚P’–Ϊ,11,0,0,0,0,0,0,0,0,0,0,0,0,0,0,0,0,0,0,9,0,0,2,0,0,0,0,0,0,2,5,2,0,1,0,0,1
–Ϊ•‹ζ’†‰›’¬‚Q’–Ϊ,14,0,0,0,1,0,1,0,0,0,1,0,0,0,1,0,0,0,0,7,0,1,4,0,0,0,0,0,0,0,2,5,2,1,0,0,2
–Ϊ•‹ζ–Ϊ•–{’¬‚P’–Ϊ,11,0,0,0,1,0,1,0,0,0,0,0,0,0,0,0,0,0,0,9,0,0,5,0,0,0,0,0,1,0,3,1,1,0,0,0,0
–Ϊ•‹ζ–Ϊ•–{’¬‚Q’–Ϊ,9,1,0,1,1,0,0,0,1,0,0,0,0,0,0,0,0,0,0,2,0,0,1,0,0,0,0,0,0,0,1,5,0,2,0,0,3
–Ϊ•‹ζ–Ϊ•–{’¬‚R’–Ϊ,11,0,0,0,1,0,0,1,0,0,2,0,0,0,0,1,0,1,0,2,0,0,1,0,0,0,0,0,0,1,0,6,2,1,0,0,3
–Ϊ•‹ζ–Ϊ•–{’¬‚S’–Ϊ,6,0,0,0,1,0,0,0,1,0,0,0,0,0,0,0,0,0,0,3,0,1,1,0,0,0,0,0,0,0,1,2,1,0,0,0,1
–Ϊ•‹ζ–Ϊ•–{’¬‚T’–Ϊ,11,0,0,0,2,0,2,0,0,0,0,0,0,0,0,0,0,0,0,8,0,0,6,0,0,0,0,0,0,0,2,1,0,0,0,0,1
–Ϊ•‹ζ–Ϊ•–{’¬‚U’–Ϊ,8,0,0,0,0,0,0,0,0,0,0,0,0,0,0,0,0,0,0,5,0,0,4,0,0,0,0,0,0,0,1,3,3,0,0,0,0
–Ϊ•‹ζ΄’¬‚P’–Ϊ,15,0,0,0,0,0,0,0,0,0,1,0,0,0,0,0,0,0,1,11,0,1,5,0,0,0,0,0,0,3,2,3,0,0,0,0,3
–Ϊ•‹ζ΄’¬‚Q’–Ϊ,5,0,0,0,0,0,0,0,0,0,0,0,0,0,0,0,0,0,0,2,0,0,0,0,0,0,0,0,0,0,2,3,1,0,0,0,2
–Ϊ•‹ζτ‘«‚P’–Ϊ,5,0,0,0,1,0,1,0,0,0,0,0,0,0,0,0,0,0,0,1,0,0,1,0,0,0,0,0,0,0,0,3,0,0,0,0,3
–Ϊ•‹ζτ‘«‚Q’–Ϊ,17,0,0,0,1,0,0,1,0,0,0,0,0,0,0,0,0,0,0,10,0,0,5,0,0,0,0,0,0,0,5,6,3,1,0,0,2
–Ϊ•‹ζ“μ‚P’–Ϊ,6,0,0,0,0,0,0,0,0,0,0,0,0,0,0,0,0,0,0,1,0,0,1,0,0,0,0,0,0,0,0,5,1,2,0,0,2
–Ϊ•‹ζ“μ‚Q’–Ϊ,6,0,0,0,0,0,0,0,0,0,0,0,0,0,0,0,0,0,0,6,0,0,4,0,0,0,0,0,0,0,2,0,0,0,0,0,0
–Ϊ•‹ζ“μ‚R’–Ϊ,4,0,0,0,0,0,0,0,0,0,0,0,0,0,0,0,0,0,0,1,0,0,0,0,0,0,0,0,0,0,1,3,1,0,0,0,2
–Ϊ•‹ζ”θ•¶’J‚P’–Ϊ,7,0,0,0,0,0,0,0,0,0,0,0,0,0,0,0,0,0,0,7,0,0,5,0,0,1,0,0,0,0,1,0,0,0,0,0,0
–Ϊ•‹ζ”θ•¶’J‚Q’–Ϊ,9,0,0,0,1,0,1,0,0,0,0,0,0,0,0,0,0,0,0,6,0,0,3,1,0,0,0,0,0,0,2,2,1,0,0,0,1
–Ϊ•‹ζ”θ•¶’J‚R’–Ϊ,8,0,0,0,0,0,0,0,0,0,0,0,0,0,0,0,0,0,0,7,0,0,5,0,0,0,0,0,0,0,2,1,0,0,0,0,1
–Ϊ•‹ζ”θ•¶’J‚S’–Ϊ,23,0,0,0,3,0,1,1,1,0,2,0,0,0,0,0,0,0,2,15,0,0,9,0,0,0,0,0,0,4,2,3,0,0,0,0,3
–Ϊ•‹ζ”θ•¶’J‚T’–Ϊ,15,0,0,0,2,0,2,0,0,0,0,0,0,0,0,0,0,0,0,12,0,0,9,0,0,0,0,0,0,0,3,1,0,0,0,0,1
–Ϊ•‹ζ”θ•¶’J‚U’–Ϊ,14,0,0,0,2,0,1,1,0,0,0,0,0,0,0,0,0,0,0,3,0,0,2,0,0,0,0,0,1,0,0,9,2,1,0,0,6
–Ϊ•‹ζ‘ι”Τ‚P’–Ϊ,1,0,0,0,0,0,0,0,0,0,0,0,0,0,0,0,0,0,0,1,0,0,0,0,0,0,0,0,0,1,0,0,0,0,0,0,0
–Ϊ•‹ζ‘ι”Τ‚Q’–Ϊ,33,1,0,1,2,0,1,1,0,0,0,0,0,0,0,0,0,0,0,19,0,1,9,0,0,0,0,0,0,2,7,11,5,0,0,0,6
–Ϊ•‹ζ‘ι”Τ‚R’–Ϊ,85,0,0,0,5,0,2,3,0,0,2,0,0,0,0,2,0,0,0,61,0,0,36,0,0,0,0,0,2,15,8,17,5,1,0,0,11
–Ϊ•‹ζ•½’¬‚P’–Ϊ,22,1,0,1,1,0,1,0,0,0,0,0,0,0,0,0,0,0,0,15,0,0,6,0,0,0,0,0,0,1,8,5,2,0,0,0,3
–Ϊ•‹ζ•½’¬‚Q’–Ϊ,14,0,0,0,1,0,1,0,0,0,0,0,0,0,0,0,0,0,0,12,0,0,9,0,0,0,0,0,0,0,3,1,0,0,0,0,1
–Ϊ•‹ζ‘ε‰ªR‚P’–Ϊ,16,1,0,1,0,0,0,0,0,0,0,0,0,0,0,0,0,0,0,7,0,1,4,0,0,0,0,0,0,0,2,8,4,0,0,0,4
–Ϊ•‹ζ‘ε‰ªR‚Q’–Ϊ,14,0,0,0,2,0,2,0,0,0,0,0,0,0,0,0,0,0,0,8,0,0,3,0,0,0,0,0,0,2,3,4,3,1,0,0,0
–Ϊ•‹ζ—Ξ‚ª‹u‚P’–Ϊ,4,0,0,0,0,0,0,0,0,0,0,0,0,0,0,0,0,0,0,3,0,0,2,0,0,0,0,0,0,0,1,1,1,0,0,0,0
–Ϊ•‹ζ—Ξ‚ª‹u‚Q’–Ϊ,20,1,0,1,1,0,1,0,0,0,1,0,0,0,0,1,0,0,0,11,0,0,6,0,0,0,0,0,0,4,1,6,1,1,0,0,4
–Ϊ•‹ζ—Ξ‚ª‹u‚R’–Ϊ,4,0,0,0,0,0,0,0,0,0,0,0,0,0,0,0,0,0,0,4,0,0,2,0,0,0,0,0,0,1,1,0,0,0,0,0,0
–Ϊ•‹ζ©—R‚ª‹u‚P’–Ϊ,81,1,0,1,13,0,8,4,1,0,3,0,0,0,3,0,0,0,0,41,0,1,13,0,0,0,2,0,1,12,12,23,5,0,0,0,18
–Ϊ•‹ζ©—R‚ª‹u‚Q’–Ϊ,73,1,1,0,6,0,2,2,1,1,2,0,0,0,2,0,0,0,0,52,0,0,23,0,0,0,0,0,0,18,11,12,6,0,0,0,6
–Ϊ•‹ζ©—R‚ª‹u‚R’–Ϊ,3,0,0,0,1,0,0,1,0,0,0,0,0,0,0,0,0,0,0,2,0,0,1,0,0,0,0,0,0,0,1,0,0,0,0,0,0
–Ϊ•‹ζ’†ª‚P’–Ϊ,36,0,0,0,3,0,3,0,0,0,0,0,0,0,0,0,0,0,0,27,0,0,19,0,0,0,0,0,0,5,3,6,2,0,0,0,4
–Ϊ•‹ζ’†ª‚Q’–Ϊ,13,0,0,0,2,0,1,1,0,0,0,0,0,0,0,0,0,0,0,10,0,0,8,0,0,0,0,0,0,0,2,1,0,0,0,0,1
–Ϊ•‹ζ`‚Μ–Ψβ‚P’–Ϊ,6,0,0,0,0,0,0,0,0,0,0,0,0,0,0,0,0,0,0,6,0,0,4,0,0,1,0,0,0,0,1,0,0,0,0,0,0
–Ϊ•‹ζ`‚Μ–Ψβ‚Q’–Ϊ,9,0,0,0,0,0,0,0,0,0,0,0,0,0,0,0,0,0,0,7,0,0,3,0,0,0,0,0,0,0,4,2,0,0,0,0,2
–Ϊ•‹ζ`‚Μ–Ψβ‚R’–Ϊ,4,0,0,0,1,0,1,0,0,0,0,0,0,0,0,0,0,0,0,3,0,0,2,0,0,0,0,0,0,0,1,0,0,0,0,0,0
–Ϊ•‹ζ”ª‰_‚P’–Ϊ,9,0,0,0,0,0,0,0,0,0,0,0,0,0,0,0,0,0,0,9,0,0,7,0,0,0,0,0,0,0,2,0,0,0,0,0,0
–Ϊ•‹ζ”ª‰_‚Q’–Ϊ,7,0,0,0,1,0,0,0,1,0,0,0,0,0,0,0,0,0,0,6,0,0,5,0,0,0,0,0,0,0,1,0,0,0,0,0,0
–Ϊ•‹ζ”ª‰_‚R’–Ϊ,12,1,0,1,1,0,0,0,1,0,0,0,0,0,0,0,0,0,0,6,0,0,1,0,0,0,0,0,0,2,3,4,2,0,0,0,2
–Ϊ•‹ζ”ª‰_‚S’–Ϊ,5,0,0,0,0,0,0,0,0,0,0,0,0,0,0,0,0,0,0,2,0,0,2,0,0,0,0,0,0,0,0,3,2,0,0,0,1
–Ϊ•‹ζ”ª‰_‚T’–Ϊ,8,0,0,0,1,0,1,0,0,0,0,0,0,0,0,0,0,0,0,3,0,0,2,0,0,0,0,0,0,1,0,4,2,0,0,0,2
–Ϊ•‹ζ“‚ª‹u‚P’–Ϊ,9,0,0,0,1,0,1,0,0,0,0,0,0,0,0,0,0,0,0,5,0,0,5,0,0,0,0,0,0,0,0,3,1,0,0,0,2
–Ϊ•‹ζ“‚ª‹u‚Q’–Ϊ,15,0,0,0,0,0,0,0,0,0,0,0,0,0,0,0,0,0,0,10,0,0,6,0,0,0,0,0,0,0,4,5,1,1,0,0,3
–Ϊ•‹ζv,1419,15,2,13,115,0,71,32,11,1,48,1,3,1,20,7,4,1,11,830,1,8,451,18,0,4,3,0,16,110,219,411,146,33,4,0,228
‘ε“c‹ζ‘εX“‚P’–Ϊ,38,0,0,0,3,0,2,1,0,0,0,0,0,0,0,0,0,0,0,27,0,3,13,2,0,0,0,0,0,4,5,8,5,0,0,0,3
‘ε“c‹ζ‘εX“‚Q’–Ϊ,10,0,0,0,1,0,0,1,0,0,0,0,0,0,0,0,0,0,0,6,0,0,5,0,0,0,0,0,0,0,1,3,2,0,0,0,1
‘ε“c‹ζ‘εX“‚R’–Ϊ,7,0,0,0,0,0,0,0,0,0,0,0,0,0,0,0,0,0,0,5,0,0,4,1,0,0,0,0,0,0,0,2,2,0,0,0,0
‘ε“c‹ζ‘εX“‚S’–Ϊ,15,0,0,0,3,0,2,1,0,0,0,0,0,0,0,0,0,0,0,11,0,0,10,0,0,0,0,0,0,1,0,1,1,0,0,0,0
‘ε“c‹ζ‘εX“‚T’–Ϊ,10,0,0,0,0,0,0,0,0,0,0,0,0,0,0,0,0,0,0,8,0,1,2,2,0,0,0,0,0,0,3,2,1,0,0,0,1
‘ε“c‹ζ‘εX“μ‚P’–Ϊ,13,0,0,0,1,0,0,1,0,0,0,0,0,0,0,0,0,0,0,8,0,0,7,0,0,0,0,0,0,0,1,4,0,0,0,0,4
‘ε“c‹ζ‘εX“μ‚Q’–Ϊ,17,0,0,0,0,0,0,0,0,0,0,0,0,0,0,0,0,0,0,14,0,0,9,0,1,0,0,0,0,1,3,3,1,0,0,0,2
‘ε“c‹ζ‘εX“μ‚R’–Ϊ,12,0,0,0,1,0,1,0,0,0,0,0,0,0,0,0,0,0,0,9,0,0,5,0,0,0,0,0,0,1,3,2,1,0,0,0,1
‘ε“c‹ζ‘εX“μ‚S’–Ϊ,7,0,0,0,0,0,0,0,0,0,0,0,0,0,0,0,0,0,0,5,0,1,3,0,0,0,0,0,0,0,1,2,0,0,0,0,2
‘ε“c‹ζ‘εX“μ‚T’–Ϊ,5,0,0,0,0,0,0,0,0,0,0,0,0,0,0,0,0,0,0,4,0,0,2,0,0,0,0,0,0,0,2,1,0,0,1,0,0
‘ε“c‹ζ‘εX’†‚P’–Ϊ,14,0,0,0,0,0,0,0,0,0,0,0,0,0,0,0,0,0,0,10,0,0,6,0,0,0,0,1,0,0,3,4,1,0,0,0,3
‘ε“c‹ζ‘εX’†‚Q’–Ϊ,8,0,0,0,0,0,0,0,0,0,1,0,0,0,0,0,1,0,0,5,0,0,1,1,0,0,0,0,0,1,2,2,1,0,0,0,1
‘ε“c‹ζ‘εX’†‚R’–Ϊ,22,0,0,0,1,0,1,0,0,0,0,0,0,0,0,0,0,0,0,18,0,0,16,0,0,0,0,0,1,0,1,3,1,0,0,0,2
‘ε“c‹ζ‘εXΌ‚P’–Ϊ,22,0,0,0,0,0,0,0,0,0,0,0,0,0,0,0,0,0,0,18,0,1,14,2,0,0,0,0,0,1,0,4,3,0,0,0,1
‘ε“c‹ζ‘εXΌ‚Q’–Ϊ,20,0,0,0,2,0,1,1,0,0,0,0,0,0,0,0,0,0,0,17,0,0,12,3,0,0,0,0,1,1,0,1,0,0,0,0,1
‘ε“c‹ζ‘εXΌ‚R’–Ϊ,56,0,0,0,3,0,2,0,1,0,0,0,0,0,0,0,0,0,0,43,0,1,24,3,1,0,0,0,1,8,5,10,2,1,0,0,7
‘ε“c‹ζ‘εXΌ‚S’–Ϊ,28,0,0,0,2,0,2,0,0,0,0,0,0,0,0,0,0,0,0,20,0,1,15,1,1,0,0,0,0,2,0,6,2,0,1,0,3
‘ε“c‹ζ‘εXΌ‚T’–Ϊ,23,0,0,0,2,0,2,0,0,0,1,0,0,0,0,0,0,0,1,15,0,1,8,1,0,0,0,0,0,1,4,5,3,1,0,0,1
‘ε“c‹ζ‘εXΌ‚U’–Ϊ,19,0,0,0,3,0,1,1,1,0,0,0,0,0,0,0,0,0,0,14,0,0,5,1,0,0,0,0,0,2,6,2,1,0,0,0,1
‘ε“c‹ζ‘εXΌ‚V’–Ϊ,9,0,0,0,0,0,0,0,0,0,0,0,0,0,0,0,0,0,0,6,0,0,5,0,0,0,0,0,0,0,1,3,3,0,0,0,0
‘ε“c‹ζ‘εX–k‚P’–Ϊ,122,2,2,0,11,0,3,8,0,0,1,0,0,0,0,0,0,0,1,93,0,0,39,1,0,0,0,0,2,28,23,15,2,7,1,0,5
‘ε“c‹ζ‘εX–k‚Q’–Ϊ,53,1,0,1,0,0,0,0,0,0,1,0,1,0,0,0,0,0,0,39,0,0,12,0,1,0,0,0,0,23,3,12,3,2,0,0,7
‘ε“c‹ζ‘εX–k‚R’–Ϊ,31,0,0,0,0,0,0,0,0,0,0,0,0,0,0,0,0,0,0,25,0,1,20,0,0,0,0,0,0,1,3,6,1,0,0,0,5
‘ε“c‹ζ‘εX–k‚S’–Ϊ,15,1,0,1,0,0,0,0,0,0,0,0,0,0,0,0,0,0,0,14,0,0,9,1,0,0,0,0,1,1,2,0,0,0,0,0,0
‘ε“c‹ζ‘εX–k‚T’–Ϊ,18,0,0,0,0,0,0,0,0,0,0,0,0,0,0,0,0,0,0,13,0,0,6,1,0,0,0,0,0,4,2,5,1,0,0,0,4
‘ε“c‹ζ‘εX–k‚U’–Ϊ,60,2,2,0,7,0,4,2,1,0,0,0,0,0,0,0,0,0,0,47,0,0,38,1,0,0,0,0,0,2,6,4,0,0,0,0,4
‘ε“c‹ζ‘εX–{’¬‚P’–Ϊ,9,0,0,0,1,0,1,0,0,0,0,0,0,0,0,0,0,0,0,5,0,0,4,0,0,0,0,0,0,0,1,3,3,0,0,0,0
‘ε“c‹ζ‘εX–{’¬‚Q’–Ϊ,19,0,0,0,0,0,0,0,0,0,1,0,0,0,0,0,0,1,0,13,0,0,7,0,0,0,0,0,0,0,6,5,2,1,0,0,2
‘ε“c‹ζ•½a“‡‚P’–Ϊ,42,0,0,0,1,0,0,1,0,0,0,0,0,0,0,0,0,0,0,38,0,1,25,2,0,0,0,0,1,6,3,3,1,1,0,0,1
‘ε“c‹ζ•½a“‡‚Q’–Ϊ,2,0,0,0,0,0,0,0,0,0,0,0,0,0,0,0,0,0,0,2,0,0,2,0,0,0,0,0,0,0,0,0,0,0,0,0,0
‘ε“c‹ζ•½a“‡‚R’–Ϊ,5,0,0,0,0,0,0,0,0,0,3,0,0,1,0,0,0,0,2,2,0,0,0,0,0,0,0,0,0,0,2,0,0,0,0,0,0
‘ε“c‹ζ•½a“‡‚S’–Ϊ,2,0,0,0,0,0,0,0,0,0,0,0,0,0,0,0,0,0,0,0,0,0,0,0,0,0,0,0,0,0,0,2,0,2,0,0,0
‘ε“c‹ζ•½a“‡‚T’–Ϊ,5,0,0,0,2,0,1,1,0,0,0,0,0,0,0,0,0,0,0,3,0,1,0,0,0,0,0,0,0,0,2,0,0,0,0,0,0
‘ε“c‹ζ•½a“‡‚U’–Ϊ,4,0,0,0,1,0,0,1,0,0,0,0,0,0,0,0,0,0,0,3,0,0,1,0,0,0,0,0,0,0,2,0,0,0,0,0,0
‘ε“c‹ζΊa“‡‚P’–Ϊ,4,0,0,0,0,0,0,0,0,0,0,0,0,0,0,0,0,0,0,3,0,0,0,0,0,0,0,0,0,0,3,1,0,0,0,0,1
‘ε“c‹ζΊa“‡‚Q’–Ϊ,5,0,0,0,0,0,0,0,0,0,0,0,0,0,0,0,0,0,0,3,0,0,2,0,0,0,0,0,0,0,1,2,0,0,0,0,2
‘ε“c‹ζR‰¤‚P’–Ϊ,17,1,0,1,1,0,1,0,0,0,1,0,0,0,0,1,0,0,0,7,0,0,3,1,0,0,0,0,0,2,1,7,4,0,0,0,3
‘ε“c‹ζR‰¤‚Q’–Ϊ,59,1,0,1,6,0,2,4,0,0,0,0,0,0,0,0,0,0,0,40,0,0,13,0,0,0,0,0,1,10,16,12,5,2,0,0,5
‘ε“c‹ζR‰¤‚R’–Ϊ,52,0,0,0,0,0,0,0,0,0,0,0,0,0,0,0,0,0,0,45,0,1,11,1,0,1,0,0,2,23,6,7,2,3,0,0,2
‘ε“c‹ζR‰¤‚S’–Ϊ,9,0,0,0,1,0,1,0,0,0,0,0,0,0,0,0,0,0,0,5,0,1,0,0,0,0,0,0,0,3,1,3,0,1,0,0,2
‘ε“c‹ζ‹•l“‡‚P’–Ϊ,1,0,0,0,1,0,1,0,0,0,0,0,0,0,0,0,0,0,0,0,0,0,0,0,0,0,0,0,0,0,0,0,0,0,0,0,0
‘ε“c‹ζ“”n‚P’–Ϊ,17,0,0,0,2,0,2,0,0,0,1,0,0,0,0,1,0,0,0,7,0,1,3,1,0,0,0,0,0,2,0,7,2,0,0,0,5
‘ε“c‹ζ“”n‚Q’–Ϊ,5,0,0,0,0,0,0,0,0,0,0,0,0,0,0,0,0,0,0,1,0,0,0,0,0,0,0,0,0,0,1,4,1,1,0,0,2
‘ε“c‹ζ“μ”n‚P’–Ϊ,14,1,0,1,0,0,0,0,0,0,0,0,0,0,0,0,0,0,0,7,0,1,3,1,0,0,0,0,0,0,2,6,4,0,0,0,2
‘ε“c‹ζ“μ”n‚Q’–Ϊ,4,0,0,0,0,0,0,0,0,0,0,0,0,0,0,0,0,0,0,3,0,0,3,0,0,0,0,0,0,0,0,1,0,0,0,0,1
‘ε“c‹ζ“μ”n‚R’–Ϊ,12,0,0,0,1,0,0,1,0,0,0,0,0,0,0,0,0,0,0,6,0,0,5,1,0,0,0,0,0,0,0,5,2,0,0,0,3
‘ε“c‹ζ“μ”n‚S’–Ϊ,4,0,0,0,0,0,0,0,0,0,0,0,0,0,0,0,0,0,0,2,0,0,0,0,0,0,0,0,0,1,1,2,1,0,0,0,1
‘ε“c‹ζ“μ”n‚T’–Ϊ,15,0,0,0,2,0,2,0,0,0,1,0,0,0,0,0,0,0,1,4,0,0,4,0,0,0,0,0,0,0,0,8,1,3,0,0,4
‘ε“c‹ζ“μ”n‚U’–Ϊ,13,0,0,0,5,0,1,2,1,1,0,0,0,0,0,0,0,0,0,4,0,0,2,1,0,0,0,0,0,0,1,4,3,0,0,0,1
‘ε“c‹ζ’†”n‚P’–Ϊ,7,0,0,0,1,0,1,0,0,0,0,0,0,0,0,0,0,0,0,2,0,0,0,1,0,0,0,0,0,0,1,4,2,0,0,0,2
‘ε“c‹ζ’†”n‚Q’–Ϊ,18,1,0,1,3,0,1,2,0,0,0,0,0,0,0,0,0,0,0,9,0,1,4,0,0,0,0,0,0,0,4,5,2,0,0,0,3
‘ε“c‹ζ’†”n‚R’–Ϊ,11,0,0,0,1,0,0,1,0,0,0,0,0,0,0,0,0,0,0,5,0,2,0,0,0,0,0,0,0,0,3,5,1,1,0,0,3
‘ε“c‹ζΌ”n‚P’–Ϊ,15,0,0,0,3,0,2,1,0,0,0,0,0,0,0,0,0,0,0,10,0,0,4,0,0,0,0,0,0,0,6,2,1,0,0,0,1
‘ε“c‹ζΌ”n‚Q’–Ϊ,13,0,0,0,1,0,1,0,0,0,0,0,0,0,0,0,0,0,0,5,0,0,1,0,0,0,0,0,0,3,1,7,0,0,2,0,5
‘ε“c‹ζ–k”n‚P’–Ϊ,12,0,0,0,1,0,1,0,0,0,0,0,0,0,0,0,0,0,0,7,0,0,1,0,0,1,0,0,0,0,5,4,1,0,0,0,3
‘ε“c‹ζ–k”n‚Q’–Ϊ,20,0,0,0,2,0,2,0,0,0,0,0,0,0,0,0,0,0,0,10,0,1,6,0,0,1,0,0,0,1,1,8,5,0,1,0,2
‘ε“c‹ζ’†‰›‚P’–Ϊ,3,0,0,0,0,0,0,0,0,0,0,0,0,0,0,0,0,0,0,2,0,0,1,0,0,0,0,0,0,0,1,1,0,0,0,0,1
‘ε“c‹ζ’†‰›‚Q’–Ϊ,9,0,0,0,1,0,0,1,0,0,1,0,0,0,0,0,0,0,1,4,0,0,3,0,0,0,0,0,0,0,1,3,1,0,0,0,2
‘ε“c‹ζ’†‰›‚R’–Ϊ,20,0,0,0,0,0,0,0,0,0,0,0,0,0,0,0,0,0,0,16,0,0,13,0,0,0,0,0,0,0,3,4,2,0,0,0,2
‘ε“c‹ζ’†‰›‚S’–Ϊ,9,0,0,0,0,0,0,0,0,0,0,0,0,0,0,0,0,0,0,6,0,0,2,0,0,0,0,0,0,1,3,3,3,0,0,0,0
‘ε“c‹ζ’†‰›‚T’–Ϊ,6,0,0,0,0,0,0,0,0,0,0,0,0,0,0,0,0,0,0,2,0,0,1,0,0,0,0,0,0,0,1,4,1,0,0,0,3
‘ε“c‹ζ’†‰›‚U’–Ϊ,7,0,0,0,0,0,0,0,0,0,0,0,0,0,0,0,0,0,0,4,0,1,1,0,0,0,0,0,0,0,2,3,1,0,0,0,2
‘ε“c‹ζ’†‰›‚V’–Ϊ,6,0,0,0,0,0,0,0,0,0,0,0,0,0,0,0,0,0,0,4,0,0,0,0,2,0,0,0,0,1,1,2,2,0,0,0,0
‘ε“c‹ζ’†‰›‚W’–Ϊ,24,0,0,0,1,0,0,1,0,0,1,0,0,0,0,0,0,0,1,13,0,1,10,0,0,0,0,0,0,0,2,9,3,0,0,0,6
‘ε“c‹ζ’rγ‚P’–Ϊ,10,0,0,0,0,0,0,0,0,0,0,0,0,0,0,0,0,0,0,7,0,1,4,1,0,0,0,0,0,1,0,3,2,0,0,0,1
‘ε“c‹ζ’rγ‚Q’–Ϊ,8,0,0,0,2,0,0,1,1,0,0,0,0,0,0,0,0,0,0,5,0,0,4,1,0,0,0,0,0,0,0,1,0,0,0,0,1
‘ε“c‹ζ’rγ‚R’–Ϊ,24,0,0,0,2,0,0,1,0,1,0,0,0,0,0,0,0,0,0,16,0,1,4,2,1,0,0,0,0,4,4,6,2,2,0,0,2
‘ε“c‹ζ’rγ‚S’–Ϊ,11,0,0,0,1,0,0,1,0,0,0,0,0,0,0,0,0,0,0,7,0,0,6,0,0,0,0,0,0,1,0,3,2,0,0,0,1
‘ε“c‹ζ’rγ‚T’–Ϊ,8,0,0,0,2,0,1,0,1,0,0,0,0,0,0,0,0,0,0,3,0,0,1,0,0,0,0,0,0,0,2,3,2,0,0,0,1
‘ε“c‹ζ’rγ‚U’–Ϊ,49,1,0,1,6,0,4,2,0,0,3,0,0,0,0,3,0,0,0,29,0,0,19,3,0,0,0,0,1,5,1,10,1,0,1,0,8
‘ε“c‹ζ’rγ‚V’–Ϊ,7,0,0,0,0,0,0,0,0,0,0,0,0,0,0,0,0,0,0,4,0,0,1,1,0,1,0,0,0,0,1,3,1,0,0,0,2
‘ε“c‹ζ’rγ‚W’–Ϊ,11,0,0,0,1,0,1,0,0,0,0,0,0,0,0,0,0,0,0,10,0,0,3,1,0,1,0,0,0,4,1,0,0,0,0,0,0
‘ε“c‹ζ•½a‚ΜXφ‰€,2,0,0,0,0,0,0,0,0,0,0,0,0,0,0,0,0,0,0,1,0,0,0,0,0,0,0,0,0,0,1,1,0,0,0,0,1
‘ε“c‹ζ‚Σ‚ι‚³‚Ζ‚Μ•l•Σφ‰€,2,0,0,0,1,0,1,0,0,0,0,0,0,0,0,0,0,0,0,1,0,0,1,0,0,0,0,0,0,0,0,0,0,0,0,0,0
‘ε“c‹ζ“—δ’¬,14,0,0,0,1,0,1,0,0,0,0,0,0,0,0,0,0,0,0,6,0,0,6,0,0,0,0,0,0,0,0,7,3,1,0,0,3
‘ε“c‹ζΌ—δ’¬,6,0,0,0,0,0,0,0,0,0,0,0,0,0,0,0,0,0,0,3,0,0,3,0,0,0,0,0,0,0,0,3,2,0,0,0,1
‘ε“c‹ζ–k—δ’¬,35,0,0,0,4,0,2,2,0,0,0,0,0,0,0,0,0,0,0,23,0,0,9,0,0,0,1,0,0,9,4,8,1,2,0,0,5
‘ε“c‹ζ“c‰€’²•z“μ,9,0,0,0,1,0,0,0,1,0,1,0,0,0,0,1,0,0,0,5,0,0,4,0,0,0,0,0,0,0,1,2,2,0,0,0,0
‘ε“c‹ζ“c‰€’²•z–{’¬,24,2,1,1,1,0,1,0,0,0,0,0,0,0,0,0,0,0,0,11,0,1,8,0,0,1,0,0,0,1,0,10,2,2,0,0,6
‘ε“c‹ζ“c‰€’²•z‚P’–Ϊ,31,0,0,0,1,0,1,0,0,0,0,0,0,0,0,0,0,0,0,18,0,0,14,1,1,0,0,0,0,0,2,12,8,1,1,0,2
‘ε“c‹ζ“c‰€’²•z‚Q’–Ϊ,8,0,0,0,0,0,0,0,0,0,0,0,0,0,0,0,0,0,0,5,0,0,1,0,0,0,1,0,0,2,1,3,1,0,0,0,2
‘ε“c‹ζ“c‰€’²•z‚R’–Ϊ,6,0,0,0,0,0,0,0,0,0,2,0,0,0,0,2,0,0,0,0,0,0,0,0,0,0,0,0,0,0,0,4,1,0,0,0,3
‘ε“c‹ζ“c‰€’²•z‚S’–Ϊ,4,0,0,0,0,0,0,0,0,0,0,0,0,0,0,0,0,0,0,4,0,0,3,1,0,0,0,0,0,0,0,0,0,0,0,0,0
‘ε“c‹ζ“c‰€’²•z‚T’–Ϊ,8,0,0,0,0,0,0,0,0,0,0,0,0,0,0,0,0,0,0,3,0,0,1,1,0,0,0,0,0,0,1,5,1,0,0,0,4
‘ε“c‹ζα’J‘ε’Λ’¬,7,0,0,0,1,0,1,0,0,0,0,0,0,0,0,0,0,0,0,2,0,0,1,0,0,0,0,0,0,1,0,4,1,0,0,0,3
‘ε“c‹ζ‰L‚Μ–Ψ‚P’–Ϊ,8,0,0,0,0,0,0,0,0,0,0,0,0,0,0,0,0,0,0,5,0,0,3,0,1,0,0,0,0,0,1,3,0,2,0,0,1
‘ε“c‹ζ‰L‚Μ–Ψ‚Q’–Ϊ,20,0,0,0,2,0,0,1,1,0,0,0,0,0,0,0,0,0,0,12,0,0,8,0,0,0,0,0,0,0,4,6,2,0,1,0,3
‘ε“c‹ζ‰L‚Μ–Ψ‚R’–Ϊ,12,0,0,0,1,0,0,1,0,0,1,0,0,0,0,1,0,0,0,6,0,0,4,0,0,0,0,0,0,1,1,4,1,0,0,0,3
‘ε“c‹ζη’Ή‚P’–Ϊ,13,0,0,0,0,0,0,0,0,0,1,0,0,0,0,0,0,0,1,10,0,0,4,1,0,0,0,0,0,1,4,2,1,0,0,0,1
‘ε“c‹ζη’Ή‚Q’–Ϊ,11,1,0,1,1,0,1,0,0,0,1,0,0,0,0,0,0,0,1,6,0,0,1,1,0,0,0,0,0,1,3,2,1,0,0,0,1
‘ε“c‹ζη’Ή‚R’–Ϊ,12,0,0,0,0,0,0,0,0,0,0,0,0,0,0,0,0,0,0,9,0,0,4,0,0,0,0,0,0,4,1,3,2,0,0,0,1
‘ε“c‹ζ“μ‹v‚ª΄‚P’–Ϊ,5,0,0,0,2,0,0,2,0,0,0,0,0,0,0,0,0,0,0,3,0,0,2,0,0,0,0,0,0,0,1,0,0,0,0,0,0
‘ε“c‹ζ“μ‹v‚ª΄‚Q’–Ϊ,9,0,0,0,1,0,1,0,0,0,0,0,0,0,0,0,0,0,0,7,0,0,5,1,0,0,0,0,0,0,1,1,1,0,0,0,0
‘ε“c‹ζ‹v‚ª΄‚P’–Ϊ,9,1,0,1,0,0,0,0,0,0,0,0,0,0,0,0,0,0,0,5,0,0,3,0,0,0,0,0,0,0,2,3,3,0,0,0,0
‘ε“c‹ζ‹v‚ª΄‚Q’–Ϊ,14,0,0,0,0,0,0,0,0,0,1,0,0,0,0,1,0,0,0,9,0,0,3,0,0,0,0,0,0,3,3,4,1,1,0,0,2
‘ε“c‹ζ‹v‚ª΄‚R’–Ϊ,11,0,0,0,0,0,0,0,0,0,0,0,0,0,0,0,0,0,0,9,0,0,7,0,0,1,0,0,0,0,1,2,2,0,0,0,0
‘ε“c‹ζ‹v‚ª΄‚S’–Ϊ,7,0,0,0,1,0,1,0,0,0,0,0,0,0,0,0,0,0,0,2,1,0,1,0,0,0,0,0,0,0,0,4,4,0,0,0,0
‘ε“c‹ζ‹v‚ª΄‚T’–Ϊ,10,0,0,0,1,0,1,0,0,0,0,0,0,0,0,0,0,0,0,8,0,1,3,0,0,0,0,0,0,3,1,1,0,1,0,0,0
‘ε“c‹ζ‹v‚ª΄‚U’–Ϊ,6,0,0,0,0,0,0,0,0,0,0,0,0,0,0,0,0,0,0,0,0,0,0,0,0,0,0,0,0,0,0,6,2,1,0,0,3
‘ε“c‹ζ“μη‘©‚P’–Ϊ,7,0,0,0,0,0,0,0,0,0,0,0,0,0,0,0,0,0,0,3,0,0,3,0,0,0,0,0,0,0,0,4,3,0,0,0,1
‘ε“c‹ζ“μη‘©‚Q’–Ϊ,8,0,0,0,0,0,0,0,0,0,0,0,0,0,0,0,0,0,0,4,0,0,3,0,0,0,0,0,0,0,1,4,3,0,0,0,1
‘ε“c‹ζ“μη‘©‚R’–Ϊ,6,0,0,0,0,0,0,0,0,0,0,0,0,0,0,0,0,0,0,4,0,0,2,0,0,0,0,0,0,0,2,2,2,0,0,0,0
‘ε“c‹ζ–kη‘©‚P’–Ϊ,22,1,0,1,7,0,3,2,0,2,0,0,0,0,0,0,0,0,0,6,0,0,3,0,1,0,0,0,0,0,2,8,4,1,0,0,3
‘ε“c‹ζ–kη‘©‚Q’–Ϊ,17,0,0,0,1,0,1,0,0,0,1,0,0,0,0,0,0,0,1,4,0,1,2,0,0,0,0,0,0,0,1,11,4,0,0,0,7
‘ε“c‹ζ–kη‘©‚R’–Ϊ,25,0,0,0,3,0,3,0,0,0,0,0,0,0,0,0,0,0,0,13,0,0,2,0,0,0,0,0,1,4,6,9,4,2,0,0,3
‘ε“c‹ζΞμ’¬‚P’–Ϊ,3,0,0,0,0,0,0,0,0,0,0,0,0,0,0,0,0,0,0,2,0,0,1,0,0,0,0,0,0,0,1,1,1,0,0,0,0
‘ε“c‹ζΞμ’¬‚Q’–Ϊ,5,0,0,0,1,0,0,0,1,0,0,0,0,0,0,0,0,0,0,2,0,0,2,0,0,0,0,0,0,0,0,2,2,0,0,0,0
‘ε“c‹ζ’‡’rγ‚P’–Ϊ,9,0,0,0,0,0,0,0,0,0,1,0,0,0,0,0,1,0,0,5,0,1,1,2,0,0,0,0,0,0,1,3,1,0,0,0,2
‘ε“c‹ζ’‡’rγ‚Q’–Ϊ,17,0,0,0,1,0,1,0,0,0,0,0,0,0,0,0,0,0,0,12,0,0,4,0,0,0,0,0,0,8,0,4,1,0,0,0,3
‘ε“c‹ζ“α’J‚P’–Ϊ,11,0,0,0,0,0,0,0,0,0,0,0,0,0,0,0,0,0,0,7,0,0,6,0,0,0,0,0,0,0,1,4,3,0,0,0,1
‘ε“c‹ζ“α’J‚Q’–Ϊ,18,0,0,0,1,0,1,0,0,0,0,0,0,0,0,0,0,0,0,10,0,0,3,1,0,0,0,0,0,3,3,7,4,0,0,0,3
‘ε“c‹ζ“α’J‚R’–Ϊ,9,0,0,0,0,0,0,0,0,0,0,0,0,0,0,0,0,0,0,4,0,0,1,0,0,0,0,0,0,0,3,5,5,0,0,0,0
‘ε“c‹ζ“α’J‚S’–Ϊ,15,0,0,0,0,0,0,0,0,0,0,0,0,0,0,0,0,0,0,1,0,0,1,0,0,0,0,0,0,0,0,14,4,0,0,0,10
‘ε“c‹ζ“α’J‚T’–Ϊ,12,0,0,0,0,0,0,0,0,0,0,0,0,0,0,0,0,0,0,8,0,1,5,1,0,0,0,0,0,0,1,4,3,0,0,0,1
‘ε“c‹ζ“μα’J‚P’–Ϊ,1,0,0,0,0,0,0,0,0,0,0,0,0,0,0,0,0,0,0,1,0,0,1,0,0,0,0,0,0,0,0,0,0,0,0,0,0
‘ε“c‹ζ“μα’J‚Q’–Ϊ,21,0,0,0,1,0,1,0,0,0,1,0,0,0,0,1,0,0,0,13,0,0,9,0,0,0,0,0,0,3,1,6,4,1,0,0,1
‘ε“c‹ζ“μα’J‚R’–Ϊ,1,0,0,0,0,0,0,0,0,0,0,0,0,0,0,0,0,0,0,0,0,0,0,0,0,0,0,0,0,0,0,1,1,0,0,0,0
‘ε“c‹ζ“μα’J‚S’–Ϊ,4,0,0,0,0,0,0,0,0,0,0,0,0,0,0,0,0,0,0,1,0,0,1,0,0,0,0,0,0,0,0,3,2,0,0,0,1
‘ε“c‹ζ“μα’J‚T’–Ϊ,8,0,0,0,0,0,0,0,0,0,0,0,0,0,0,0,0,0,0,4,0,0,3,0,0,0,0,0,0,0,1,4,1,1,0,0,2
‘ε“c‹ζγ’r‘δ‚P’–Ϊ,38,0,0,0,2,0,2,0,0,0,0,0,0,0,0,0,0,0,0,29,0,0,8,0,0,0,0,1,0,4,16,7,3,3,0,0,1
‘ε“c‹ζγ’r‘δ‚Q’–Ϊ,11,0,0,0,0,0,0,0,0,0,0,0,0,0,0,0,0,0,0,9,0,0,5,0,0,0,0,0,0,1,3,2,0,0,0,0,2
‘ε“c‹ζγ’r‘δ‚R’–Ϊ,16,0,0,0,1,0,1,0,0,0,3,0,0,0,0,0,0,0,3,5,0,0,1,1,0,0,0,0,0,0,3,7,4,1,0,0,2
‘ε“c‹ζγ’r‘δ‚S’–Ϊ,16,0,0,0,1,0,1,0,0,0,0,0,0,0,0,0,0,0,0,4,0,0,3,0,0,0,0,0,0,0,1,11,7,1,1,0,2
‘ε“c‹ζγ’r‘δ‚T’–Ϊ,15,0,0,0,1,0,0,1,0,0,0,0,0,0,0,0,0,0,0,10,0,0,3,1,0,0,0,0,0,3,3,4,3,1,0,0,0
‘ε“c‹ζ“βο’J‚P’–Ϊ,11,0,0,0,1,0,0,1,0,0,0,0,0,0,0,0,0,0,0,6,0,0,2,0,0,0,0,0,0,1,3,4,2,0,0,0,2
‘ε“c‹ζ“βο’J‚Q’–Ϊ,7,0,0,0,0,0,0,0,0,0,0,0,0,0,0,0,0,0,0,4,0,0,2,0,0,0,0,0,0,1,1,3,1,0,0,0,2
‘ε“c‹ζ“βο’J‚R’–Ϊ,11,0,0,0,1,0,1,0,0,0,0,0,0,0,0,0,0,0,0,5,0,0,3,0,0,0,0,0,0,0,2,5,2,0,0,0,3
‘ε“c‹ζ“βο’J‚S’–Ϊ,6,0,0,0,0,0,0,0,0,0,0,0,0,0,0,0,0,0,0,4,0,0,2,0,0,0,0,0,0,1,1,2,1,1,0,0,0
‘ε“c‹ζ“βο’J‚T’–Ϊ,4,0,0,0,0,0,0,0,0,0,0,0,0,0,0,0,0,0,0,1,0,0,0,0,0,0,0,0,0,0,1,3,1,0,0,0,2
‘ε“c‹ζ“βο’J‚U’–Ϊ,4,0,0,0,1,0,0,1,0,0,0,0,0,0,0,0,0,0,0,3,0,0,1,0,0,0,0,0,0,0,2,0,0,0,0,0,0
‘ε“c‹ζΌβο’J‚P’–Ϊ,24,0,0,0,1,0,1,0,0,0,0,0,0,0,0,0,0,0,0,14,0,0,10,1,0,0,0,0,0,1,2,9,7,1,0,0,1
‘ε“c‹ζΌβο’J‚Q’–Ϊ,28,0,0,0,0,0,0,0,0,0,1,0,0,0,1,0,0,0,0,20,0,4,10,0,0,0,0,0,0,4,2,7,1,1,0,0,5
‘ε“c‹ζΌβο’J‚R’–Ϊ,31,0,0,0,2,0,1,1,0,0,0,0,0,0,0,0,0,0,0,21,0,0,12,0,0,2,0,0,0,1,6,8,2,1,0,0,5
‘ε“c‹ζΌβο’J‚S’–Ϊ,51,0,0,0,2,0,1,1,0,0,0,0,0,0,0,0,0,0,0,39,0,0,30,2,0,0,1,0,0,0,6,10,3,3,0,0,4
‘ε“c‹ζ–kβο’J‚P’–Ϊ,21,0,0,0,1,0,1,0,0,0,0,0,0,0,0,0,0,0,0,12,0,0,5,0,0,0,0,0,0,1,6,8,2,0,0,0,6
‘ε“c‹ζ–kβο’J‚Q’–Ϊ,13,0,0,0,1,0,0,0,0,1,2,0,0,1,0,1,0,0,0,8,0,0,8,0,0,0,0,0,0,0,0,2,1,1,0,0,0
‘ε“c‹ζ‰H“c®’¬,8,0,0,0,2,0,1,1,0,0,0,0,0,0,0,0,0,0,0,5,0,0,1,0,0,0,0,0,0,0,4,1,0,0,0,0,1
‘ε“c‹ζ‰H“c‚P’–Ϊ,9,0,0,0,2,0,2,0,0,0,0,0,0,0,0,0,0,0,0,6,0,0,2,0,0,0,0,0,0,2,2,1,0,0,0,0,1
‘ε“c‹ζ‰H“c‚Q’–Ϊ,7,0,0,0,1,0,0,0,0,1,0,0,0,0,0,0,0,0,0,5,0,0,4,0,0,0,0,0,0,0,1,1,0,0,0,0,1
‘ε“c‹ζ‰H“c‚R’–Ϊ,14,0,0,0,2,0,1,1,0,0,0,0,0,0,0,0,0,0,0,7,0,1,3,0,0,0,0,0,0,0,3,5,2,0,0,0,3
‘ε“c‹ζ‰H“c‚S’–Ϊ,18,0,0,0,0,0,0,0,0,0,0,0,0,0,0,0,0,0,0,13,0,0,6,2,0,0,0,0,0,1,4,5,3,0,1,0,1
‘ε“c‹ζ‰H“c‚T’–Ϊ,5,0,0,0,1,0,1,0,0,0,0,0,0,0,0,0,0,0,0,2,0,0,0,1,0,0,0,0,0,0,1,2,2,0,0,0,0
‘ε“c‹ζ‰H“c‚U’–Ϊ,3,0,0,0,0,0,0,0,0,0,0,0,0,0,0,0,0,0,0,1,0,0,0,0,0,0,0,0,0,0,1,2,1,0,0,0,1
‘ε“c‹ζ–{‰H“c‚P’–Ϊ,26,0,0,0,2,0,2,0,0,0,1,0,0,0,0,1,0,0,0,20,0,1,14,0,0,0,0,0,0,3,2,3,1,1,0,0,1
‘ε“c‹ζ–{‰H“c‚Q’–Ϊ,35,0,0,0,3,0,1,1,1,0,0,0,0,0,0,0,0,0,0,30,0,2,13,0,0,0,0,0,0,11,4,2,1,1,0,0,0
‘ε“c‹ζ–{‰H“c‚R’–Ϊ,29,0,0,0,3,0,1,1,1,0,0,0,0,0,0,0,0,0,0,24,0,2,18,0,0,0,1,0,0,0,3,2,1,0,0,0,1
‘ε“c‹ζ‰H“c‹σ`‚P’–Ϊ,5,1,0,1,0,0,0,0,0,0,0,0,0,0,0,0,0,0,0,3,0,0,1,0,0,0,0,0,0,0,2,1,1,0,0,0,0
‘ε“c‹ζ‰H“c‹σ`‚Q’–Ϊ,91,0,0,0,15,0,8,6,0,1,0,0,0,0,0,0,0,0,0,57,0,0,4,0,0,0,5,0,7,7,34,19,4,4,1,0,10
‘ε“c‹ζ‰H“c‹σ`‚R’–Ϊ,100,0,0,0,14,0,9,5,0,0,1,0,0,0,0,0,0,0,1,65,0,0,3,0,0,0,1,0,4,13,44,20,4,3,0,0,13
‘ε“c‹ζ”‹’†‚P’–Ϊ,20,0,0,0,1,0,1,0,0,0,0,0,0,0,0,0,0,0,0,15,0,0,10,1,0,0,0,0,0,1,3,4,1,1,0,0,2
‘ε“c‹ζ”‹’†‚Q’–Ϊ,36,1,0,1,3,0,1,2,0,0,0,0,0,0,0,0,0,0,0,27,0,0,13,1,0,0,0,0,1,9,3,5,1,2,0,0,2
‘ε“c‹ζ”‹’†‚R’–Ϊ,32,0,0,0,0,0,0,0,0,0,0,0,0,0,0,0,0,0,0,22,0,4,15,0,0,0,0,0,0,1,2,10,4,0,0,0,6
‘ε“c‹ζ“Z‹½‚P’–Ϊ,15,1,0,1,0,0,0,0,0,0,0,0,0,0,0,0,0,0,0,9,0,0,6,1,0,0,0,0,0,0,2,5,2,0,0,0,3
‘ε“c‹ζ“Z‹½‚Q’–Ϊ,27,0,0,0,1,0,1,0,0,0,0,0,0,0,0,0,0,0,0,20,0,0,14,1,0,0,0,0,0,3,2,6,2,1,0,0,3
‘ε“c‹ζ“Z‹½‚R’–Ϊ,20,0,0,0,1,0,0,0,1,0,0,0,0,0,0,0,0,0,0,15,0,0,11,1,0,0,0,0,0,0,3,4,2,1,0,0,1
‘ε“c‹ζΌZ‹½‚P’–Ϊ,30,0,0,0,3,0,2,1,0,0,0,0,0,0,0,0,0,0,0,23,0,0,16,1,0,0,0,0,0,1,5,4,1,0,0,0,3
‘ε“c‹ζΌZ‹½‚Q’–Ϊ,45,0,0,0,3,0,0,2,1,0,2,0,0,0,0,0,1,0,1,34,0,0,15,0,0,0,0,0,0,13,6,6,2,0,0,0,4
‘ε“c‹ζΌZ‹½‚R’–Ϊ,13,0,0,0,1,0,1,0,0,0,1,0,0,0,0,1,0,0,0,9,0,1,6,0,0,0,0,0,0,1,1,2,1,0,0,0,1
‘ε“c‹ζΌZ‹½‚S’–Ϊ,34,0,0,0,1,0,1,0,0,0,0,0,0,0,0,0,0,0,0,28,1,2,15,0,0,1,0,0,0,0,9,5,3,0,0,0,2
‘ε“c‹ζ“μZ‹½‚P’–Ϊ,28,0,0,0,2,0,2,0,0,0,0,0,0,0,0,0,0,0,0,17,0,1,13,0,0,0,0,0,0,0,3,9,1,2,0,0,6
‘ε“c‹ζ“μZ‹½‚Q’–Ϊ,57,0,0,0,3,0,1,2,0,0,0,0,0,0,0,0,0,0,0,39,0,2,29,1,0,0,0,0,0,2,5,15,5,6,0,0,4
‘ε“c‹ζ“μZ‹½‚R’–Ϊ,23,0,0,0,0,0,0,0,0,0,0,0,0,0,0,0,0,0,0,12,0,3,8,0,0,0,0,0,0,0,1,11,4,2,0,0,5
‘ε“c‹ζ’‡Z‹½‚P’–Ϊ,27,0,0,0,3,0,0,1,1,1,0,0,0,0,0,0,0,0,0,14,0,0,7,1,0,0,0,0,0,2,4,10,6,0,0,0,4
‘ε“c‹ζ’‡Z‹½‚Q’–Ϊ,52,1,1,0,3,0,2,1,0,0,1,0,0,0,0,1,0,0,0,41,0,0,23,1,0,0,0,0,0,7,10,6,1,0,0,0,5
‘ε“c‹ζ’‡Z‹½‚R’–Ϊ,16,0,0,0,0,0,0,0,0,0,0,0,0,0,0,0,0,0,0,13,0,0,4,0,0,0,0,0,2,5,2,3,1,1,0,0,1
‘ε“c‹ζ’‡Z‹½‚S’–Ϊ,44,0,0,0,1,0,0,1,0,0,0,0,0,0,0,0,0,0,0,30,0,1,21,0,0,0,0,0,0,3,5,13,2,6,0,0,5
‘ε“c‹ζ‰ΊΫq‚P’–Ϊ,3,0,0,0,0,0,0,0,0,0,0,0,0,0,0,0,0,0,0,0,0,0,0,0,0,0,0,0,0,0,0,3,2,0,0,0,1
‘ε“c‹ζ‰ΊΫq‚Q’–Ϊ,15,0,0,0,1,0,1,0,0,0,0,0,0,0,0,0,0,0,0,9,0,1,7,1,0,0,0,0,0,0,0,5,4,0,0,0,1
‘ε“c‹ζ‰ΊΫq‚R’–Ϊ,19,0,0,0,2,0,0,2,0,0,0,0,0,0,0,0,0,0,0,8,0,0,2,1,0,0,0,0,1,2,2,9,5,1,0,0,3
‘ε“c‹ζ‰ΊΫq‚S’–Ϊ,15,0,0,0,1,0,1,0,0,0,0,0,0,0,0,0,0,0,0,6,0,0,4,1,0,0,0,0,0,1,0,8,3,2,0,0,3
‘ε“c‹ζ–ξϋ‚P’–Ϊ,21,0,0,0,1,0,0,1,0,0,1,0,0,0,0,1,0,0,0,14,0,2,7,0,0,0,0,0,0,2,3,5,0,0,1,0,4
‘ε“c‹ζ–ξϋ‚Q’–Ϊ,17,0,0,0,1,0,1,0,0,0,0,0,0,0,0,0,0,0,0,11,0,1,2,3,0,0,0,0,0,4,1,5,1,0,0,0,4
‘ε“c‹ζ–ξϋ‚R’–Ϊ,7,0,0,0,1,0,1,0,0,0,0,0,0,0,0,0,0,0,0,3,0,0,1,0,0,0,0,0,0,0,2,3,1,0,0,0,2
‘ε“c‹ζ“–ξϋ‚P’–Ϊ,7,0,0,0,2,0,2,0,0,0,0,0,0,0,0,0,0,0,0,4,0,1,1,0,0,1,0,0,0,0,1,1,0,1,0,0,0
‘ε“c‹ζ“–ξϋ‚Q’–Ϊ,7,0,0,0,0,0,0,0,0,0,0,0,0,0,0,0,0,0,0,4,0,0,2,0,0,0,0,0,0,1,1,3,0,1,0,0,2
‘ε“c‹ζ“–ξϋ‚R’–Ϊ,17,1,0,1,1,0,1,0,0,0,0,0,0,0,0,0,0,0,0,10,0,0,7,0,0,0,0,0,0,1,2,5,4,0,0,0,1
‘ε“c‹ζ‘½–€μ‚P’–Ϊ,40,0,0,0,1,0,0,1,0,0,0,0,0,0,0,0,0,0,0,30,0,1,20,1,0,0,0,0,0,4,4,9,3,1,0,0,5
‘ε“c‹ζ‘½–€μ‚Q’–Ϊ,29,0,0,0,1,0,0,1,0,0,1,0,0,0,0,0,0,0,1,16,0,3,6,1,0,0,0,0,0,2,4,11,4,2,0,0,5
‘ε“c‹ζ“—“c‚P’–Ϊ,21,1,0,1,0,0,0,0,0,0,0,0,0,0,0,0,0,0,0,14,0,0,9,2,0,1,0,0,0,0,2,6,3,0,0,0,3
‘ε“c‹ζ“—“c‚Q’–Ϊ,20,0,0,0,0,0,0,0,0,0,0,0,0,0,0,0,0,0,0,17,0,1,11,1,0,2,0,0,0,0,2,3,2,0,0,0,1
‘ε“c‹ζ“μ—“c‚P’–Ϊ,33,0,0,0,0,0,0,0,0,0,1,0,0,0,0,1,0,0,0,24,0,0,19,0,0,0,0,0,0,0,5,8,0,2,2,0,4
‘ε“c‹ζ“μ—“c‚Q’–Ϊ,31,0,0,0,1,0,0,0,1,0,0,0,0,0,0,0,0,0,0,25,0,0,12,1,0,0,0,0,0,6,6,5,2,1,0,0,2
‘ε“c‹ζ“μ—“c‚R’–Ϊ,13,0,0,0,1,0,0,1,0,0,0,0,0,0,0,0,0,0,0,7,0,0,4,0,0,0,0,0,0,0,3,5,4,0,0,0,1
‘ε“c‹ζΌ—“c‚P’–Ϊ,14,1,0,1,0,0,0,0,0,0,0,0,0,0,0,0,0,0,0,10,0,0,10,0,0,0,0,0,0,0,0,3,1,0,0,0,2
‘ε“c‹ζΌ—“c‚Q’–Ϊ,17,0,0,0,0,0,0,0,0,0,9,0,0,0,0,0,0,0,9,7,0,0,3,0,0,0,0,0,0,0,4,1,0,0,0,0,1
‘ε“c‹ζΌ—“c‚R’–Ϊ,11,0,0,0,1,0,1,0,0,0,0,0,0,0,0,0,0,0,0,5,0,0,4,0,0,0,0,0,0,0,1,5,2,0,0,0,3
‘ε“c‹ζΌ—“c‚S’–Ϊ,15,0,0,0,0,0,0,0,0,0,0,0,0,0,0,0,0,0,0,11,0,0,4,1,0,0,0,0,0,3,3,4,0,0,0,0,4
‘ε“c‹ζΌ—“c‚T’–Ϊ,42,0,0,0,5,0,1,3,0,1,0,0,0,0,0,0,0,0,0,29,0,0,25,0,0,0,0,0,0,0,4,8,3,3,0,0,2
‘ε“c‹ζΌ—“c‚U’–Ϊ,23,1,0,1,2,0,2,0,0,0,0,0,0,0,0,0,0,0,0,13,0,0,9,1,0,0,0,0,1,0,2,7,2,0,1,0,4
‘ε“c‹ζΌ—“c‚V’–Ϊ,251,3,2,1,28,0,14,11,1,2,3,0,0,0,3,0,0,0,0,177,0,1,80,1,0,0,0,1,0,63,31,40,8,7,2,0,23
‘ε“c‹ζΌ—“c‚W’–Ϊ,36,0,0,0,0,0,0,0,0,0,0,0,0,0,0,0,0,0,0,32,0,0,12,1,0,0,0,0,1,5,13,4,1,0,0,0,3
‘ε“c‹ζ—“c‚P’–Ϊ,48,0,0,0,0,0,0,0,0,0,3,0,1,0,0,0,1,0,1,32,0,3,21,0,0,0,0,0,0,5,3,13,7,1,0,0,5
‘ε“c‹ζ—“c‚Q’–Ϊ,48,0,0,0,1,0,0,1,0,0,3,0,0,0,0,1,0,0,2,33,0,0,24,3,0,0,0,0,0,3,3,11,6,0,0,0,5
‘ε“c‹ζ—“c‚R’–Ϊ,20,1,0,1,0,0,0,0,0,0,1,0,0,0,0,1,0,0,0,13,0,1,8,0,0,1,0,0,0,1,2,5,0,1,0,0,4
‘ε“c‹ζ—“c‚S’–Ϊ,79,3,2,1,11,0,7,2,2,0,3,1,0,0,0,1,0,0,1,52,0,0,28,0,0,0,0,0,1,12,11,10,4,1,0,0,5
‘ε“c‹ζ—“c‚T’–Ϊ,350,3,1,2,33,0,21,12,0,0,1,0,0,1,0,0,0,0,0,270,0,2,165,1,0,0,0,0,5,50,47,43,5,7,3,0,28
‘ε“c‹ζ—“c–{’¬‚P’–Ϊ,16,0,0,0,0,0,0,0,0,0,0,0,0,0,0,0,0,0,0,12,0,3,6,0,0,0,0,0,1,0,2,4,2,0,0,0,2
‘ε“c‹ζ—“c–{’¬‚Q’–Ϊ,24,0,0,0,1,0,0,0,0,1,1,0,0,0,0,1,0,0,0,14,0,2,6,0,0,0,0,0,0,1,5,8,0,2,0,0,6
‘ε“c‹ζV—“c‚P’–Ϊ,24,1,0,1,3,0,3,0,0,0,0,0,0,0,0,0,0,0,0,15,0,0,10,0,0,0,0,0,0,0,5,5,3,1,0,0,1
‘ε“c‹ζV—“c‚Q’–Ϊ,15,0,0,0,2,0,1,1,0,0,0,0,0,0,0,0,0,0,0,6,0,0,3,0,0,0,0,0,0,2,1,7,5,0,0,0,2
‘ε“c‹ζV—“c‚R’–Ϊ,16,0,0,0,1,0,0,1,0,0,0,0,0,0,0,0,0,0,0,12,0,0,11,0,0,0,0,0,0,0,1,3,1,0,0,0,2
‘ε“c‹ζι“μ“‡‚Q’–Ϊ,3,0,0,0,1,0,0,1,0,0,0,0,0,0,0,0,0,0,0,1,0,0,1,0,0,0,0,0,0,0,0,1,0,1,0,0,0
‘ε“c‹ζι“μ“‡‚S’–Ϊ,1,0,0,0,0,0,0,0,0,0,0,0,0,0,0,0,0,0,0,0,0,0,0,0,0,0,0,0,0,0,0,1,0,0,0,0,1
‘ε“c‹ζι“μ“‡‚T’–Ϊ,1,0,0,0,0,0,0,0,0,0,0,0,0,0,0,0,0,0,0,1,0,0,0,0,0,0,0,0,0,0,1,0,0,0,0,0,0
‘ε“c‹ζι“μ“‡‚V’–Ϊ,1,0,0,0,1,0,0,1,0,0,0,0,0,0,0,0,0,0,0,0,0,0,0,0,0,0,0,0,0,0,0,0,0,0,0,0,0
‘ε“c‹ζ“C‚P’–Ϊ,1,0,0,0,0,0,0,0,0,0,0,0,0,0,0,0,0,0,0,1,0,0,0,0,0,0,0,0,0,0,1,0,0,0,0,0,0
‘ε“c‹ζ“C‚Q’–Ϊ,2,0,0,0,0,0,0,0,0,0,0,0,0,0,0,0,0,0,0,2,1,0,0,0,0,0,0,0,0,0,1,0,0,0,0,0,0
‘ε“c‹ζ“C‚R’–Ϊ,12,0,0,0,2,0,0,2,0,0,0,0,0,0,0,0,0,0,0,6,0,0,1,0,0,0,0,0,0,0,5,4,0,0,1,0,3
‘ε“c‹ζ“C‚S’–Ϊ,1,0,0,0,0,0,0,0,0,0,0,0,0,0,0,0,0,0,0,1,0,0,1,0,0,0,0,0,0,0,0,0,0,0,0,0,0
‘ε“c‹ζ“C‚T’–Ϊ,3,0,0,0,0,0,0,0,0,0,0,0,0,0,0,0,0,0,0,2,0,0,0,0,0,0,0,0,0,0,2,1,0,0,0,0,1
‘ε“c‹ζ“C‚U’–Ϊ,1,0,0,0,0,0,0,0,0,0,0,0,0,0,0,0,0,0,0,0,0,0,0,0,0,0,0,0,0,0,0,1,0,0,0,0,1
‘ε“c‹ζ—ίa“‡‚P’–Ϊ,1,0,0,0,0,0,0,0,0,0,0,0,0,0,0,0,0,0,0,0,0,0,0,0,0,0,0,0,0,0,0,1,0,0,0,0,1
‘ε“c‹ζv,4370,35,11,24,318,0,172,116,18,12,65,1,2,3,4,21,4,1,29,2913,3,75,1565,86,10,15,10,3,36,465,645,1039,384,124,22,0,509
Ά“c’J‹ζ’rK‚P’–Ϊ,13,0,0,0,0,0,0,0,0,0,0,0,0,0,0,0,0,0,0,10,0,0,8,1,0,0,0,0,0,0,1,3,2,0,0,0,1
Ά“c’J‹ζ’rK‚Q’–Ϊ,21,0,0,0,3,0,1,2,0,0,0,0,0,0,0,0,0,0,0,13,0,0,7,0,0,0,0,0,0,5,1,5,1,1,0,0,3
Ά“c’J‹ζ’rK‚R’–Ϊ,63,1,0,1,3,0,2,1,0,0,1,0,0,0,0,1,0,0,0,44,0,0,23,1,0,1,2,0,0,7,10,14,3,3,0,0,8
Ά“c’J‹ζ’rK‚S’–Ϊ,16,0,0,0,0,0,0,0,0,0,0,0,0,0,0,0,0,0,0,8,0,1,6,0,0,0,0,0,0,0,1,8,3,1,0,0,4
Ά“c’J‹ζOh‚P’–Ϊ,13,0,0,0,1,0,1,0,0,0,1,0,0,0,0,1,0,0,0,10,0,0,4,0,0,0,0,0,0,1,5,1,0,1,0,0,0
Ά“c’J‹ζOh‚Q’–Ϊ,21,0,0,0,0,0,0,0,0,0,2,0,0,0,0,2,0,0,0,15,0,0,13,0,0,0,0,0,0,0,2,4,2,0,0,0,2
Ά“c’J‹ζ‘Ύq“°‚P’–Ϊ,16,0,0,0,0,0,0,0,0,0,0,0,0,0,0,0,0,0,0,9,0,0,6,0,0,0,1,0,0,2,0,7,3,0,0,0,4
Ά“c’J‹ζ‘Ύq“°‚Q’–Ϊ,65,0,0,0,5,0,3,1,1,0,0,0,0,0,0,0,0,0,0,40,0,1,29,0,0,0,1,0,0,4,5,20,2,3,0,0,15
Ά“c’J‹ζ‘Ύq“°‚R’–Ϊ,7,0,0,0,1,0,0,0,0,1,0,0,0,0,0,0,0,0,0,4,0,0,3,0,0,0,0,0,0,0,1,2,0,0,0,0,2
Ά“c’J‹ζ‘Ύq“°‚S’–Ϊ,98,0,0,0,8,0,4,4,0,0,3,0,0,0,1,0,0,0,2,69,0,1,28,0,0,0,0,0,0,28,12,18,4,2,0,0,12
Ά“c’J‹ζ‘Ύq“°‚T’–Ϊ,26,0,0,0,1,0,1,0,0,0,3,0,0,0,0,1,0,0,2,12,0,0,8,0,1,0,0,0,0,0,3,10,6,0,0,0,4
Ά“c’J‹ζO¬’ƒ‰®‚P’–Ϊ,63,1,1,0,6,0,4,2,0,0,1,0,0,0,1,0,0,0,0,29,0,0,18,2,0,0,1,0,0,3,5,26,6,2,0,0,18
Ά“c’J‹ζO¬’ƒ‰®‚Q’–Ϊ,94,2,0,2,13,0,6,6,0,1,3,0,0,0,3,0,0,0,0,50,0,1,32,0,0,0,0,0,1,6,10,26,4,3,1,0,18
Ά“c’J‹ζα—Ρ‚P’–Ϊ,14,0,0,0,0,0,0,0,0,0,0,0,0,0,0,0,0,0,0,10,0,0,6,0,0,0,0,0,0,0,4,4,2,0,0,0,2
Ά“c’J‹ζα—Ρ‚Q’–Ϊ,12,0,0,0,0,0,0,0,0,0,1,0,0,0,0,1,0,0,0,7,1,0,5,0,0,0,0,0,0,0,1,4,3,0,0,0,1
Ά“c’J‹ζα—Ρ‚R’–Ϊ,21,0,0,0,3,0,0,3,0,0,1,0,0,0,0,0,1,0,0,12,0,0,11,0,0,0,0,0,0,0,1,5,4,0,0,0,1
Ά“c’J‹ζα—Ρ‚S’–Ϊ,18,1,0,1,1,0,0,1,0,0,1,0,1,0,0,0,0,0,0,10,0,0,7,0,0,0,0,0,0,1,2,5,1,1,0,0,3
Ά“c’J‹ζα—Ρ‚T’–Ϊ,10,0,0,0,0,0,0,0,0,0,0,0,0,0,0,0,0,0,0,4,0,0,3,0,0,0,0,0,0,0,1,6,1,0,0,0,5
Ά“c’J‹ζΆ“c’J‚P’–Ϊ,28,1,0,1,4,0,3,0,1,0,2,0,0,0,0,1,0,0,1,14,0,0,8,0,0,0,0,0,1,0,5,7,2,0,0,0,5
Ά“c’J‹ζΆ“c’J‚Q’–Ϊ,11,0,0,0,0,0,0,0,0,0,1,0,0,0,0,0,0,0,1,9,0,0,4,0,0,0,0,0,0,2,3,1,0,0,0,0,1
Ά“c’J‹ζΆ“c’J‚R’–Ϊ,11,0,0,0,2,0,1,1,0,0,0,0,0,0,0,0,0,0,0,8,0,0,5,0,0,0,0,0,0,0,3,1,1,0,0,0,0
Ά“c’J‹ζΆ“c’J‚S’–Ϊ,17,0,0,0,3,0,1,2,0,0,1,0,0,0,0,1,0,0,0,10,0,0,10,0,0,0,0,0,0,0,0,3,0,0,0,0,3
Ά“c’J‹ζχ‚P’–Ϊ,6,0,0,0,1,0,0,1,0,0,0,0,0,0,0,0,0,0,0,2,0,0,1,0,0,0,0,0,0,0,1,3,3,0,0,0,0
Ά“c’J‹ζχ‚Q’–Ϊ,10,0,0,0,0,0,0,0,0,0,0,0,0,0,0,0,0,0,0,3,0,0,3,0,0,0,0,0,0,0,0,7,3,0,0,0,4
Ά“c’J‹ζχ‚R’–Ϊ,15,0,0,0,2,0,2,0,0,0,2,0,0,0,0,1,1,0,0,6,0,0,3,0,1,0,0,0,0,0,2,5,1,2,0,0,2
Ά“c’J‹ζ·ª‚P’–Ϊ,16,0,0,0,3,0,1,2,0,0,0,0,0,0,0,0,0,0,0,5,0,0,4,0,0,0,0,0,0,0,1,8,2,0,0,0,6
Ά“c’J‹ζ·ª‚Q’–Ϊ,12,0,0,0,0,0,0,0,0,0,0,0,0,0,0,0,0,0,0,7,0,0,5,0,1,0,0,0,0,0,1,5,2,0,0,0,3
Ά“c’J‹ζ·ª‚R’–Ϊ,7,0,0,0,0,0,0,0,0,0,0,0,0,0,0,0,0,0,0,4,0,0,2,0,0,0,0,0,0,0,2,3,1,1,0,0,1
Ά“c’J‹ζ·ª‚S’–Ϊ,14,0,0,0,0,0,0,0,0,0,1,0,0,0,0,0,0,0,1,11,0,0,8,1,0,0,0,0,0,1,1,2,1,0,0,0,1
Ά“c’J‹ζ·ª‚T’–Ϊ,10,0,0,0,0,0,0,0,0,0,1,0,0,0,0,1,0,0,0,4,0,0,3,0,0,0,0,0,0,0,1,5,5,0,0,0,0
Ά“c’J‹ζ‘γ“c‚P’–Ϊ,20,0,0,0,0,0,0,0,0,0,0,0,0,0,0,0,0,0,0,16,0,2,14,0,0,0,0,0,0,0,0,4,3,0,0,0,1
Ά“c’J‹ζ‘γ“c‚Q’–Ϊ,14,0,0,0,0,0,0,0,0,0,0,0,0,0,0,0,0,0,0,10,0,0,8,0,0,0,0,0,0,0,2,4,3,0,0,0,1
Ά“c’J‹ζ‘γ“c‚R’–Ϊ,11,0,0,0,1,0,1,0,0,0,0,0,0,0,0,0,0,0,0,7,0,0,6,0,0,0,0,0,0,0,1,3,1,1,0,0,1
Ά“c’J‹ζ‘γ“c‚S’–Ϊ,30,1,1,0,1,0,1,0,0,0,1,0,0,0,0,1,0,0,0,21,0,0,8,1,0,0,0,0,0,9,3,6,3,2,0,0,1
Ά“c’J‹ζ‘γ“c‚T’–Ϊ,16,1,0,1,0,0,0,0,0,0,1,0,0,0,1,0,0,0,0,8,0,0,5,0,0,0,0,0,0,0,3,6,1,1,0,0,4
Ά“c’J‹ζ‘γ“c‚U’–Ϊ,14,0,0,0,1,0,1,0,0,0,0,0,0,0,0,0,0,0,0,7,0,0,6,0,0,1,0,0,0,0,0,6,2,0,0,0,4
Ά“c’J‹ζ”~‹u‚P’–Ϊ,22,0,0,0,0,0,0,0,0,0,0,0,0,0,0,0,0,0,0,16,0,1,6,0,0,0,0,0,0,5,4,6,2,1,0,0,3
Ά“c’J‹ζ”~‹u‚Q’–Ϊ,11,0,0,0,0,0,0,0,0,0,0,0,0,0,0,0,0,0,0,7,0,0,4,0,0,0,0,0,0,0,3,4,1,0,0,0,3
Ά“c’J‹ζ”~‹u‚R’–Ϊ,2,0,0,0,0,0,0,0,0,0,0,0,0,0,0,0,0,0,0,1,0,0,1,0,0,0,0,0,0,0,0,1,0,0,0,0,1
Ά“c’J‹ζ‹“Ώ›‚P’–Ϊ,18,0,0,0,4,0,3,1,0,0,0,0,0,0,0,0,0,0,0,11,0,0,5,0,0,0,0,0,0,2,4,3,0,1,0,0,2
Ά“c’J‹ζ‹“Ώ›‚Q’–Ϊ,4,0,0,0,0,0,0,0,0,0,0,0,0,0,0,0,0,0,0,4,0,0,2,0,0,0,0,0,0,0,2,0,0,0,0,0,0
Ά“c’J‹ζo“°‚P’–Ϊ,77,0,0,0,1,0,0,1,0,0,0,0,0,0,0,0,0,0,0,52,0,0,29,2,0,0,0,0,0,10,11,24,7,3,3,0,11
Ά“c’J‹ζo“°‚Q’–Ϊ,50,0,0,0,1,0,1,0,0,0,0,0,0,0,0,0,0,0,0,38,0,0,18,2,0,0,0,0,0,7,11,11,6,1,1,0,3
Ά“c’J‹ζo“°‚R’–Ϊ,17,0,0,0,1,0,0,1,0,0,0,0,0,0,0,0,0,0,0,13,0,0,8,2,0,0,0,0,0,0,3,3,1,0,0,0,2
Ά“c’J‹ζo“°‚S’–Ϊ,10,0,0,0,0,0,0,0,0,0,0,0,0,0,0,0,0,0,0,7,0,0,5,0,0,0,0,0,0,1,1,3,2,0,0,0,1
Ά“c’J‹ζo“°‚T’–Ϊ,12,0,0,0,0,0,0,0,0,0,0,0,0,0,0,0,0,0,0,5,0,0,3,0,0,0,0,0,0,0,2,7,1,1,0,0,5
Ά“c’J‹ζ‹{β‚P’–Ϊ,23,0,0,0,0,0,0,0,0,0,1,0,0,0,0,0,1,0,0,9,0,0,7,0,0,0,0,0,0,0,2,13,3,1,0,0,9
Ά“c’J‹ζ‹{β‚Q’–Ϊ,17,0,0,0,1,0,0,0,1,0,1,0,0,1,0,0,0,0,0,9,0,0,8,1,0,0,0,0,0,0,0,6,3,0,0,0,3
Ά“c’J‹ζ‹{β‚R’–Ϊ,41,2,1,1,2,0,1,0,1,0,0,0,0,0,0,0,0,0,0,26,0,0,16,2,0,0,0,0,1,1,6,11,4,1,1,0,5
Ά“c’J‹ζχ‹u‚P’–Ϊ,9,0,0,0,1,0,0,1,0,0,1,0,1,0,0,0,0,0,0,6,0,0,3,0,0,0,0,0,0,0,3,1,0,0,0,0,1
Ά“c’J‹ζχ‹u‚Q’–Ϊ,19,0,0,0,1,0,0,1,0,0,0,0,0,0,0,0,0,0,0,14,0,1,6,0,1,0,0,0,0,3,3,4,2,1,0,0,1
Ά“c’J‹ζχ‹u‚R’–Ϊ,11,0,0,0,0,0,0,0,0,0,0,0,0,0,0,0,0,0,0,8,0,0,5,0,0,0,0,0,0,1,2,3,2,1,0,0,0
Ά“c’J‹ζχ‹u‚S’–Ϊ,11,0,0,0,1,0,1,0,0,0,0,0,0,0,0,0,0,0,0,10,0,0,6,0,0,0,0,0,0,0,4,0,0,0,0,0,0
Ά“c’J‹ζχ‹u‚T’–Ϊ,20,0,0,0,0,0,0,0,0,0,0,0,0,0,0,0,0,0,0,18,0,0,12,1,0,1,0,0,0,0,4,2,1,0,0,0,1
Ά“c’J‹ζ‘γ‘ς‚P’–Ϊ,10,0,0,0,0,0,0,0,0,0,0,0,0,0,0,0,0,0,0,6,0,0,6,0,0,0,0,0,0,0,0,4,3,1,0,0,0
Ά“c’J‹ζ‘γ‘ς‚Q’–Ϊ,20,0,0,0,3,0,0,1,0,2,1,0,0,0,0,0,1,0,0,10,0,0,7,0,0,0,0,0,0,0,3,6,1,0,0,0,5
Ά“c’J‹ζ‘γ‘ς‚R’–Ϊ,11,0,0,0,1,0,0,1,0,0,0,0,0,0,0,0,0,0,0,9,0,0,7,0,0,0,0,0,0,0,2,1,0,0,0,0,1
Ά“c’J‹ζ‘γ‘ς‚S’–Ϊ,21,0,0,0,0,0,0,0,0,0,1,0,0,0,0,1,0,0,0,15,0,0,12,0,0,1,0,0,0,0,2,5,1,0,0,0,4
Ά“c’J‹ζ‘γ‘ς‚T’–Ϊ,23,0,0,0,1,0,0,1,0,0,1,0,0,0,0,0,0,0,1,14,0,1,7,0,0,0,0,0,0,1,5,7,2,1,0,0,4
Ά“c’J‹ζ‰Hª–Ψ‚P’–Ϊ,17,0,0,0,0,0,0,0,0,0,0,0,0,0,0,0,0,0,0,7,0,0,4,0,0,0,0,0,0,1,2,10,4,0,0,0,6
Ά“c’J‹ζ‰Hª–Ψ‚Q’–Ϊ,8,0,0,0,1,0,1,0,0,0,0,0,0,0,0,0,0,0,0,6,0,0,4,0,0,0,0,0,0,0,2,1,1,0,0,0,0
Ά“c’J‹ζ‘ε΄‚P’–Ϊ,24,0,0,0,5,0,1,3,1,0,1,0,0,0,0,0,0,0,1,11,0,0,9,0,0,0,0,0,0,0,2,7,3,2,0,0,2
Ά“c’J‹ζ‘ε΄‚Q’–Ϊ,25,1,1,0,6,0,3,3,0,0,1,0,0,0,0,0,0,0,1,11,0,0,8,0,0,0,0,0,0,0,3,6,2,2,0,0,2
Ά“c’J‹ζ–k‘ς‚P’–Ϊ,22,0,0,0,0,0,0,0,0,0,0,0,0,0,0,0,0,0,0,15,0,0,12,0,0,1,0,0,0,0,2,7,3,1,0,0,3
Ά“c’J‹ζ–k‘ς‚Q’–Ϊ,191,1,0,1,15,0,8,6,1,0,2,0,0,0,2,0,0,0,0,130,0,1,49,3,0,0,2,0,1,42,32,43,10,6,0,0,27
Ά“c’J‹ζ–k‘ς‚R’–Ϊ,32,0,0,0,6,0,2,3,1,0,0,0,0,0,0,0,0,0,0,13,0,0,10,1,0,0,0,0,0,0,2,13,4,0,0,0,9
Ά“c’J‹ζ–k‘ς‚S’–Ϊ,8,1,1,0,0,0,0,0,0,0,0,0,0,0,0,0,0,0,0,4,0,0,3,0,0,0,0,0,0,1,0,3,2,0,0,0,1
Ά“c’J‹ζ–k‘ς‚T’–Ϊ,15,0,0,0,1,0,1,0,0,0,0,0,0,0,0,0,0,0,0,9,0,0,4,0,0,0,0,0,0,0,5,5,3,0,0,0,2
Ά“c’J‹ζΌ΄‚P’–Ϊ,46,0,0,0,2,0,0,2,0,0,1,0,0,0,1,0,0,0,0,27,0,2,13,0,0,0,0,0,0,0,12,16,8,0,0,0,8
Ά“c’J‹ζΌ΄‚Q’–Ϊ,71,1,1,0,10,0,4,6,0,0,2,0,0,0,0,2,0,0,0,37,0,1,15,0,0,0,0,0,2,6,13,21,5,3,0,0,13
Ά“c’J‹ζΌ΄‚R’–Ϊ,17,0,0,0,4,0,3,1,0,0,0,0,0,0,0,0,0,0,0,8,0,0,4,0,0,0,0,0,0,0,4,5,3,0,0,0,2
Ά“c’J‹ζΌ΄‚S’–Ϊ,6,0,0,0,0,0,0,0,0,0,0,0,0,0,0,0,0,0,0,3,0,0,2,0,0,0,0,0,0,1,0,3,2,0,0,0,1
Ά“c’J‹ζΌ΄‚T’–Ϊ,23,0,0,0,1,0,0,1,0,0,0,0,0,0,0,0,0,0,0,14,0,0,14,0,0,0,0,0,0,0,0,8,3,0,0,0,5
Ά“c’J‹ζΌ΄‚U’–Ϊ,19,0,0,0,1,0,1,0,0,0,0,0,0,0,0,0,0,0,0,11,0,0,6,0,0,1,0,0,0,0,4,7,2,1,0,0,4
Ά“c’J‹ζΤ’η‚P’–Ϊ,15,0,0,0,2,0,1,1,0,0,0,0,0,0,0,0,0,0,0,6,0,0,3,0,0,0,0,0,0,0,3,7,3,0,0,0,4
Ά“c’J‹ζΤ’η‚Q’–Ϊ,7,0,0,0,1,0,0,1,0,0,0,0,0,0,0,0,0,0,0,5,0,0,2,0,0,0,0,0,0,0,3,1,1,0,0,0,0
Ά“c’J‹ζΤ’η‚R’–Ϊ,9,0,0,0,0,0,0,0,0,0,0,0,0,0,0,0,0,0,0,3,0,0,2,0,0,0,0,0,0,0,1,6,5,0,0,0,1
Ά“c’J‹ζΤ’η‚S’–Ϊ,21,0,0,0,0,0,0,0,0,0,0,0,0,0,0,0,0,0,0,17,0,0,15,0,0,0,0,0,0,0,2,4,2,0,0,0,2
Ά“c’J‹ζΤ’η‚T’–Ϊ,11,0,0,0,1,0,0,1,0,0,1,0,0,0,0,0,0,1,0,7,0,0,4,0,0,0,0,0,0,1,2,2,1,0,1,0,0
Ά“c’J‹ζχγ…‚P’–Ϊ,8,0,0,0,0,0,0,0,0,0,0,0,0,0,0,0,0,0,0,6,0,0,5,0,0,0,0,0,0,0,1,2,0,0,0,0,2
Ά“c’J‹ζχγ…‚Q’–Ϊ,4,0,0,0,0,0,0,0,0,0,0,0,0,0,0,0,0,0,0,4,0,0,3,1,0,0,0,0,0,0,0,0,0,0,0,0,0
Ά“c’J‹ζχγ…‚R’–Ϊ,5,0,0,0,0,0,0,0,0,0,1,0,0,0,0,1,0,0,0,3,0,0,3,0,0,0,0,0,0,0,0,1,0,1,0,0,0
Ά“c’J‹ζχγ…‚S’–Ϊ,22,0,0,0,2,0,1,1,0,0,1,0,0,0,0,0,0,0,1,12,0,0,10,0,0,0,0,0,0,1,1,7,2,1,0,0,4
Ά“c’J‹ζχγ…‚T’–Ϊ,21,1,0,1,2,0,2,0,0,0,1,0,0,0,0,1,0,0,0,12,0,0,6,1,0,0,0,0,0,3,2,5,2,1,0,0,2
Ά“c’J‹ζγ–k‘ς‚P’–Ϊ,11,0,0,0,1,0,0,1,0,0,0,0,0,0,0,0,0,0,0,9,0,0,7,0,0,0,0,0,0,0,2,1,1,0,0,0,0
Ά“c’J‹ζγ–k‘ς‚Q’–Ϊ,7,0,0,0,2,0,2,0,0,0,1,0,0,0,0,0,0,0,1,3,0,0,2,0,0,0,0,0,0,0,1,1,0,0,0,0,1
Ά“c’J‹ζγ–k‘ς‚R’–Ϊ,8,1,1,0,0,0,0,0,0,0,0,0,0,0,0,0,0,0,0,7,0,0,5,0,0,0,0,0,0,1,1,0,0,0,0,0,0
Ά“c’J‹ζγ–k‘ς‚S’–Ϊ,17,0,0,0,0,0,0,0,0,0,1,0,0,0,0,0,0,0,1,13,0,0,9,0,0,0,0,0,0,3,1,3,0,1,0,0,2
Ά“c’J‹ζγ–k‘ς‚T’–Ϊ,15,1,1,0,0,0,0,0,0,0,0,0,0,0,0,0,0,0,0,6,0,0,5,0,0,0,0,0,0,1,0,8,5,1,0,0,2
Ά“c’J‹ζ‰Ί”n‚P’–Ϊ,14,0,0,0,0,0,0,0,0,0,0,0,0,0,0,0,0,0,0,8,0,0,4,0,0,0,0,0,0,3,1,6,1,0,0,0,5
Ά“c’J‹ζ‰Ί”n‚Q’–Ϊ,24,0,0,0,2,0,0,2,0,0,0,0,0,0,0,0,0,0,0,16,0,2,10,1,0,0,0,0,0,0,3,6,3,0,0,0,3
Ά“c’J‹ζ‰Ί”n‚R’–Ϊ,8,1,0,1,0,0,0,0,0,0,0,0,0,0,0,0,0,0,0,6,0,0,6,0,0,0,0,0,0,0,0,1,0,1,0,0,0
Ά“c’J‹ζ‰Ί”n‚S’–Ϊ,4,0,0,0,0,0,0,0,0,0,0,0,0,0,0,0,0,0,0,3,0,0,0,0,1,0,0,0,0,0,2,1,0,0,0,0,1
Ά“c’J‹ζ‰Ί”n‚T’–Ϊ,7,0,0,0,0,0,0,0,0,0,1,0,0,0,0,1,0,0,0,4,0,0,4,0,0,0,0,0,0,0,0,2,1,0,0,0,1
Ά“c’J‹ζ‰Ί”n‚U’–Ϊ,17,1,0,1,0,0,0,0,0,0,1,0,0,0,0,1,0,0,0,9,0,0,3,1,0,0,0,0,0,4,1,6,0,0,1,0,5
Ά“c’J‹ζ–μ‘ς‚P’–Ϊ,8,0,0,0,2,0,0,0,2,0,0,0,0,0,0,0,0,0,0,4,0,0,4,0,0,0,0,0,0,0,0,2,2,0,0,0,0
Ά“c’J‹ζ–μ‘ς‚Q’–Ϊ,24,1,0,1,0,0,0,0,0,0,0,0,0,0,0,0,0,0,0,14,0,0,12,0,0,0,0,0,0,2,0,9,4,1,1,0,3
Ά“c’J‹ζ–μ‘ς‚R’–Ϊ,25,0,0,0,1,0,0,1,0,0,0,0,0,0,0,0,0,0,0,20,0,0,17,0,0,0,0,0,0,1,2,4,2,0,0,0,2
Ά“c’J‹ζ–μ‘ς‚S’–Ϊ,9,0,0,0,1,0,1,0,0,0,0,0,0,0,0,0,0,0,0,6,0,0,4,0,0,0,0,0,0,1,1,2,2,0,0,0,0
Ά“c’J‹ζγ”n‚P’–Ϊ,25,0,0,0,1,0,1,0,0,0,1,0,0,0,0,0,0,0,1,10,0,0,7,0,0,0,0,0,0,1,2,13,3,0,0,0,10
Ά“c’J‹ζγ”n‚Q’–Ϊ,31,1,0,1,5,0,4,1,0,0,0,0,0,0,0,0,0,0,0,19,0,2,12,0,0,0,0,0,0,3,2,6,0,0,0,0,6
Ά“c’J‹ζγ”n‚R’–Ϊ,17,0,0,0,2,0,1,1,0,0,0,0,0,0,0,0,0,0,0,12,0,0,10,0,0,0,0,0,0,0,2,3,3,0,0,0,0
Ά“c’J‹ζγ”n‚S’–Ϊ,22,0,0,0,3,0,1,2,0,0,0,0,0,0,0,0,0,0,0,8,0,0,6,0,0,0,0,0,0,2,0,11,2,1,0,0,8
Ά“c’J‹ζγ”n‚T’–Ϊ,13,0,0,0,1,0,1,0,0,0,0,0,0,0,0,0,0,0,0,3,0,0,3,0,0,0,0,0,0,0,0,9,1,2,0,0,6
Ά“c’J‹ζ‹ξ‘ς‚P’–Ϊ,22,0,0,0,1,0,0,1,0,0,0,0,0,0,0,0,0,0,0,15,0,0,12,0,0,0,0,0,0,0,3,6,1,1,0,0,4
Ά“c’J‹ζ‹ξ‘ς‚Q’–Ϊ,21,0,0,0,0,0,0,0,0,0,0,0,0,0,0,0,0,0,0,13,0,0,10,0,0,0,0,0,0,2,1,8,2,0,0,0,6
Ά“c’J‹ζ‹ξ‘ς‚R’–Ϊ,10,1,0,1,1,0,0,1,0,0,1,0,0,1,0,0,0,0,0,6,0,0,4,0,0,0,0,0,0,1,1,1,0,0,0,0,1
Ά“c’J‹ζ‹ξ‘ς‚S’–Ϊ,14,0,0,0,0,0,0,0,0,0,0,0,0,0,0,0,0,0,0,10,0,0,7,0,0,1,0,0,0,0,2,4,1,1,0,0,2
Ά“c’J‹ζ‹ξ‘ς‚T’–Ϊ,11,0,0,0,0,0,0,0,0,0,0,0,0,0,0,0,0,0,0,8,0,1,5,0,0,0,0,0,0,0,2,3,2,0,0,0,1
Ά“c’J‹ζ“‹Κμ‚P’–Ϊ,5,0,0,0,1,0,1,0,0,0,0,0,0,0,0,0,0,0,0,1,0,0,1,0,0,0,0,0,0,0,0,3,2,0,0,0,1
Ά“c’J‹ζ“‹Κμ‚Q’–Ϊ,12,0,0,0,2,0,2,0,0,0,0,0,0,0,0,0,0,0,0,3,0,0,2,0,0,0,0,0,0,0,1,7,4,0,0,0,3
Ά“c’J‹ζ‰‘ς‚P’–Ϊ,11,0,0,0,0,0,0,0,0,0,2,0,0,0,0,1,0,0,1,7,0,0,5,0,0,0,0,0,0,0,2,2,1,0,0,0,1
Ά“c’J‹ζ‰‘ς‚Q’–Ϊ,12,1,0,1,1,0,1,0,0,0,0,0,0,0,0,0,0,0,0,3,0,0,1,0,0,0,0,0,0,0,2,7,5,0,0,0,2
Ά“c’J‹ζ‰‘ς‚R’–Ϊ,12,0,0,0,2,0,1,1,0,0,0,0,0,0,0,0,0,0,0,5,0,0,2,0,0,0,0,0,0,1,2,5,1,0,0,0,4
Ά“c’J‹ζ‰‘ς‚S’–Ϊ,3,0,0,0,0,0,0,0,0,0,0,0,0,0,0,0,0,0,0,2,0,0,0,0,0,0,0,0,0,0,2,1,1,0,0,0,0
Ά“c’J‹ζ‰‘ς‚T’–Ϊ,24,0,0,0,1,0,1,0,0,0,0,0,0,0,0,0,0,0,0,13,0,1,8,0,0,0,0,0,0,4,0,10,1,1,0,0,8
Ά“c’J‹ζ‰‘ς‚U’–Ϊ,7,0,0,0,0,0,0,0,0,0,0,0,0,0,0,0,0,0,0,4,0,0,3,0,0,0,0,0,0,1,0,3,0,0,0,0,3
Ά“c’J‹ζ‰‘ς‚V’–Ϊ,11,0,0,0,1,0,1,0,0,0,0,0,0,0,0,0,0,0,0,6,0,0,4,0,0,0,0,0,0,0,2,4,3,0,0,0,1
Ά“c’J‹ζ‰‘ς‚W’–Ϊ,2,0,0,0,0,0,0,0,0,0,0,0,0,0,0,0,0,0,0,2,0,0,2,0,0,0,0,0,0,0,0,0,0,0,0,0,0
Ά“c’J‹ζ‹Κμ“c‰€’²•z‚P’–Ϊ,1,0,0,0,0,0,0,0,0,0,0,0,0,0,0,0,0,0,0,0,0,0,0,0,0,0,0,0,0,0,0,1,1,0,0,0,0
Ά“c’J‹ζ‹Κμ“c‰€’²•z‚Q’–Ϊ,2,0,0,0,0,0,0,0,0,0,1,0,0,0,0,1,0,0,0,1,0,0,0,0,0,0,0,0,0,0,1,0,0,0,0,0,0
Ά“c’J‹ζ‹Κ’η‚P’–Ϊ,31,0,0,0,1,0,1,0,0,0,1,0,0,0,0,0,0,0,1,25,0,0,10,0,0,0,0,0,0,9,6,4,2,1,0,0,1
Ά“c’J‹ζ‹Κ’η‚Q’–Ϊ,8,0,0,0,0,0,0,0,0,0,0,0,0,0,0,0,0,0,0,6,1,2,3,0,0,0,0,0,0,0,0,2,1,0,0,0,1
Ά“c’J‹ζ“™X—Ν‚P’–Ϊ,3,0,0,0,0,0,0,0,0,0,1,0,0,0,0,1,0,0,0,0,0,0,0,0,0,0,0,0,0,0,0,2,2,0,0,0,0
Ά“c’J‹ζ“™X—Ν‚Q’–Ϊ,16,1,0,1,0,0,0,0,0,0,1,1,0,0,0,0,0,0,0,11,0,0,8,0,0,0,0,0,0,2,1,3,0,0,0,0,3
Ά“c’J‹ζ“™X—Ν‚R’–Ϊ,19,0,0,0,1,0,0,1,0,0,0,0,0,0,0,0,0,0,0,15,1,0,3,1,0,0,0,0,0,9,1,3,0,0,0,0,3
Ά“c’J‹ζ“™X—Ν‚S’–Ϊ,16,0,0,0,2,0,1,0,1,0,0,0,0,0,0,0,0,0,0,11,0,0,10,0,0,0,0,0,0,0,1,3,3,0,0,0,0
Ά“c’J‹ζ“™X—Ν‚T’–Ϊ,16,0,0,0,0,0,0,0,0,0,0,0,0,0,0,0,0,0,0,10,0,0,7,2,0,1,0,0,0,0,0,6,4,0,0,0,2
Ά“c’J‹ζ“™X—Ν‚U’–Ϊ,3,0,0,0,1,0,0,0,0,1,0,0,0,0,0,0,0,0,0,2,0,0,2,0,0,0,0,0,0,0,0,0,0,0,0,0,0
Ά“c’J‹ζ“™X—Ν‚V’–Ϊ,12,0,0,0,2,0,1,1,0,0,1,0,0,1,0,0,0,0,0,5,0,0,1,0,0,0,0,0,0,2,2,4,3,0,0,0,1
Ά“c’J‹ζ“™X—Ν‚W’–Ϊ,9,0,0,0,0,0,0,0,0,0,1,0,0,0,0,1,0,0,0,0,0,0,0,0,0,0,0,0,0,0,0,8,3,0,1,0,4
Ά“c’J‹ζ”φR‘δ‚P’–Ϊ,3,0,0,0,0,0,0,0,0,0,0,0,0,0,0,0,0,0,0,2,1,0,1,0,0,0,0,0,0,0,0,1,0,0,0,0,1
Ά“c’J‹ζ”φR‘δ‚Q’–Ϊ,5,0,0,0,0,0,0,0,0,0,0,0,0,0,0,0,0,0,0,2,0,0,1,0,0,0,0,0,1,0,0,3,0,0,0,0,3
Ά“c’J‹ζ”φR‘δ‚R’–Ϊ,13,0,0,0,0,0,0,0,0,0,0,0,0,0,0,0,0,0,0,10,0,0,9,0,0,0,0,0,0,0,1,3,1,0,0,0,2
Ά“c’J‹ζγ–μ–Ρ‚P’–Ϊ,15,0,0,0,1,0,1,0,0,0,0,0,0,0,0,0,0,0,0,12,1,0,7,1,0,0,0,0,0,0,3,2,0,1,0,0,1
Ά“c’J‹ζγ–μ–Ρ‚Q’–Ϊ,2,0,0,0,0,0,0,0,0,0,0,0,0,0,0,0,0,0,0,2,0,0,1,0,0,0,0,0,0,1,0,0,0,0,0,0,0
Ά“c’J‹ζγ–μ–Ρ‚R’–Ϊ,2,0,0,0,0,0,0,0,0,0,0,0,0,0,0,0,0,0,0,1,0,0,1,0,0,0,0,0,0,0,0,1,1,0,0,0,0
Ά“c’J‹ζγ–μ–Ρ‚S’–Ϊ,6,0,0,0,0,0,0,0,0,0,0,0,0,0,0,0,0,0,0,2,0,0,2,0,0,0,0,0,0,0,0,4,0,0,0,0,4
Ά“c’J‹ζ–μ–Ρ‚P’–Ϊ,5,0,0,0,0,0,0,0,0,0,0,0,0,0,0,0,0,0,0,4,0,0,4,0,0,0,0,0,0,0,0,1,0,0,0,0,1
Ά“c’J‹ζ–μ–Ρ‚Q’–Ϊ,5,0,0,0,0,0,0,0,0,0,0,0,0,0,0,0,0,0,0,3,0,0,2,1,0,0,0,0,0,0,0,2,0,1,0,0,1
Ά“c’J‹ζ–μ–Ρ‚R’–Ϊ,7,0,0,0,1,0,0,1,0,0,0,0,0,0,0,0,0,0,0,3,0,0,3,0,0,0,0,0,0,0,0,3,2,0,0,0,1
Ά“c’J‹ζ’†’¬‚P’–Ϊ,3,0,0,0,0,0,0,0,0,0,0,0,0,0,0,0,0,0,0,0,0,0,0,0,0,0,0,0,0,0,0,3,2,0,0,0,1
Ά“c’J‹ζ’†’¬‚Q’–Ϊ,16,0,0,0,1,0,0,1,0,0,0,0,0,0,0,0,0,0,0,15,0,1,3,0,0,0,0,0,0,11,0,0,0,0,0,0,0
Ά“c’J‹ζ’†’¬‚R’–Ϊ,9,0,0,0,0,0,0,0,0,0,0,0,0,0,0,0,0,0,0,4,0,0,3,0,0,0,0,0,0,0,1,5,3,0,0,0,2
Ά“c’J‹ζ’†’¬‚S’–Ϊ,11,0,0,0,0,0,0,0,0,0,2,0,0,0,0,2,0,0,0,5,0,0,4,0,0,0,0,0,0,0,1,4,1,1,0,0,2
Ά“c’J‹ζ’†’¬‚T’–Ϊ,11,0,0,0,0,0,0,0,0,0,0,0,0,0,0,0,0,0,0,8,0,0,4,0,0,0,0,0,0,1,3,3,1,0,0,0,2
Ά“c’J‹ζγ—p‰κ‚P’–Ϊ,7,0,0,0,1,0,1,0,0,0,0,0,0,0,0,0,0,0,0,2,0,0,1,0,0,0,0,0,0,0,1,4,1,1,0,0,2
Ά“c’J‹ζγ—p‰κ‚Q’–Ϊ,9,0,0,0,0,0,0,0,0,0,0,0,0,0,0,0,0,0,0,7,0,1,5,0,0,0,0,0,0,0,1,2,1,1,0,0,0
Ά“c’J‹ζγ—p‰κ‚R’–Ϊ,4,0,0,0,0,0,0,0,0,0,0,0,0,0,0,0,0,0,0,2,0,0,0,1,0,0,0,0,0,0,1,2,0,0,0,0,2
Ά“c’J‹ζγ—p‰κ‚S’–Ϊ,4,0,0,0,0,0,0,0,0,0,0,0,0,0,0,0,0,0,0,2,0,0,1,0,0,0,0,0,0,0,1,2,1,0,0,0,1
Ά“c’J‹ζγ—p‰κ‚T’–Ϊ,4,0,0,0,0,0,0,0,0,0,0,0,0,0,0,0,0,0,0,3,0,0,2,0,0,0,0,0,0,0,1,1,1,0,0,0,0
Ά“c’J‹ζγ—p‰κ‚U’–Ϊ,10,0,0,0,0,0,0,0,0,0,1,0,0,0,0,0,0,0,1,6,0,0,3,0,0,0,0,0,0,1,2,3,2,0,0,0,1
Ά“c’J‹ζ‹Κμ‚P’–Ϊ,36,0,0,0,1,0,1,0,0,0,0,0,0,0,0,0,0,0,0,14,0,1,8,1,0,0,0,0,0,4,0,21,11,2,5,0,3
Ά“c’J‹ζ‹Κμ‚Q’–Ϊ,94,0,0,0,4,0,3,1,0,0,0,0,0,0,0,0,0,0,0,76,0,0,40,0,0,0,0,0,0,28,8,14,2,3,0,0,9
Ά“c’J‹ζ‹Κμ‚R’–Ϊ,106,1,0,1,4,0,2,2,0,0,1,0,0,0,0,0,0,0,1,82,0,2,21,0,0,0,0,0,0,40,19,18,5,2,0,0,11
Ά“c’J‹ζ‹Κμ‚S’–Ϊ,9,1,1,0,1,0,1,0,0,0,0,0,0,0,0,0,0,0,0,7,0,1,4,0,0,0,0,0,0,1,1,0,0,0,0,0,0
Ά“c’J‹ζ‹Κμ‘δ‚P’–Ϊ,4,1,0,1,0,0,0,0,0,0,0,0,0,0,0,0,0,0,0,2,0,0,1,0,0,0,0,0,0,0,1,1,1,0,0,0,0
Ά“c’J‹ζ‹Κμ‘δ‚Q’–Ϊ,8,0,0,0,1,0,1,0,0,0,0,0,0,0,0,0,0,0,0,4,0,0,0,1,0,1,0,0,0,2,0,3,2,1,0,0,0
Ά“c’J‹ζ£“c‚P’–Ϊ,5,0,0,0,0,0,0,0,0,0,0,0,0,0,0,0,0,0,0,2,0,0,0,2,0,0,0,0,0,0,0,3,1,1,0,0,1
Ά“c’J‹ζ£“c‚Q’–Ϊ,10,0,0,0,0,0,0,0,0,0,0,0,0,0,0,0,0,0,0,6,0,0,4,1,0,0,0,0,0,0,1,4,0,0,0,0,4
Ά“c’J‹ζ£“c‚R’–Ϊ,6,0,0,0,1,0,1,0,0,0,0,0,0,0,0,0,0,0,0,2,0,0,1,0,0,0,0,0,0,0,1,3,2,0,0,0,1
Ά“c’J‹ζ£“c‚S’–Ϊ,6,0,0,0,1,0,0,1,0,0,0,0,0,0,0,0,0,0,0,3,0,0,1,1,0,0,0,0,0,0,1,2,1,0,0,0,1
Ά“c’J‹ζ£“c‚T’–Ϊ,8,0,0,0,2,0,0,1,1,0,0,0,0,0,0,0,0,0,0,5,0,0,3,1,0,0,0,0,0,0,1,1,1,0,0,0,0
Ά“c’J‹ζ—p‰κ‚P’–Ϊ,5,0,0,0,0,0,0,0,0,0,0,0,0,0,0,0,0,0,0,3,1,0,2,0,0,0,0,0,0,0,0,2,0,1,0,0,1
Ά“c’J‹ζ—p‰κ‚Q’–Ϊ,42,0,0,0,2,0,2,0,0,0,0,0,0,0,0,0,0,0,0,22,0,1,16,0,0,0,0,0,0,1,4,18,4,1,1,0,12
Ά“c’J‹ζ—p‰κ‚R’–Ϊ,18,0,0,0,0,0,0,0,0,0,0,0,0,0,0,0,0,0,0,11,1,0,6,1,0,0,0,0,0,1,2,7,1,0,0,0,6
Ά“c’J‹ζ—p‰κ‚S’–Ϊ,71,0,0,0,2,0,2,0,0,0,0,0,0,0,0,0,0,0,0,61,1,0,48,0,0,0,0,0,0,9,3,8,0,2,0,0,6
Ά“c’J‹ζ[‘ς‚P’–Ϊ,5,0,0,0,0,0,0,0,0,0,0,0,0,0,0,0,0,0,0,3,0,0,1,0,0,0,0,0,0,2,0,2,2,0,0,0,0
Ά“c’J‹ζ[‘ς‚Q’–Ϊ,11,0,0,0,1,0,0,1,0,0,0,0,0,0,0,0,0,0,0,4,0,0,1,0,0,0,0,0,0,1,2,6,0,0,0,0,6
Ά“c’J‹ζ[‘ς‚R’–Ϊ,14,0,0,0,0,0,0,0,0,0,0,0,0,0,0,0,0,0,0,9,0,0,7,0,0,0,0,0,0,0,2,5,3,1,0,0,1
Ά“c’J‹ζ[‘ς‚S’–Ϊ,7,0,0,0,0,0,0,0,0,0,0,0,0,0,0,0,0,0,0,5,0,0,4,0,0,0,0,0,0,0,1,2,1,0,0,0,1
Ά“c’J‹ζ[‘ς‚T’–Ϊ,17,0,0,0,1,0,1,0,0,0,1,0,0,0,0,1,0,0,0,14,0,0,12,0,0,0,0,0,0,2,0,1,0,0,0,0,1
Ά“c’J‹ζ[‘ς‚U’–Ϊ,1,0,0,0,0,0,0,0,0,0,0,0,0,0,0,0,0,0,0,1,0,0,1,0,0,0,0,0,0,0,0,0,0,0,0,0,0
Ά“c’J‹ζ[‘ς‚V’–Ϊ,21,0,0,0,0,0,0,0,0,0,8,0,3,0,0,0,0,0,5,12,0,0,9,0,0,0,0,0,0,0,3,1,0,0,0,0,1
Ά“c’J‹ζ[‘ς‚W’–Ϊ,8,0,0,0,0,0,0,0,0,0,0,0,0,0,0,0,0,0,0,7,0,0,4,0,0,0,0,0,0,0,3,1,0,1,0,0,0
Ά“c’J‹ζV’¬‚P’–Ϊ,10,0,0,0,0,0,0,0,0,0,0,0,0,0,0,0,0,0,0,4,0,0,3,0,0,0,0,0,0,0,1,6,2,1,0,0,3
Ά“c’J‹ζV’¬‚Q’–Ϊ,15,0,0,0,0,0,0,0,0,0,0,0,0,0,0,0,0,0,0,9,0,0,2,1,0,0,0,0,0,4,2,6,3,0,0,0,3
Ά“c’J‹ζV’¬‚R’–Ϊ,8,0,0,0,0,0,0,0,0,0,0,0,0,0,0,0,0,0,0,7,0,0,4,1,0,0,0,0,0,2,0,1,1,0,0,0,0
Ά“c’J‹ζχV’¬‚P’–Ϊ,27,1,0,1,1,0,0,0,1,0,0,0,0,0,0,0,0,0,0,18,0,0,15,0,0,0,0,0,0,0,3,7,1,0,0,0,6
Ά“c’J‹ζχV’¬‚Q’–Ϊ,54,0,0,0,5,0,3,0,2,0,0,0,0,0,0,0,0,0,0,45,0,0,38,1,0,0,0,0,0,5,1,4,1,1,0,0,2
Ά“c’J‹ζ”ª”¦R‚P’–Ϊ,4,0,0,0,0,0,0,0,0,0,0,0,0,0,0,0,0,0,0,4,0,0,3,0,0,0,0,0,0,0,1,0,0,0,0,0,0
Ά“c’J‹ζ”ª”¦R‚Q’–Ϊ,8,0,0,0,0,0,0,0,0,0,0,0,0,0,0,0,0,0,0,5,0,0,5,0,0,0,0,0,0,0,0,3,0,0,0,0,3
Ά“c’J‹ζ”ª”¦R‚R’–Ϊ,44,0,0,0,2,0,1,1,0,0,1,0,0,1,0,0,0,0,0,27,0,0,15,0,0,2,0,0,0,8,2,14,2,3,1,0,8
Ά“c’J‹ζ¬ι‚P’–Ϊ,18,0,0,0,3,0,1,2,0,0,1,0,0,0,1,0,0,0,0,11,0,0,6,1,0,0,0,0,0,3,1,3,2,0,0,0,1
Ά“c’J‹ζ¬ι‚Q’–Ϊ,16,0,0,0,0,0,0,0,0,0,0,0,0,0,0,0,0,0,0,10,0,0,8,0,0,0,0,0,0,1,1,6,5,0,0,0,1
Ά“c’J‹ζ¬ι‚R’–Ϊ,7,0,0,0,0,0,0,0,0,0,1,0,0,0,0,1,0,0,0,4,0,0,2,0,0,1,0,0,0,0,1,2,2,0,0,0,0
Ά“c’J‹ζ¬ι‚S’–Ϊ,3,0,0,0,0,0,0,0,0,0,0,0,0,0,0,0,0,0,0,0,0,0,0,0,0,0,0,0,0,0,0,3,1,0,0,0,2
Ά“c’J‹ζ¬ι‚T’–Ϊ,8,0,0,0,0,0,0,0,0,0,0,0,0,0,0,0,0,0,0,5,0,0,3,1,0,0,0,0,0,0,1,3,2,0,0,0,1
Ά“c’J‹ζ¬ι‚U’–Ϊ,41,0,0,0,5,0,3,2,0,0,0,0,0,0,0,0,0,0,0,25,0,0,17,1,0,0,0,1,3,0,3,11,2,2,0,0,7
Ά“c’J‹ζ¬ι‚V’–Ϊ,4,0,0,0,0,0,0,0,0,0,0,0,0,0,0,0,0,0,0,2,0,0,2,0,0,0,0,0,0,0,0,2,1,0,0,0,1
Ά“c’J‹ζ¬ι‚W’–Ϊ,11,0,0,0,0,0,0,0,0,0,2,0,0,0,0,1,0,0,1,5,0,0,4,0,0,1,0,0,0,0,0,4,2,0,0,0,2
Ά“c’J‹ζ¬ι‚X’–Ϊ,3,0,0,0,2,0,2,0,0,0,0,0,0,0,0,0,0,0,0,0,0,0,0,0,0,0,0,0,0,0,0,1,1,0,0,0,0
Ά“c’J‹ζγ‘ct’J‚P’–Ϊ,6,0,0,0,1,0,0,0,0,1,0,0,0,0,0,0,0,0,0,4,0,0,3,0,0,0,0,0,0,0,1,1,1,0,0,0,0
Ά“c’J‹ζγ‘ct’J‚Q’–Ϊ,4,0,0,0,0,0,0,0,0,0,1,0,0,0,0,1,0,0,0,1,0,0,1,0,0,0,0,0,0,0,0,2,1,0,0,0,1
Ά“c’J‹ζγ‘ct’J‚R’–Ϊ,3,0,0,0,0,0,0,0,0,0,0,0,0,0,0,0,0,0,0,0,0,0,0,0,0,0,0,0,0,0,0,3,1,0,0,0,2
Ά“c’J‹ζγ‘ct’J‚S’–Ϊ,6,0,0,0,0,0,0,0,0,0,0,0,0,0,0,0,0,0,0,4,0,0,4,0,0,0,0,0,0,0,0,2,1,0,0,0,1
Ά“c’J‹ζγ‘ct’J‚T’–Ϊ,11,0,0,0,0,0,0,0,0,0,0,0,0,0,0,0,0,0,0,6,0,0,3,0,0,0,0,0,0,1,2,5,2,0,0,0,3
Ά“c’J‹ζγ‘ct’J‚U’–Ϊ,3,0,0,0,0,0,0,0,0,0,0,0,0,0,0,0,0,0,0,2,0,1,0,0,0,0,0,0,0,0,1,1,0,0,0,0,1
Ά“c’J‹ζγ‘ct’J‚V’–Ϊ,2,0,0,0,0,0,0,0,0,0,0,0,0,0,0,0,0,0,0,0,0,0,0,0,0,0,0,0,0,0,0,2,1,0,0,0,1
Ά“c’J‹ζ‘ct’J‚P’–Ϊ,26,0,0,0,4,0,2,2,0,0,0,0,0,0,0,0,0,0,0,19,0,1,9,0,0,0,0,0,0,7,2,3,1,0,0,0,2
Ά“c’J‹ζ‘ct’J‚Q’–Ϊ,6,0,0,0,0,0,0,0,0,0,0,0,0,0,0,0,0,0,0,5,0,0,4,0,0,0,0,0,0,1,0,1,0,0,0,0,1
Ά“c’J‹ζ‘ct’J‚R’–Ϊ,25,0,0,0,1,0,1,0,0,0,0,0,0,0,0,0,0,0,0,19,0,0,15,1,0,0,0,0,0,0,3,5,2,0,0,0,3
Ά“c’J‹ζ‘ct’J‚S’–Ϊ,11,0,0,0,0,0,0,0,0,0,0,0,0,0,0,0,0,0,0,9,0,0,7,0,0,0,0,0,0,0,2,2,1,0,0,0,1
Ά“c’J‹ζ‘ct’J‚T’–Ϊ,5,0,0,0,0,0,0,0,0,0,1,0,0,0,0,0,1,0,0,2,0,0,0,0,0,0,0,0,0,0,2,2,0,1,0,0,1
Ά“c’J‹ζ‘ct’J‚U’–Ϊ,2,0,0,0,0,0,0,0,0,0,0,0,0,0,0,0,0,0,0,1,0,0,1,0,0,0,0,0,0,0,0,1,0,0,1,0,0
Ά“c’J‹ζηΞ‘δ‚P’–Ϊ,12,0,0,0,0,0,0,0,0,0,0,0,0,0,0,0,0,0,0,8,0,0,5,0,0,0,0,0,0,0,3,4,1,0,0,0,3
Ά“c’J‹ζηΞ‘δ‚Q’–Ϊ,10,0,0,0,0,0,0,0,0,0,0,0,0,0,0,0,0,0,0,9,0,0,7,1,0,0,0,0,0,0,1,1,0,0,0,0,1
Ά“c’J‹ζηΞ‘δ‚R’–Ϊ,9,0,0,0,0,0,0,0,0,0,0,0,0,0,0,0,0,0,0,7,0,0,1,0,0,0,0,0,0,5,1,2,1,0,0,0,1
Ά“c’J‹ζηΞ‘δ‚S’–Ϊ,7,0,0,0,0,0,0,0,0,0,0,0,0,0,0,0,0,0,0,3,0,0,3,0,0,0,0,0,0,0,0,4,1,1,0,0,2
Ά“c’J‹ζηΞ‘δ‚T’–Ϊ,1,0,0,0,0,0,0,0,0,0,0,0,0,0,0,0,0,0,0,1,0,0,0,0,0,0,0,0,0,0,1,0,0,0,0,0,0
Ά“c’J‹ζηΞ‘δ‚U’–Ϊ,7,0,0,0,0,0,0,0,0,0,0,0,0,0,0,0,0,0,0,5,0,0,4,0,0,0,0,0,0,1,0,2,1,1,0,0,0
Ά“c’J‹ζ””’J‚P’–Ϊ,10,0,0,0,1,0,1,0,0,0,0,0,0,0,0,0,0,0,0,7,2,0,5,0,0,0,0,0,0,0,0,2,1,0,0,0,1
Ά“c’J‹ζ””’J‚Q’–Ϊ,11,0,0,0,2,0,2,0,0,0,0,0,0,0,0,0,0,0,0,6,1,1,4,0,0,0,0,0,0,0,0,3,1,0,0,0,2
Ά“c’J‹ζ””’J‚R’–Ϊ,4,0,0,0,0,0,0,0,0,0,0,0,0,0,0,0,0,0,0,1,0,0,0,0,0,0,0,0,0,0,1,3,1,0,0,0,2
Ά“c’J‹ζ””’J‚S’–Ϊ,8,0,0,0,0,0,0,0,0,0,0,0,0,0,0,0,0,0,0,5,0,0,4,0,0,0,0,0,0,0,1,3,1,0,0,0,2
Ά“c’J‹ζ‘D‹΄‚P’–Ϊ,56,0,0,0,1,0,1,0,0,0,0,0,0,0,0,0,0,0,0,46,0,1,33,0,0,0,0,0,0,5,7,9,5,1,0,0,3
Ά“c’J‹ζ‘D‹΄‚Q’–Ϊ,4,0,0,0,1,0,1,0,0,0,0,0,0,0,0,0,0,0,0,3,0,0,3,0,0,0,0,0,0,0,0,0,0,0,0,0,0
Ά“c’J‹ζ‘D‹΄‚R’–Ϊ,5,0,0,0,0,0,0,0,0,0,0,0,0,0,0,0,0,0,0,5,0,0,3,0,0,0,0,0,0,0,2,0,0,0,0,0,0
Ά“c’J‹ζ‘D‹΄‚S’–Ϊ,4,0,0,0,0,0,0,0,0,0,0,0,0,0,0,0,0,0,0,3,0,0,1,0,0,0,0,0,0,2,0,1,1,0,0,0,0
Ά“c’J‹ζ‘D‹΄‚T’–Ϊ,13,0,0,0,0,0,0,0,0,0,0,0,0,0,0,0,0,0,0,11,0,1,7,3,0,0,0,0,0,0,0,2,1,0,0,0,1
Ά“c’J‹ζ‘D‹΄‚U’–Ϊ,15,0,0,0,2,0,1,1,0,0,0,0,0,0,0,0,0,0,0,8,0,0,6,0,0,0,0,0,0,2,0,5,1,1,0,0,3
Ά“c’J‹ζ‘D‹΄‚V’–Ϊ,18,0,0,0,2,0,1,1,0,0,0,0,0,0,0,0,0,0,0,13,0,0,9,0,0,0,0,0,0,1,3,3,0,0,0,0,3
Ά“c’J‹ζ“μ‰GR‚P’–Ϊ,10,0,0,0,0,0,0,0,0,0,0,0,0,0,0,0,0,0,0,5,0,0,3,0,0,2,0,0,0,0,0,5,3,0,0,0,2
Ά“c’J‹ζ“μ‰GR‚Q’–Ϊ,10,1,0,1,0,0,0,0,0,0,0,0,0,0,0,0,0,0,0,5,0,0,5,0,0,0,0,0,0,0,0,4,2,1,0,0,1
Ά“c’J‹ζ“μ‰GR‚R’–Ϊ,7,0,0,0,1,0,0,0,1,0,0,0,0,0,0,0,0,0,0,4,0,0,4,0,0,0,0,0,0,0,0,2,2,0,0,0,0
Ά“c’J‹ζ“μ‰GR‚S’–Ϊ,38,0,0,0,1,0,0,1,0,0,1,0,0,0,1,0,0,0,0,27,0,0,22,0,0,0,0,0,0,1,4,9,2,2,0,0,5
Ά“c’J‹ζ“μ‰GR‚T’–Ϊ,54,0,0,0,1,0,1,0,0,0,0,0,0,0,0,0,0,0,0,45,0,0,26,0,0,1,0,0,0,15,3,8,1,2,0,0,5
Ά“c’J‹ζ“μ‰GR‚U’–Ϊ,79,1,0,1,8,0,4,4,0,0,0,0,0,0,0,0,0,0,0,60,0,0,46,0,0,0,0,0,0,5,9,10,3,3,0,0,4
Ά“c’J‹ζ–k‰GR‚P’–Ϊ,11,0,0,0,1,0,1,0,0,0,0,0,0,0,0,0,0,0,0,6,0,0,4,0,0,0,0,0,0,0,2,4,2,1,0,0,1
Ά“c’J‹ζ–k‰GR‚Q’–Ϊ,6,0,0,0,0,0,0,0,0,0,1,0,0,0,0,1,0,0,0,3,0,0,3,0,0,0,0,0,0,0,0,2,0,0,0,0,2
Ά“c’J‹ζ–k‰GR‚R’–Ϊ,8,0,0,0,0,0,0,0,0,0,0,0,0,0,0,0,0,0,0,4,0,0,3,0,0,0,0,0,0,1,0,4,2,0,0,0,2
Ά“c’J‹ζ–k‰GR‚S’–Ϊ,4,0,0,0,0,0,0,0,0,0,0,0,0,0,0,0,0,0,0,1,0,0,0,0,0,0,0,0,0,0,1,3,2,0,0,0,1
Ά“c’J‹ζ–k‰GR‚T’–Ϊ,7,0,0,0,0,0,0,0,0,0,0,0,0,0,0,0,0,0,0,6,0,0,3,0,0,0,0,0,0,3,0,1,0,0,0,0,1
Ά“c’J‹ζ–k‰GR‚U’–Ϊ,8,0,0,0,1,0,0,0,1,0,0,0,0,0,0,0,0,0,0,5,0,0,5,0,0,0,0,0,0,0,0,2,1,0,0,0,1
Ά“c’J‹ζ–k‰GR‚V’–Ϊ,4,0,0,0,0,0,0,0,0,0,0,0,0,0,0,0,0,0,0,2,0,0,2,0,0,0,0,0,0,0,0,2,0,0,0,0,2
Ά“c’J‹ζ–k‰GR‚W’–Ϊ,6,0,0,0,0,0,0,0,0,0,1,0,0,0,0,0,0,1,0,4,0,0,3,0,0,0,0,0,0,0,1,1,0,0,0,0,1
Ά“c’J‹ζ–k‰GR‚X’–Ϊ,9,0,0,0,0,0,0,0,0,0,1,0,0,0,0,1,0,0,0,4,0,0,3,0,0,0,0,0,0,0,1,4,1,1,0,0,2
Ά“c’J‹ζ‹‹“c‚P’–Ϊ,3,0,0,0,1,0,1,0,0,0,0,0,0,0,0,0,0,0,0,0,0,0,0,0,0,0,0,0,0,0,0,2,2,0,0,0,0
Ά“c’J‹ζ‹‹“c‚Q’–Ϊ,5,0,0,0,0,0,0,0,0,0,0,0,0,0,0,0,0,0,0,5,0,0,5,0,0,0,0,0,0,0,0,0,0,0,0,0,0
Ά“c’J‹ζ‹‹“c‚R’–Ϊ,16,0,0,0,0,0,0,0,0,0,0,0,0,0,0,0,0,0,0,10,0,0,10,0,0,0,0,0,0,0,0,6,1,2,0,0,3
Ά“c’J‹ζ‹‹“c‚S’–Ϊ,9,0,0,0,0,0,0,0,0,0,0,0,0,0,0,0,0,0,0,5,1,0,2,0,0,0,0,0,0,1,1,4,3,1,0,0,0
Ά“c’J‹ζ‹‹“c‚T’–Ϊ,4,0,0,0,0,0,0,0,0,0,0,0,0,0,0,0,0,0,0,2,0,0,2,0,0,0,0,0,0,0,0,2,0,0,0,0,2
Ά“c’J‹ζμ‘½©‚P’–Ϊ,7,0,0,0,0,0,0,0,0,0,0,0,0,0,0,0,0,0,0,5,0,0,4,0,0,0,0,0,0,0,1,2,1,0,0,0,1
Ά“c’J‹ζμ‘½©‚Q’–Ϊ,9,0,0,0,0,0,0,0,0,0,2,0,0,0,0,0,2,0,0,6,0,0,5,1,0,0,0,0,0,0,0,1,0,1,0,0,0
Ά“c’J‹ζμ‘½©‚R’–Ϊ,2,0,0,0,0,0,0,0,0,0,0,0,0,0,0,0,0,0,0,2,0,0,2,0,0,0,0,0,0,0,0,0,0,0,0,0,0
Ά“c’J‹ζμ‘½©‚S’–Ϊ,6,0,0,0,1,0,1,0,0,0,1,0,0,0,0,0,1,0,0,2,0,0,0,0,0,0,0,0,0,0,2,2,2,0,0,0,0
Ά“c’J‹ζμ‘½©‚T’–Ϊ,6,0,0,0,0,0,0,0,0,0,2,0,0,1,0,0,1,0,0,2,0,0,2,0,0,0,0,0,0,0,0,2,0,1,0,0,1
Ά“c’J‹ζμ‘½©‚U’–Ϊ,3,0,0,0,0,0,0,0,0,0,0,0,0,0,0,0,0,0,0,3,0,0,2,0,0,0,0,0,0,0,1,0,0,0,0,0,0
Ά“c’J‹ζμ‘½©‚V’–Ϊ,9,0,0,0,2,0,0,2,0,0,1,0,0,0,0,0,1,0,0,4,0,0,4,0,0,0,0,0,0,0,0,2,0,1,0,0,1
Ά“c’J‹ζμ‘½©‚W’–Ϊ,21,0,0,0,0,0,0,0,0,0,0,0,0,0,0,0,0,0,0,20,0,0,18,0,0,0,0,0,0,1,1,1,0,0,0,0,1
Ά“c’J‹ζμ‘½©‚X’–Ϊ,29,1,1,0,1,0,0,1,0,0,0,0,0,0,0,0,0,0,0,13,0,0,12,0,0,0,0,0,0,0,1,14,1,0,0,0,13
Ά“c’J‹ζ‰F“ήª‚P’–Ϊ,6,0,0,0,0,0,0,0,0,0,0,0,0,0,0,0,0,0,0,5,0,1,4,0,0,0,0,0,0,0,0,1,1,0,0,0,0
Ά“c’J‹ζ‰F“ήª‚Q’–Ϊ,4,0,0,0,0,0,0,0,0,0,1,0,0,0,0,1,0,0,0,2,0,0,2,0,0,0,0,0,0,0,0,1,1,0,0,0,0
Ά“c’J‹ζ‰F“ήª‚R’–Ϊ,1,0,0,0,0,0,0,0,0,0,0,0,0,0,0,0,0,0,0,1,0,0,1,0,0,0,0,0,0,0,0,0,0,0,0,0,0
Ά“c’J‹ζ™“c‚P’–Ϊ,4,0,0,0,1,0,1,0,0,0,0,0,0,0,0,0,0,0,0,2,0,0,2,0,0,0,0,0,0,0,0,1,0,0,0,0,1
Ά“c’J‹ζ™“c‚Q’–Ϊ,3,0,0,0,0,0,0,0,0,0,0,0,0,0,0,0,0,0,0,3,0,0,3,0,0,0,0,0,0,0,0,0,0,0,0,0,0
Ά“c’J‹ζ™“c‚R’–Ϊ,18,2,2,0,1,0,0,0,1,0,0,0,0,0,0,0,0,0,0,9,0,0,5,0,0,0,0,0,0,2,2,6,2,1,0,0,3
Ά“c’J‹ζ™“c‚S’–Ϊ,6,0,0,0,0,0,0,0,0,0,1,0,0,0,1,0,0,0,0,2,0,0,1,1,0,0,0,0,0,0,0,3,1,0,0,0,2
Ά“c’J‹ζ‹m‚P’–Ϊ,12,0,0,0,0,0,0,0,0,0,1,0,0,0,0,1,0,0,0,7,0,0,3,0,0,0,0,0,0,4,0,4,0,0,0,0,4
Ά“c’J‹ζ‹m‚Q’–Ϊ,12,0,0,0,1,0,0,1,0,0,0,0,0,0,0,0,0,0,0,9,1,0,4,0,0,0,0,0,0,0,4,2,1,0,0,0,1
Ά“c’J‹ζ‹m‚R’–Ϊ,9,0,0,0,0,0,0,0,0,0,1,1,0,0,0,0,0,0,0,7,0,0,3,0,0,0,0,0,0,3,1,1,1,0,0,0,0
Ά“c’J‹ζ‹m‚S’–Ϊ,11,0,0,0,1,0,1,0,0,0,1,0,1,0,0,0,0,0,0,7,0,0,4,1,0,1,0,0,0,0,1,2,2,0,0,0,0
Ά“c’J‹ζ‹m‚T’–Ϊ,9,0,0,0,1,0,0,0,1,0,0,0,0,0,0,0,0,0,0,5,0,0,3,0,0,0,0,0,0,1,1,3,2,0,0,0,1
Ά“c’J‹ζ‹m‚U’–Ϊ,18,0,0,0,1,0,0,1,0,0,0,0,0,0,0,0,0,0,0,11,0,0,10,0,0,0,0,0,0,0,1,6,2,0,0,0,4
Ά“c’J‹ζ‹m‚W’–Ϊ,30,0,0,0,3,0,1,2,0,0,0,0,0,0,0,0,0,0,0,20,0,0,17,0,0,0,0,0,0,3,0,7,3,0,0,0,4
Ά“c’J‹ζ‘ε‘ ‚P’–Ϊ,8,1,0,1,0,0,0,0,0,0,0,0,0,0,0,0,0,0,0,7,0,0,7,0,0,0,0,0,0,0,0,0,0,0,0,0,0
Ά“c’J‹ζ‘ε‘ ‚Q’–Ϊ,4,0,0,0,0,0,0,0,0,0,0,0,0,0,0,0,0,0,0,3,0,0,3,0,0,0,0,0,0,0,0,1,0,0,0,0,1
Ά“c’J‹ζ‘ε‘ ‚R’–Ϊ,4,0,0,0,1,0,0,1,0,0,0,0,0,0,0,0,0,0,0,2,0,0,2,0,0,0,0,0,0,0,0,1,0,0,0,0,1
Ά“c’J‹ζ‘ε‘ ‚S’–Ϊ,4,0,0,0,0,0,0,0,0,0,0,0,0,0,0,0,0,0,0,3,0,0,1,2,0,0,0,0,0,0,0,1,0,0,0,0,1
Ά“c’J‹ζ‘ε‘ ‚T’–Ϊ,3,0,0,0,0,0,0,0,0,0,0,0,0,0,0,0,0,0,0,2,0,0,1,0,0,0,0,0,0,0,1,1,0,0,0,0,1
Ά“c’J‹ζ‘ε‘ ‚U’–Ϊ,4,0,0,0,0,0,0,0,0,0,0,0,0,0,0,0,0,0,0,1,0,0,1,0,0,0,0,0,0,0,0,3,1,1,0,0,1
Ά“c’J‹ζ‰ª–{‚P’–Ϊ,7,0,0,0,0,0,0,0,0,0,0,0,0,0,0,0,0,0,0,3,0,0,3,0,0,0,0,0,0,0,0,4,4,0,0,0,0
Ά“c’J‹ζ‰ª–{‚Q’–Ϊ,5,0,0,0,0,0,0,0,0,0,1,0,0,0,0,0,0,0,1,0,0,0,0,0,0,0,0,0,0,0,0,4,2,1,0,0,1
Ά“c’J‹ζ‰ª–{‚R’–Ϊ,8,0,0,0,0,0,0,0,0,0,0,0,0,0,0,0,0,0,0,3,0,0,2,0,0,0,0,0,0,0,1,5,4,0,0,0,1
Ά“c’J‹ζ‹ξ‘ςφ‰€,35,0,0,0,1,0,1,0,0,0,0,0,0,0,0,0,0,0,0,17,0,1,11,2,0,0,0,0,0,0,3,17,0,1,1,0,15
Ά“c’J‹ζΘ‰Ί•sΪ,2,0,0,0,0,0,0,0,0,0,0,0,0,0,0,0,0,0,0,0,0,0,0,0,0,0,0,0,0,0,0,2,2,0,0,0,0
Ά“c’J‹ζv,4443,34,12,22,266,0,136,106,18,6,94,2,6,5,12,32,10,2,25,2796,13,35,1766,56,5,17,7,1,10,402,484,1253,436,118,19,0,680
a’J‹ζb”δυ‚P’–Ϊ,81,2,0,2,9,0,4,5,0,0,4,0,0,0,4,0,0,0,0,50,0,0,10,1,1,0,3,0,0,14,21,16,6,3,0,0,7
a’J‹ζb”δυ‚Q’–Ϊ,23,0,0,0,1,0,0,0,1,0,6,0,0,0,0,6,0,0,0,10,0,0,7,0,0,0,0,0,0,2,1,6,1,0,0,0,5
a’J‹ζb”δυ‚R’–Ϊ,24,1,0,1,1,0,0,1,0,0,0,0,0,0,0,0,0,0,0,15,0,0,4,0,0,0,0,0,0,2,9,7,1,1,0,0,5
a’J‹ζb”δυ‚S’–Ϊ,32,0,0,0,4,0,1,3,0,0,0,0,0,0,0,0,0,0,0,20,0,0,7,0,0,0,0,0,0,6,7,8,2,3,1,0,2
a’J‹ζL”φ‚P’–Ϊ,16,0,0,0,2,0,1,1,0,0,0,0,0,0,0,0,0,0,0,8,0,0,3,0,0,0,0,0,0,0,5,6,0,1,0,0,5
a’J‹ζL”φ‚Q’–Ϊ,7,0,0,0,2,0,1,0,1,0,0,0,0,0,0,0,0,0,0,3,0,0,1,0,0,0,0,0,0,0,2,2,0,0,0,0,2
a’J‹ζL”φ‚R’–Ϊ,6,0,0,0,0,0,0,0,0,0,0,0,0,0,0,0,0,0,0,2,0,0,1,0,0,0,0,0,0,0,1,4,1,0,1,0,2
a’J‹ζL”φ‚S’–Ϊ,17,0,0,0,2,0,2,0,0,0,1,0,0,0,0,0,0,1,0,10,0,1,1,0,0,0,0,0,1,0,7,4,2,0,0,0,2
a’J‹ζL”φ‚T’–Ϊ,90,0,0,0,1,0,0,1,0,0,32,0,0,0,32,0,0,0,0,48,0,0,15,0,0,0,0,0,0,27,6,9,4,1,0,0,4
a’J‹ζ“‚P’–Ϊ,25,1,0,1,2,0,1,1,0,0,0,0,0,0,0,0,0,0,0,14,0,1,6,1,0,0,0,0,0,4,2,8,1,1,0,0,6
a’J‹ζ“‚Q’–Ϊ,11,0,0,0,2,0,0,2,0,0,0,0,0,0,0,0,0,0,0,4,0,0,2,1,0,0,0,0,0,0,1,5,3,0,0,0,2
a’J‹ζ“‚R’–Ϊ,17,0,0,0,3,0,2,1,0,0,0,0,0,0,0,0,0,0,0,7,0,0,2,1,0,0,0,0,0,1,3,7,1,0,1,0,5
a’J‹ζ“‚S’–Ϊ,10,0,0,0,0,0,0,0,0,0,3,0,1,0,0,2,0,0,0,6,0,0,3,0,0,0,0,0,2,0,1,1,1,0,0,0,0
a’J‹ζb”δυ“μ‚P’–Ϊ,96,4,1,3,17,0,6,9,1,1,1,0,0,0,1,0,0,0,0,67,0,0,10,0,0,0,7,1,2,27,20,7,2,2,0,0,3
a’J‹ζb”δυ“μ‚Q’–Ϊ,8,0,0,0,0,0,0,0,0,0,0,0,0,0,0,0,0,0,0,4,0,0,4,0,0,0,0,0,0,0,0,4,2,0,1,0,1
a’J‹ζb”δυ“μ‚R’–Ϊ,12,0,0,0,1,0,0,1,0,0,1,0,0,0,0,1,0,0,0,4,0,0,1,0,0,0,0,0,1,0,2,6,3,1,0,0,2
a’J‹ζb”δυΌ‚P’–Ϊ,62,0,0,0,10,0,3,5,2,0,2,1,0,0,0,0,1,0,0,38,0,0,11,0,0,0,0,0,1,2,24,12,3,2,0,0,7
a’J‹ζb”δυΌ‚Q’–Ϊ,24,0,0,0,3,0,0,3,0,0,0,0,0,0,0,0,0,0,0,15,0,2,6,0,0,0,0,0,0,1,6,6,1,0,0,0,5
a’J‹ζ‘γ―R’¬,21,1,0,1,0,0,0,0,0,0,0,0,0,0,0,0,0,0,0,11,0,0,3,0,0,0,0,0,1,2,5,9,1,0,0,0,8
a’J‹ζ‰y’¬,21,1,1,0,1,0,0,0,0,1,0,0,0,0,0,0,0,0,0,14,0,0,3,0,0,0,0,0,0,7,4,5,1,0,0,0,4
a’J‹ζις’J’¬,8,0,0,0,2,0,1,1,0,0,0,0,0,0,0,0,0,0,0,5,0,0,3,0,0,0,0,0,0,0,2,1,1,0,0,0,0
a’J‹ζ”«R’¬,2,0,0,0,0,0,0,0,0,0,0,0,0,0,0,0,0,0,0,1,0,0,1,0,0,0,0,0,0,0,0,1,0,1,0,0,0
a’J‹ζa’J‚P’–Ϊ,90,2,0,2,8,0,4,4,0,0,2,0,0,1,0,1,0,0,0,67,0,1,36,0,0,0,0,0,4,4,22,11,1,3,1,0,6
a’J‹ζa’J‚Q’–Ϊ,108,2,0,2,15,0,10,5,0,0,5,0,0,5,0,0,0,0,0,56,0,0,11,2,0,0,3,0,3,16,21,30,5,7,0,0,18
a’J‹ζa’J‚R’–Ϊ,58,1,1,0,7,0,5,1,1,0,2,0,0,1,1,0,0,0,0,27,0,1,16,0,0,0,0,0,0,4,6,21,1,2,2,0,16
a’J‹ζa’J‚S’–Ϊ,8,0,0,0,1,0,1,0,0,0,1,0,1,0,0,0,0,0,0,5,0,0,1,0,0,0,1,0,0,0,3,1,0,0,0,0,1
a’J‹ζχ‹u’¬,40,2,0,2,2,0,0,0,2,0,1,0,0,1,0,0,0,0,0,17,0,1,9,0,0,0,0,0,0,0,7,18,6,0,0,0,12
a’J‹ζ“μ•½‘δ’¬,13,0,0,0,0,0,0,0,0,0,0,0,0,0,0,0,0,0,0,8,0,0,6,0,0,0,0,0,0,0,2,5,1,0,0,0,4
a’J‹ζ“ΉΊβ‚P’–Ϊ,152,0,0,0,26,0,17,9,0,0,3,0,0,0,2,0,0,0,1,77,0,1,13,0,0,0,9,0,4,15,35,46,7,3,1,0,35
a’J‹ζ“ΉΊβ‚Q’–Ϊ,299,15,4,11,62,0,36,24,2,0,1,0,0,0,0,0,0,0,1,151,0,1,16,0,0,0,26,1,10,29,68,70,4,6,1,0,59
a’J‹ζ‰~R’¬,103,14,7,7,11,0,5,6,0,0,1,1,0,0,0,0,0,0,0,54,0,0,10,1,0,0,17,1,3,3,19,23,7,5,1,0,10
a’J‹ζ_ς’¬,15,1,1,0,0,0,0,0,0,0,1,0,0,0,0,0,1,0,0,8,0,1,2,0,0,0,0,0,0,0,5,5,1,1,1,0,2
a’J‹ζΌ·‚P’–Ϊ,7,0,0,0,0,0,0,0,0,0,0,0,0,0,0,0,0,0,0,4,0,0,3,0,0,0,0,0,0,0,1,3,1,0,0,0,2
a’J‹ζΌ·‚Q’–Ϊ,14,0,0,0,0,0,0,0,0,0,2,0,0,0,0,1,0,0,1,6,0,0,3,0,0,0,0,0,0,0,3,6,1,1,0,0,4
a’J‹ζ_R’¬,20,0,0,0,3,0,2,1,0,0,0,0,0,0,0,0,0,0,0,13,0,0,9,0,0,0,0,0,0,2,2,4,1,0,0,0,3
a’J‹ζ‰F“cμ’¬,394,5,2,3,39,0,17,21,1,0,6,1,0,0,2,0,0,0,3,268,0,1,22,1,0,0,2,0,5,172,65,76,18,9,1,0,48
a’J‹ζ_“μ‚P’–Ϊ,85,0,0,0,10,0,6,3,0,1,0,0,0,0,0,0,0,0,0,54,0,0,6,2,0,0,1,0,1,32,12,21,4,2,1,0,14
a’J‹ζ_“μ‚Q’–Ϊ,52,0,0,0,4,0,3,1,0,0,0,0,0,0,0,0,0,0,0,38,0,0,2,0,0,2,3,0,5,0,26,10,6,0,0,0,4
a’J‹ζ‘γX–Ψ_‰€’¬,25,0,0,0,1,0,0,1,0,0,0,0,0,0,0,0,0,0,0,15,0,0,6,0,0,0,0,0,4,0,5,9,0,0,0,0,9
a’J‹ζγ΄‚P’–Ϊ,19,0,0,0,0,0,0,0,0,0,0,0,0,0,0,0,0,0,0,14,0,0,10,0,0,0,0,0,0,2,2,5,0,0,1,0,4
a’J‹ζγ΄‚Q’–Ϊ,14,0,0,0,0,0,0,0,0,0,1,0,0,0,0,0,0,0,1,9,0,0,6,0,0,0,0,0,0,1,2,4,2,0,0,0,2
a’J‹ζγ΄‚R’–Ϊ,17,0,0,0,0,0,0,0,0,0,2,0,0,0,0,0,0,0,2,9,0,0,6,0,0,0,0,0,0,0,3,6,3,0,0,0,3
a’J‹ζ•xƒ–’J‚P’–Ϊ,37,0,0,0,3,0,2,0,0,1,1,0,0,0,0,1,0,0,0,27,0,1,17,0,0,0,1,1,0,3,4,6,2,1,0,0,3
a’J‹ζ•xƒ–’J‚Q’–Ϊ,29,1,1,0,4,0,2,1,1,0,0,0,0,0,0,0,0,0,0,19,0,0,14,0,0,2,0,0,0,0,3,5,2,0,0,0,3
a’J‹ζ‘γX–Ψ‚P’–Ϊ,82,0,0,0,11,0,9,1,1,0,7,0,0,1,6,0,0,0,0,40,0,0,14,0,0,0,0,0,2,5,19,24,4,3,1,0,16
a’J‹ζ‘γX–Ψ‚Q’–Ϊ,81,0,0,0,12,0,7,4,1,0,2,0,0,0,2,0,0,0,0,52,0,0,14,2,0,0,0,0,2,7,27,15,6,2,1,0,6
a’J‹ζ‘γX–Ψ‚R’–Ϊ,48,1,0,1,10,0,7,3,0,0,1,0,0,0,0,0,0,0,1,26,0,0,17,0,0,0,0,0,1,0,8,10,3,1,0,0,6
a’J‹ζ‘γX–Ψ‚S’–Ϊ,34,0,0,0,3,0,1,1,1,0,0,0,0,0,0,0,0,0,0,20,0,0,8,1,0,0,0,0,0,5,6,11,3,0,0,0,8
a’J‹ζ‘γX–Ψ‚T’–Ϊ,24,0,0,0,2,0,1,0,1,0,0,0,0,0,0,0,0,0,0,13,0,0,7,0,0,0,1,0,0,0,5,9,3,0,1,0,5
a’J‹ζΌ΄‚P’–Ϊ,15,0,0,0,1,0,1,0,0,0,0,0,0,0,0,0,0,0,0,9,0,0,4,0,0,2,0,0,0,1,2,5,1,0,0,0,4
a’J‹ζΌ΄‚Q’–Ϊ,12,0,0,0,1,0,1,0,0,0,0,0,0,0,0,0,0,0,0,8,0,0,6,0,0,0,0,0,0,0,2,3,2,0,0,0,1
a’J‹ζΌ΄‚R’–Ϊ,58,0,0,0,11,0,9,2,0,0,0,0,0,0,0,0,0,0,0,27,0,0,8,0,0,0,1,0,0,1,17,20,12,2,0,0,6
a’J‹ζ³‘γX–Ψ’¬,17,0,0,0,0,0,0,0,0,0,0,0,0,0,0,0,0,0,0,12,0,0,9,0,0,0,0,0,0,0,3,5,2,1,0,0,2
a’J‹ζ‘εR’¬,18,0,0,0,1,0,1,0,0,0,3,0,0,0,0,1,0,0,2,5,0,0,4,1,0,0,0,0,0,0,0,9,3,0,0,0,6
a’J‹ζ‰‘δ‚P’–Ϊ,33,0,0,0,1,0,1,0,0,0,1,0,0,0,0,1,0,0,0,22,0,0,13,0,0,0,0,0,0,5,4,9,1,1,1,0,6
a’J‹ζ‰‘δ‚Q’–Ϊ,17,0,0,0,1,0,0,0,1,0,0,0,0,0,0,0,0,0,0,11,0,0,7,0,0,0,0,0,0,1,3,5,4,0,0,0,1
a’J‹ζ–{’¬‚P’–Ϊ,36,1,0,1,6,0,4,2,0,0,0,0,0,0,0,0,0,0,0,16,0,0,10,1,0,0,0,0,0,3,2,13,3,0,0,0,10
a’J‹ζ–{’¬‚Q’–Ϊ,22,1,0,1,1,0,0,1,0,0,0,0,0,0,0,0,0,0,0,12,0,0,10,0,0,0,0,0,1,0,1,8,5,1,0,0,2
a’J‹ζ–{’¬‚R’–Ϊ,33,0,0,0,4,0,1,3,0,0,0,0,0,0,0,0,0,0,0,19,1,0,9,0,0,0,0,0,0,2,7,10,4,1,1,0,4
a’J‹ζ–{’¬‚S’–Ϊ,24,0,0,0,0,0,0,0,0,0,1,0,0,0,0,1,0,0,0,16,0,0,9,0,1,0,0,0,0,1,5,7,4,1,0,0,2
a’J‹ζ–{’¬‚T’–Ϊ,21,0,0,0,2,0,1,1,0,0,3,0,0,0,0,2,0,0,1,12,0,0,7,0,0,2,0,0,0,1,2,4,1,0,0,0,3
a’J‹ζ–{’¬‚U’–Ϊ,15,0,0,0,0,0,0,0,0,0,0,0,0,0,0,0,0,0,0,14,0,0,13,0,0,0,0,1,0,0,0,1,1,0,0,0,0
a’J‹ζω’Λ‚P’–Ϊ,116,1,0,1,10,0,9,1,0,0,1,0,0,0,0,1,0,0,0,78,0,1,42,0,1,1,0,0,5,10,18,26,11,3,1,0,11
a’J‹ζω’Λ‚Q’–Ϊ,44,0,0,0,6,0,4,1,1,0,0,0,0,0,0,0,0,0,0,29,0,0,15,1,0,0,0,0,0,5,8,9,5,0,0,0,4
a’J‹ζω’Λ‚R’–Ϊ,26,0,0,0,0,0,0,0,0,0,0,0,0,0,0,0,0,0,0,17,0,0,13,0,0,0,0,0,0,1,3,9,5,0,0,0,4
a’J‹ζ”¦ƒ–’J‚P’–Ϊ,35,0,0,0,0,0,0,0,0,0,0,0,0,0,0,0,0,0,0,31,0,0,13,4,0,0,0,0,0,11,3,4,2,0,0,0,2
a’J‹ζ”¦ƒ–’J‚Q’–Ϊ,67,0,0,0,8,0,5,1,1,1,1,0,0,1,0,0,0,0,0,39,0,1,22,1,0,0,2,0,0,7,6,19,8,4,0,0,7
a’J‹ζ”¦ƒ–’J‚R’–Ϊ,30,1,0,1,4,0,2,1,1,0,0,0,0,0,0,0,0,0,0,18,0,0,15,0,0,0,0,0,0,0,3,7,3,0,0,0,4
a’J‹ζη‘Κƒ–’J‚P’–Ϊ,13,0,0,0,0,0,0,0,0,0,0,0,0,0,0,0,0,0,0,9,0,0,2,0,0,0,1,0,1,1,4,4,2,0,0,0,2
a’J‹ζη‘Κƒ–’J‚Q’–Ϊ,6,0,0,0,1,0,0,1,0,0,0,0,0,0,0,0,0,0,0,3,0,0,2,0,0,0,0,0,0,0,1,2,0,1,0,0,1
a’J‹ζη‘Κƒ–’J‚R’–Ϊ,29,0,0,0,2,0,1,1,0,0,0,0,0,0,0,0,0,0,0,14,0,0,8,0,0,0,0,0,1,2,3,13,5,2,0,0,6
a’J‹ζη‘Κƒ–’J‚S’–Ϊ,16,0,0,0,1,0,0,1,0,0,0,0,0,0,0,0,0,0,0,8,0,0,6,0,0,0,0,0,0,0,2,7,2,0,0,0,5
a’J‹ζη‘Κƒ–’J‚T’–Ϊ,118,3,1,2,6,0,3,2,1,0,1,0,0,0,1,0,0,0,0,93,0,0,8,3,0,0,2,0,7,46,27,15,5,5,0,0,5
a’J‹ζ_‹{‘O‚P’–Ϊ,243,0,0,0,12,0,5,6,0,1,0,0,0,0,0,0,0,0,0,197,0,1,6,1,0,0,7,0,2,169,11,34,10,2,0,0,22
a’J‹ζ_‹{‘O‚Q’–Ϊ,22,0,0,0,3,0,1,1,1,0,0,0,0,0,0,0,0,0,0,7,0,0,3,1,0,0,0,0,0,0,3,12,3,0,1,0,8
a’J‹ζ_‹{‘O‚R’–Ϊ,32,0,0,0,1,0,0,1,0,0,0,0,0,0,0,0,0,0,0,19,0,0,4,1,0,0,0,0,1,6,7,12,5,1,0,0,6
a’J‹ζ_‹{‘O‚S’–Ϊ,90,0,0,0,1,0,0,1,0,0,0,0,0,0,0,0,0,0,0,65,0,0,5,0,0,0,0,0,0,44,16,24,10,1,0,0,13
a’J‹ζ_‹{‘O‚T’–Ϊ,61,1,1,0,2,0,1,0,0,1,1,0,0,0,0,1,0,0,0,48,0,2,10,1,0,0,0,0,0,28,7,9,3,0,0,0,6
a’J‹ζ_‹{‘O‚U’–Ϊ,99,0,0,0,3,0,2,1,0,0,8,0,0,0,8,0,0,0,0,46,0,0,11,0,0,0,3,0,1,18,13,42,11,3,2,0,26
a’J‹ζv,3849,62,20,42,386,0,209,148,22,7,109,3,2,10,59,19,2,1,13,2357,1,17,682,28,3,9,90,5,71,758,693,935,262,91,23,0,559
’†–μ‹ζ“μ‘δ‚P’–Ϊ,3,0,0,0,0,0,0,0,0,0,0,0,0,0,0,0,0,0,0,3,0,0,2,0,0,0,0,0,0,0,1,0,0,0,0,0,0
’†–μ‹ζ“μ‘δ‚Q’–Ϊ,25,0,0,0,0,0,0,0,0,0,0,0,0,0,0,0,0,0,0,21,0,2,13,2,1,0,0,0,0,0,3,4,2,0,1,0,1
’†–μ‹ζ“μ‘δ‚R’–Ϊ,11,0,0,0,1,0,0,0,1,0,0,0,0,0,0,0,0,0,0,6,0,0,5,0,0,0,0,0,0,1,0,4,4,0,0,0,0
’†–μ‹ζ“μ‘δ‚S’–Ϊ,19,0,0,0,4,1,0,1,2,0,2,1,0,0,0,0,0,0,1,8,0,0,5,0,0,1,0,0,0,0,2,5,2,0,0,0,3
’†–μ‹ζ“μ‘δ‚T’–Ϊ,14,0,0,0,0,0,0,0,0,0,0,0,0,0,0,0,0,0,0,12,0,0,7,1,0,0,0,0,0,1,3,2,1,0,1,0,0
’†–μ‹ζ–ν¶’¬‚P’–Ϊ,26,0,0,0,2,0,0,2,0,0,0,0,0,0,0,0,0,0,0,19,0,1,13,1,0,0,0,0,0,0,4,5,1,0,1,0,3
’†–μ‹ζ–ν¶’¬‚Q’–Ϊ,30,1,1,0,2,0,0,2,0,0,0,0,0,0,0,0,0,0,0,23,0,0,12,1,0,0,0,0,0,5,5,4,3,0,0,0,1
’†–μ‹ζ–ν¶’¬‚R’–Ϊ,13,0,0,0,0,0,0,0,0,0,0,0,0,0,0,0,0,0,0,10,0,0,4,1,0,0,0,0,0,0,5,3,1,0,0,0,2
’†–μ‹ζ–ν¶’¬‚S’–Ϊ,12,0,0,0,0,0,0,0,0,0,0,0,0,0,0,0,0,0,0,10,0,0,5,0,0,0,0,0,0,0,5,2,1,0,0,0,1
’†–μ‹ζ–ν¶’¬‚T’–Ϊ,26,0,0,0,3,0,1,0,2,0,0,0,0,0,0,0,0,0,0,15,0,0,4,0,0,1,0,0,0,4,6,8,4,0,0,0,4
’†–μ‹ζ–ν¶’¬‚U’–Ϊ,11,0,0,0,1,0,0,1,0,0,0,0,0,0,0,0,0,0,0,7,0,1,6,0,0,0,0,0,0,0,0,3,1,0,0,0,2
’†–μ‹ζ–{’¬‚P’–Ϊ,25,0,0,0,3,0,2,1,0,0,0,0,0,0,0,0,0,0,0,17,0,0,8,1,0,0,0,0,0,0,8,5,1,2,0,0,2
’†–μ‹ζ–{’¬‚Q’–Ϊ,41,0,0,0,4,0,1,3,0,0,0,0,0,0,0,0,0,0,0,26,1,0,18,1,0,0,1,0,0,1,4,11,2,3,0,0,6
’†–μ‹ζ–{’¬‚R’–Ϊ,34,0,0,0,2,0,2,0,0,0,1,0,0,0,0,0,0,0,1,25,0,2,13,1,0,0,0,0,1,0,8,6,2,1,0,0,3
’†–μ‹ζ–{’¬‚S’–Ϊ,42,0,0,0,3,0,2,1,0,0,1,0,0,0,0,1,0,0,0,27,0,0,11,0,0,0,0,1,1,5,9,11,6,1,0,0,4
’†–μ‹ζ–{’¬‚T’–Ϊ,23,0,0,0,1,0,0,1,0,0,0,0,0,0,0,0,0,0,0,14,0,0,5,0,0,1,0,0,1,0,7,8,5,0,0,0,3
’†–μ‹ζ–{’¬‚U’–Ϊ,23,0,0,0,0,0,0,0,0,0,1,0,0,0,0,1,0,0,0,17,0,0,10,1,0,0,0,0,0,0,6,5,3,0,0,0,2
’†–μ‹ζ’†‰›‚P’–Ϊ,47,1,0,1,5,0,1,2,2,0,4,0,0,1,0,3,0,0,0,22,0,0,12,1,0,0,0,0,0,3,6,15,5,1,0,0,9
’†–μ‹ζ’†‰›‚Q’–Ϊ,52,0,0,0,7,0,4,3,0,0,2,0,0,0,0,1,0,0,1,33,0,0,15,0,0,0,1,0,0,8,9,10,1,1,1,0,7
’†–μ‹ζ’†‰›‚R’–Ϊ,31,0,0,0,4,0,2,1,1,0,0,0,0,0,0,0,0,0,0,20,0,1,9,0,0,0,0,0,0,1,9,7,4,0,0,0,3
’†–μ‹ζ’†‰›‚S’–Ϊ,45,1,0,1,3,0,1,1,1,0,0,0,0,0,0,0,0,0,0,23,0,0,12,1,0,0,0,0,0,0,10,18,6,1,0,0,11
’†–μ‹ζ’†‰›‚T’–Ϊ,20,0,0,0,2,0,1,1,0,0,0,0,0,0,0,0,0,0,0,16,0,0,7,0,0,1,0,0,1,3,4,2,2,0,0,0,0
’†–μ‹ζ“’†–μ‚P’–Ϊ,31,0,0,0,4,0,3,1,0,0,2,0,0,0,0,1,0,0,1,13,0,0,9,0,0,0,0,0,0,0,4,12,3,0,0,0,9
’†–μ‹ζ“’†–μ‚Q’–Ϊ,13,0,0,0,0,0,0,0,0,0,0,0,0,0,0,0,0,0,0,10,0,0,4,0,0,0,0,1,0,0,5,3,2,0,0,0,1
’†–μ‹ζ“’†–μ‚R’–Ϊ,34,0,0,0,4,0,3,1,0,0,0,0,0,0,0,0,0,0,0,25,0,0,15,0,0,0,0,1,1,5,3,5,1,1,0,0,3
’†–μ‹ζ“’†–μ‚S’–Ϊ,49,0,0,0,4,0,3,0,1,0,4,0,0,0,2,2,0,0,0,27,0,0,14,1,0,0,0,0,0,1,11,14,4,2,0,0,8
’†–μ‹ζ“’†–μ‚T’–Ϊ,27,0,0,0,4,0,1,3,0,0,0,0,0,0,0,0,0,0,0,20,0,0,10,0,0,0,0,0,0,4,6,3,1,0,0,0,2
’†–μ‹ζ’†–μ‚P’–Ϊ,26,1,1,0,1,0,1,0,0,0,1,0,0,0,0,1,0,0,0,19,0,0,9,0,0,0,0,0,0,1,9,4,4,0,0,0,0
’†–μ‹ζ’†–μ‚Q’–Ϊ,54,1,0,1,5,0,2,3,0,0,2,0,0,0,2,0,0,0,0,39,0,0,18,1,0,0,0,0,1,9,10,7,5,0,0,0,2
’†–μ‹ζ’†–μ‚R’–Ϊ,63,1,1,0,3,0,2,1,0,0,2,0,0,1,0,1,0,0,0,48,0,0,26,1,0,0,0,0,0,15,6,9,3,2,1,0,3
’†–μ‹ζ’†–μ‚S’–Ϊ,69,0,0,0,5,0,2,0,3,0,3,0,0,0,0,0,0,0,3,48,0,0,29,2,0,1,0,1,1,6,8,13,2,3,2,0,6
’†–μ‹ζ’†–μ‚T’–Ϊ,234,2,0,2,28,0,18,10,0,0,16,0,0,0,13,0,0,0,3,154,0,0,75,6,0,0,3,0,8,27,35,34,12,3,2,0,17
’†–μ‹ζ’†–μ‚U’–Ϊ,16,0,0,0,1,0,1,0,0,0,0,0,0,0,0,0,0,0,0,13,0,0,10,0,0,0,0,0,0,1,2,2,0,0,0,0,2
’†–μ‹ζγ‚“c‚P’–Ϊ,24,1,0,1,2,0,1,1,0,0,0,0,0,0,0,0,0,0,0,20,0,0,14,1,0,0,0,0,1,0,4,1,0,0,0,0,1
’†–μ‹ζγ‚“c‚Q’–Ϊ,17,0,0,0,0,0,0,0,0,0,0,0,0,0,0,0,0,0,0,14,0,0,11,0,0,0,0,0,1,1,1,3,1,0,0,0,2
’†–μ‹ζγ‚“c‚R’–Ϊ,25,1,0,1,2,0,2,0,0,0,0,0,0,0,0,0,0,0,0,20,0,0,16,1,0,1,0,0,0,0,2,2,0,0,0,0,2
’†–μ‹ζγ‚“c‚S’–Ϊ,16,0,0,0,2,0,0,0,2,0,0,0,0,0,0,0,0,0,0,11,0,0,7,2,0,0,0,0,0,0,2,3,1,1,0,0,1
’†–μ‹ζγ‚“c‚T’–Ϊ,10,0,0,0,2,0,0,2,0,0,0,0,0,0,0,0,0,0,0,6,0,0,5,0,0,0,0,0,0,0,1,2,0,0,0,0,2
’†–μ‹ζVδ‚P’–Ϊ,25,0,0,0,2,0,1,0,1,0,1,0,0,0,0,1,0,0,0,17,0,0,13,0,0,0,0,0,0,2,2,5,1,0,0,0,4
’†–μ‹ζVδ‚Q’–Ϊ,27,0,0,0,1,0,0,1,0,0,1,0,0,0,0,1,0,0,0,13,0,0,12,1,0,0,0,0,0,0,0,12,4,2,0,0,6
’†–μ‹ζVδ‚R’–Ϊ,31,0,0,0,3,0,3,0,0,0,0,0,0,0,0,0,0,0,0,24,0,0,18,0,0,0,1,0,4,0,1,4,0,0,0,0,4
’†–μ‹ζVδ‚S’–Ϊ,15,0,0,0,2,0,1,1,0,0,0,0,0,0,0,0,0,0,0,9,0,0,8,0,0,0,0,0,0,0,1,4,1,0,0,0,3
’†–μ‹ζVδ‚T’–Ϊ,20,0,0,0,2,0,1,0,1,0,0,0,0,0,0,0,0,0,0,13,0,0,8,1,0,0,1,0,1,0,2,5,1,1,0,0,3
’†–μ‹ζΐ‘ά‚P’–Ϊ,20,0,0,0,2,0,1,1,0,0,0,0,0,0,0,0,0,0,0,15,0,1,10,0,0,0,0,0,1,0,3,3,1,0,0,0,2
’†–μ‹ζΐ‘ά‚Q’–Ϊ,18,0,0,0,1,0,0,1,0,0,0,0,0,0,0,0,0,0,0,10,0,0,6,0,0,0,0,0,0,3,1,7,3,0,0,0,4
’†–μ‹ζΐ‘ά‚R’–Ϊ,22,2,1,1,1,0,0,1,0,0,1,0,0,0,0,0,1,0,0,13,0,0,8,0,0,0,0,0,0,4,1,5,2,0,0,0,3
’†–μ‹ζΐ‘ά‚S’–Ϊ,3,0,0,0,0,0,0,0,0,0,1,0,0,0,1,0,0,0,0,1,0,0,1,0,0,0,0,0,0,0,0,1,0,0,0,0,1
’†–μ‹ζΌ‚ª‹u‚P’–Ϊ,11,0,0,0,0,0,0,0,0,0,0,0,0,0,0,0,0,0,0,7,0,0,1,0,0,0,0,0,0,1,5,4,2,0,0,0,2
’†–μ‹ζΌ‚ª‹u‚Q’–Ϊ,7,0,0,0,0,0,0,0,0,0,0,0,0,0,0,0,0,0,0,4,0,0,2,0,0,0,0,0,0,0,2,3,2,0,0,0,1
’†–μ‹ζ]΄’¬‚P’–Ϊ,9,0,0,0,0,0,0,0,0,0,0,0,0,0,0,0,0,0,0,2,0,0,0,0,0,1,0,0,0,0,1,7,6,0,0,0,1
’†–μ‹ζ]΄’¬‚Q’–Ϊ,25,0,0,0,2,0,2,0,0,0,0,0,0,0,0,0,0,0,0,16,0,0,7,1,0,0,1,0,0,2,5,7,4,1,0,0,2
’†–μ‹ζ]΄’¬‚R’–Ϊ,11,0,0,0,0,0,0,0,0,0,0,0,0,0,0,0,0,0,0,11,0,0,10,0,0,0,0,0,0,0,1,0,0,0,0,0,0
’†–μ‹ζ]Γ“c‚P’–Ϊ,12,0,0,0,1,0,0,1,0,0,0,0,0,0,0,0,0,0,0,6,0,0,2,1,0,0,0,0,0,0,3,5,2,0,0,0,3
’†–μ‹ζ]Γ“c‚Q’–Ϊ,4,0,0,0,0,0,0,0,0,0,0,0,0,0,0,0,0,0,0,3,0,0,1,0,0,0,0,0,0,0,2,1,1,0,0,0,0
’†–μ‹ζ]Γ“c‚R’–Ϊ,16,0,0,0,2,0,1,1,0,0,1,0,0,1,0,0,0,0,0,10,0,0,2,1,0,0,0,0,0,4,3,3,1,0,0,0,2
’†–μ‹ζ]Γ“c‚S’–Ϊ,27,0,0,0,3,0,3,0,0,0,0,0,0,0,0,0,0,0,0,21,0,0,15,1,0,0,0,0,0,3,2,3,1,1,0,0,1
’†–μ‹ζΫR‚P’–Ϊ,2,0,0,0,0,0,0,0,0,0,0,0,0,0,0,0,0,0,0,1,0,0,0,1,0,0,0,0,0,0,0,1,0,0,0,0,1
’†–μ‹ζΫR‚Q’–Ϊ,16,0,0,0,1,0,0,1,0,0,0,0,0,0,0,0,0,0,0,12,0,0,7,0,0,0,0,0,0,2,3,3,1,0,0,0,2
’†–μ‹ζ–μ•ϋ‚P’–Ϊ,22,0,0,0,1,0,0,0,1,0,0,0,0,0,0,0,0,0,0,17,0,0,12,1,0,0,0,0,2,1,1,4,2,0,0,0,2
’†–μ‹ζ–μ•ϋ‚Q’–Ϊ,25,1,1,0,2,0,2,0,0,0,1,0,0,0,0,0,0,1,0,19,0,0,15,2,0,0,0,0,0,0,2,2,1,0,0,0,1
’†–μ‹ζ–μ•ϋ‚R’–Ϊ,24,0,0,0,2,0,1,1,0,0,0,0,0,0,0,0,0,0,0,18,0,0,14,0,0,0,0,0,0,2,2,4,2,0,0,0,2
’†–μ‹ζ–μ•ϋ‚S’–Ϊ,18,1,0,1,1,0,0,1,0,0,1,0,0,0,0,1,0,0,0,8,0,0,7,0,0,0,0,0,1,0,0,7,4,0,0,0,3
’†–μ‹ζ–μ•ϋ‚T’–Ϊ,30,1,0,1,2,0,0,2,0,0,0,0,0,0,0,0,0,0,0,23,0,0,12,1,0,0,0,0,0,6,4,4,1,0,0,0,3
’†–μ‹ζ–μ•ϋ‚U’–Ϊ,30,0,0,0,2,0,2,0,0,0,0,0,0,0,0,0,0,0,0,19,0,0,15,0,0,0,0,0,0,3,1,9,1,0,0,0,8
’†–μ‹ζ‘εa’¬‚P’–Ϊ,36,0,0,0,1,0,0,1,0,0,0,0,0,0,0,0,0,0,0,29,0,0,25,2,0,0,0,0,0,0,2,6,4,0,0,0,2
’†–μ‹ζ‘εa’¬‚Q’–Ϊ,18,1,0,1,0,0,0,0,0,0,0,0,0,0,0,0,0,0,0,10,0,0,8,0,0,0,0,0,0,0,2,7,3,1,0,0,3
’†–μ‹ζ‘εa’¬‚R’–Ϊ,17,0,0,0,0,0,0,0,0,0,0,0,0,0,0,0,0,0,0,15,0,0,15,0,0,0,0,0,0,0,0,2,0,0,0,0,2
’†–μ‹ζ‘εa’¬‚S’–Ϊ,16,0,0,0,0,0,0,0,0,0,0,0,0,0,0,0,0,0,0,10,0,0,6,0,0,0,0,0,0,1,3,6,1,1,0,0,4
’†–μ‹ζα‹{‚P’–Ϊ,15,0,0,0,0,0,0,0,0,0,0,0,0,0,0,0,0,0,0,12,0,1,9,0,0,0,0,0,0,0,2,3,0,0,0,0,3
’†–μ‹ζα‹{‚Q’–Ϊ,17,0,0,0,0,0,0,0,0,0,1,0,0,0,0,1,0,0,0,11,0,1,8,0,0,1,0,0,0,0,1,5,2,0,0,0,3
’†–μ‹ζα‹{‚R’–Ϊ,21,0,0,0,4,0,1,2,1,0,0,0,0,0,0,0,0,0,0,15,0,1,12,1,0,0,0,0,0,0,1,2,1,0,0,0,1
’†–μ‹ζ”’λ‚P’–Ϊ,17,0,0,0,2,0,2,0,0,0,0,0,0,0,0,0,0,0,0,12,0,1,9,1,0,0,0,0,0,0,1,3,2,0,0,0,1
’†–μ‹ζ”’λ‚Q’–Ϊ,14,0,0,0,0,0,0,0,0,0,1,0,0,0,0,0,0,1,0,13,0,0,10,0,0,0,0,0,0,0,3,0,0,0,0,0,0
’†–μ‹ζ”’λ‚R’–Ϊ,10,0,0,0,0,0,0,0,0,0,0,0,0,0,0,0,0,0,0,9,0,0,6,0,0,0,0,0,0,0,3,1,1,0,0,0,0
’†–μ‹ζλ‹{‚P’–Ϊ,26,1,1,0,2,0,1,1,0,0,2,0,0,0,0,1,1,0,0,15,0,0,9,0,0,0,0,0,0,5,1,6,3,0,0,0,3
’†–μ‹ζλ‹{‚Q’–Ϊ,10,0,0,0,2,0,1,1,0,0,0,0,0,0,0,0,0,0,0,7,0,0,6,1,0,0,0,0,0,0,0,1,0,0,0,0,1
’†–μ‹ζλ‹{‚R’–Ϊ,44,0,0,0,8,0,4,3,0,1,0,0,0,0,0,0,0,0,0,26,0,1,17,0,0,0,1,0,0,1,6,10,4,0,0,0,6
’†–μ‹ζλ‹{‚S’–Ϊ,18,0,0,0,1,0,1,0,0,0,0,0,0,0,0,0,0,0,0,14,0,1,9,1,0,0,0,0,0,1,2,3,2,0,0,0,1
’†–μ‹ζλ‹{‚T’–Ϊ,7,0,0,0,2,0,0,1,1,0,0,0,0,0,0,0,0,0,0,3,0,0,3,0,0,0,0,0,0,0,0,2,0,0,0,0,2
’†–μ‹ζλ‹{‚U’–Ϊ,8,0,0,0,0,0,0,0,0,0,0,0,0,0,0,0,0,0,0,4,0,0,3,0,0,0,0,0,0,0,1,4,2,0,0,0,2
’†–μ‹ζγλ‹{‚P’–Ϊ,5,0,0,0,0,0,0,0,0,0,0,0,0,0,0,0,0,0,0,2,0,0,1,0,0,0,0,0,0,0,1,3,1,0,0,0,2
’†–μ‹ζγλ‹{‚Q’–Ϊ,20,0,0,0,0,0,0,0,0,0,2,0,0,0,0,2,0,0,0,17,0,1,11,0,0,1,0,0,0,1,3,1,1,0,0,0,0
’†–μ‹ζγλ‹{‚R’–Ϊ,8,0,0,0,0,0,0,0,0,0,0,0,0,0,0,0,0,0,0,7,0,0,4,0,0,0,0,1,0,0,2,1,0,1,0,0,0
’†–μ‹ζγλ‹{‚S’–Ϊ,11,0,0,0,2,0,2,0,0,0,0,0,0,0,0,0,0,0,0,7,0,0,4,0,0,0,0,0,0,0,3,2,0,0,0,0,2
’†–μ‹ζγλ‹{‚T’–Ϊ,5,0,0,0,0,0,0,0,0,0,1,0,0,1,0,0,0,0,0,2,0,0,2,0,0,0,0,0,0,0,0,2,1,1,0,0,0
’†–μ‹ζv,2094,17,6,11,171,1,86,63,20,1,55,1,0,4,18,18,2,2,10,1413,1,15,851,44,1,9,9,5,26,144,308,438,168,31,9,0,230
™•ΐ‹ζδ‘‚P’–Ϊ,11,0,0,0,1,0,0,1,0,0,0,0,0,0,0,0,0,0,0,5,0,0,3,0,0,1,0,0,0,1,0,5,1,0,0,0,4
™•ΐ‹ζδ‘‚Q’–Ϊ,23,0,0,0,1,0,0,0,1,0,0,0,0,0,0,0,0,0,0,14,0,0,9,0,0,0,0,0,0,0,5,8,2,1,0,0,5
™•ΐ‹ζδ‘‚R’–Ϊ,18,0,0,0,1,0,0,1,0,0,0,0,0,0,0,0,0,0,0,8,0,0,1,0,0,0,0,0,0,3,4,9,1,0,0,0,8
™•ΐ‹ζδ‘‚S’–Ϊ,14,1,0,1,3,0,1,2,0,0,0,0,0,0,0,0,0,0,0,4,0,0,4,0,0,0,0,0,0,0,0,6,2,0,0,0,4
™•ΐ‹ζδ‘‚T’–Ϊ,5,0,0,0,0,0,0,0,0,0,0,0,0,0,0,0,0,0,0,2,0,0,2,0,0,0,0,0,0,0,0,3,1,0,0,0,2
™•ΐ‹ζγδ‘‚P’–Ϊ,7,0,0,0,0,0,0,0,0,0,0,0,0,0,0,0,0,0,0,3,0,0,2,0,0,0,0,0,0,0,1,4,1,0,0,0,3
™•ΐ‹ζγδ‘‚Q’–Ϊ,18,0,0,0,3,0,1,1,1,0,1,0,0,0,0,1,0,0,0,8,0,0,3,0,0,0,0,0,0,3,2,6,4,0,0,0,2
™•ΐ‹ζγδ‘‚R’–Ϊ,14,0,0,0,1,0,0,1,0,0,0,0,0,0,0,0,0,0,0,11,0,0,8,0,0,0,1,0,0,1,1,2,2,0,0,0,0
™•ΐ‹ζγδ‘‚S’–Ϊ,10,0,0,0,0,0,0,0,0,0,0,0,0,0,0,0,0,0,0,7,0,0,4,0,0,0,0,0,0,0,3,3,1,0,0,0,2
™•ΐ‹ζ‰Ίδ‘‚P’–Ϊ,5,0,0,0,0,0,0,0,0,0,0,0,0,0,0,0,0,0,0,4,0,0,4,0,0,0,0,0,0,0,0,1,1,0,0,0,0
™•ΐ‹ζ‰Ίδ‘‚Q’–Ϊ,21,0,0,0,1,0,1,0,0,0,1,0,0,0,0,1,0,0,0,15,0,0,4,1,0,0,0,0,0,8,2,4,2,1,0,0,1
™•ΐ‹ζ‰Ίδ‘‚R’–Ϊ,9,0,0,0,1,0,1,0,0,0,0,0,0,0,0,0,0,0,0,3,0,0,3,0,0,0,0,0,0,0,0,5,3,0,1,0,1
™•ΐ‹ζ‰Ίδ‘‚S’–Ϊ,12,0,0,0,0,0,0,0,0,0,1,0,0,0,0,1,0,0,0,5,0,0,5,0,0,0,0,0,0,0,0,6,5,0,0,0,1
™•ΐ‹ζ‰Ίδ‘‚T’–Ϊ,20,0,0,0,3,0,1,2,0,0,0,0,0,0,0,0,0,0,0,8,0,0,6,1,0,0,0,0,0,1,0,9,3,0,0,0,6
™•ΐ‹ζ‘P•›‚P’–Ϊ,11,0,0,0,0,0,0,0,0,0,0,0,0,0,0,0,0,0,0,8,0,0,2,0,0,0,0,0,0,2,4,3,2,0,0,0,1
™•ΐ‹ζ‘P•›‚Q’–Ϊ,5,0,0,0,0,0,0,0,0,0,0,0,0,0,0,0,0,0,0,3,0,0,3,0,0,0,0,0,0,0,0,2,1,0,0,0,1
™•ΐ‹ζ‘P•›‚R’–Ϊ,5,0,0,0,0,0,0,0,0,0,0,0,0,0,0,0,0,0,0,1,0,0,1,0,0,0,0,0,0,0,0,4,3,0,0,0,1
™•ΐ‹ζ‘P•›‚S’–Ϊ,7,0,0,0,1,0,0,1,0,0,0,0,0,0,0,0,0,0,0,2,0,0,2,0,0,0,0,0,0,0,0,4,1,0,0,0,3
™•ΐ‹ζ΅μ‚P’–Ϊ,9,0,0,0,3,0,1,0,2,0,0,0,0,0,0,0,0,0,0,1,0,0,1,0,0,0,0,0,0,0,0,5,2,0,0,0,3
™•ΐ‹ζ΅μ‚Q’–Ϊ,6,0,0,0,0,0,0,0,0,0,0,0,0,0,0,0,0,0,0,4,0,0,3,0,0,0,0,0,0,0,1,2,1,0,0,0,1
™•ΐ‹ζ΅μ‚R’–Ϊ,12,0,0,0,2,0,1,1,0,0,1,0,0,0,0,0,0,0,1,6,0,0,5,0,0,0,0,0,0,1,0,3,3,0,0,0,0
™•ΐ‹ζ΅μ‚S’–Ϊ,2,0,0,0,0,0,0,0,0,0,0,0,0,0,0,0,0,0,0,2,0,0,2,0,0,0,0,0,0,0,0,0,0,0,0,0,0
™•ΐ‹ζ“δ‚P’–Ϊ,3,0,0,0,0,0,0,0,0,0,0,0,0,0,0,0,0,0,0,3,0,0,1,0,0,0,0,0,0,0,2,0,0,0,0,0,0
™•ΐ‹ζ“δ‚Q’–Ϊ,5,0,0,0,0,0,0,0,0,0,0,0,0,0,0,0,0,0,0,3,0,0,2,0,0,0,0,0,0,0,1,2,1,0,0,0,1
™•ΐ‹ζ“δ‚R’–Ϊ,7,0,0,0,1,0,0,0,1,0,0,0,0,0,0,0,0,0,0,3,0,0,1,0,0,0,0,0,0,0,2,3,0,0,1,0,2
™•ΐ‹ζ“δ‚S’–Ϊ,11,0,0,0,1,0,1,0,0,0,0,0,0,0,0,0,0,0,0,6,0,0,2,0,0,0,0,0,0,0,4,4,1,1,0,0,2
™•ΐ‹ζΌ‰¬–k‚P’–Ϊ,5,0,0,0,0,0,0,0,0,0,0,0,0,0,0,0,0,0,0,2,0,0,2,0,0,0,0,0,0,0,0,3,3,0,0,0,0
™•ΐ‹ζΌ‰¬–k‚Q’–Ϊ,7,0,0,0,0,0,0,0,0,0,0,0,0,0,0,0,0,0,0,4,0,0,2,0,0,0,0,0,0,1,1,3,3,0,0,0,0
™•ΐ‹ζΌ‰¬–k‚R’–Ϊ,31,0,0,0,0,0,0,0,0,0,3,0,0,0,1,0,0,0,2,13,0,0,6,0,0,0,0,0,0,2,5,15,5,2,0,0,8
™•ΐ‹ζΌ‰¬–k‚S’–Ϊ,9,0,0,0,1,0,1,0,0,0,0,0,0,0,0,0,0,0,0,5,0,0,5,0,0,0,0,0,0,0,0,3,2,0,0,0,1
™•ΐ‹ζΌ‰¬–k‚T’–Ϊ,8,0,0,0,0,0,0,0,0,0,0,0,0,0,0,0,0,0,0,4,0,0,3,0,0,0,0,0,0,1,0,4,1,1,0,0,2
™•ΐ‹ζγ‰¬‚P’–Ϊ,121,1,0,1,13,0,10,3,0,0,0,0,0,0,0,0,0,0,0,91,0,0,15,0,0,0,2,0,4,48,22,16,2,3,0,0,11
™•ΐ‹ζγ‰¬‚Q’–Ϊ,11,0,0,0,0,0,0,0,0,0,0,0,0,0,0,0,0,0,0,5,0,0,2,0,0,0,0,0,0,0,3,6,1,2,0,0,3
™•ΐ‹ζγ‰¬‚R’–Ϊ,8,0,0,0,0,0,0,0,0,0,0,0,0,0,0,0,0,0,0,5,0,0,4,0,0,0,0,0,0,0,1,3,1,0,0,0,2
™•ΐ‹ζγ‰¬‚S’–Ϊ,13,0,0,0,1,0,1,0,0,0,0,0,0,0,0,0,0,0,0,8,0,0,8,0,0,0,0,0,0,0,0,4,1,0,0,0,3
™•ΐ‹ζ΄…‚P’–Ϊ,2,0,0,0,0,0,0,0,0,0,0,0,0,0,0,0,0,0,0,2,0,0,2,0,0,0,0,0,0,0,0,0,0,0,0,0,0
™•ΐ‹ζ΄…‚Q’–Ϊ,5,0,0,0,0,0,0,0,0,0,0,0,0,0,0,0,0,0,0,3,0,0,3,0,0,0,0,0,0,0,0,2,0,0,0,0,2
™•ΐ‹ζ΄…‚R’–Ϊ,3,0,0,0,0,0,0,0,0,0,0,0,0,0,0,0,0,0,0,2,0,0,1,0,0,0,0,0,0,0,1,1,1,0,0,0,0
™•ΐ‹ζ–{“Vΐ‚P’–Ϊ,4,0,0,0,0,0,0,0,0,0,0,0,0,0,0,0,0,0,0,4,0,0,2,0,0,0,0,0,0,0,2,0,0,0,0,0,0
™•ΐ‹ζ–{“Vΐ‚Q’–Ϊ,6,0,0,0,0,0,0,0,0,0,0,0,0,0,0,0,0,0,0,4,0,0,1,0,0,0,0,0,0,3,0,2,1,0,0,0,1
™•ΐ‹ζ–{“Vΐ‚R’–Ϊ,8,0,0,0,2,0,1,0,1,0,0,0,0,0,0,0,0,0,0,4,0,0,3,0,0,0,0,0,0,0,1,2,1,1,0,0,0
™•ΐ‹ζ“Vΐ‚P’–Ϊ,12,0,0,0,2,0,2,0,0,0,0,0,0,0,0,0,0,0,0,5,0,0,3,0,0,0,0,0,0,0,2,5,3,0,0,0,2
™•ΐ‹ζ“Vΐ‚Q’–Ϊ,6,0,0,0,1,0,1,0,0,0,0,0,0,0,0,0,0,0,0,4,0,0,3,0,0,0,0,0,0,0,1,1,1,0,0,0,0
™•ΐ‹ζ“Vΐ‚R’–Ϊ,42,0,0,0,4,0,1,3,0,0,0,0,0,0,0,0,0,0,0,25,0,0,11,0,0,0,0,0,0,1,13,13,4,1,1,0,7
™•ΐ‹ζΆ²’J–k‚P’–Ϊ,35,0,0,0,2,0,1,1,0,0,3,1,0,0,0,0,1,0,1,26,0,1,14,2,0,0,0,1,0,4,4,4,0,1,0,0,3
™•ΐ‹ζΆ²’J–k‚Q’–Ϊ,20,0,0,0,0,0,0,0,0,0,0,0,0,0,0,0,0,0,0,18,0,0,14,0,0,0,0,0,1,1,2,2,1,0,0,0,1
™•ΐ‹ζΆ²’J–k‚R’–Ϊ,20,0,0,0,2,0,1,0,1,0,0,0,0,0,0,0,0,0,0,8,0,0,4,0,0,0,0,0,0,0,4,10,5,1,0,0,4
™•ΐ‹ζΆ²’J–k‚S’–Ϊ,12,0,0,0,1,0,1,0,0,0,0,0,0,0,0,0,0,0,0,7,0,1,2,1,0,0,0,1,0,0,2,4,0,0,0,0,4
™•ΐ‹ζΆ²’J–k‚T’–Ϊ,5,0,0,0,0,0,0,0,0,0,2,0,0,0,0,1,0,1,0,2,0,0,1,0,0,0,0,0,0,0,1,1,0,0,0,0,1
™•ΐ‹ζΆ²’J–k‚U’–Ϊ,10,0,0,0,1,0,1,0,0,0,0,0,0,0,0,0,0,0,0,5,0,0,4,0,0,0,0,0,0,0,1,4,2,0,0,0,2
™•ΐ‹ζΆ²’J“μ‚P’–Ϊ,54,0,0,0,6,0,2,4,0,0,0,0,0,0,0,0,0,0,0,42,0,0,16,4,0,0,1,0,1,11,9,6,2,1,1,0,2
™•ΐ‹ζΆ²’J“μ‚Q’–Ϊ,32,0,0,0,2,0,2,0,0,0,0,0,0,0,0,0,0,0,0,25,0,1,12,1,0,0,0,0,1,3,7,5,3,0,0,0,2
™•ΐ‹ζΆ²’J“μ‚R’–Ϊ,75,0,0,0,6,0,4,2,0,0,0,0,0,0,0,0,0,0,0,58,0,0,30,1,0,0,0,0,1,17,9,11,4,0,0,0,7
™•ΐ‹ζ‚‰~›–k‚P’–Ϊ,21,0,0,0,0,0,0,0,0,0,0,0,0,0,0,0,0,0,0,17,0,1,9,0,0,0,0,0,0,0,7,4,1,0,0,0,3
™•ΐ‹ζ‚‰~›–k‚Q’–Ϊ,59,0,0,0,8,0,6,2,0,0,0,0,0,0,0,0,0,0,0,33,0,0,19,1,0,0,0,0,1,1,11,18,3,3,0,0,12
™•ΐ‹ζ‚‰~›–k‚R’–Ϊ,61,1,0,1,2,0,0,2,0,0,1,0,0,0,0,0,0,0,1,45,0,0,35,0,0,0,0,0,0,2,8,12,0,1,0,0,11
™•ΐ‹ζ‚‰~›–k‚S’–Ϊ,24,0,0,0,2,0,1,0,1,0,1,0,0,0,1,0,0,0,0,13,0,0,8,0,0,0,0,0,1,1,3,8,0,2,0,0,6
™•ΐ‹ζ‚‰~›“μ‚P’–Ϊ,34,0,0,0,2,0,2,0,0,0,1,0,0,0,0,0,0,0,1,21,0,0,14,1,0,0,0,0,0,2,4,10,2,0,0,0,8
™•ΐ‹ζ‚‰~›“μ‚Q’–Ϊ,23,1,1,0,0,0,0,0,0,0,0,0,0,0,0,0,0,0,0,16,0,0,9,0,0,1,0,0,2,2,2,6,0,1,0,0,5
™•ΐ‹ζ‚‰~›“μ‚R’–Ϊ,94,0,0,0,4,0,1,1,2,0,24,0,0,0,0,0,0,0,24,52,0,1,19,1,1,0,0,0,0,21,9,14,2,0,0,0,12
™•ΐ‹ζ‚‰~›“μ‚S’–Ϊ,121,3,1,2,11,0,7,3,1,0,3,0,0,1,1,1,0,0,0,76,0,0,25,2,0,0,1,0,5,25,18,28,6,3,1,0,18
™•ΐ‹ζ‚‰~›“μ‚T’–Ϊ,35,0,0,0,1,0,0,1,0,0,11,0,0,0,0,0,0,0,11,16,0,1,11,0,0,0,0,0,0,0,4,7,4,1,0,0,2
™•ΐ‹ζa“c‚P’–Ϊ,31,0,0,0,4,0,4,0,0,0,0,0,0,0,0,0,0,0,0,20,1,1,7,1,0,0,0,0,0,1,9,7,5,0,0,0,2
™•ΐ‹ζa“c‚Q’–Ϊ,11,0,0,0,0,0,0,0,0,0,1,0,0,0,0,1,0,0,0,8,0,0,5,1,0,0,0,0,0,0,2,2,1,0,0,0,1
™•ΐ‹ζa“c‚R’–Ϊ,22,0,0,0,1,0,0,0,1,0,0,0,0,0,0,0,0,0,0,15,0,0,9,1,0,0,0,0,1,0,4,6,5,1,0,0,0
™•ΐ‹ζ•ϋ“μ‚P’–Ϊ,36,0,0,0,4,0,1,3,0,0,2,0,0,0,1,1,0,0,0,23,0,0,15,1,0,1,0,0,0,3,3,7,5,1,0,0,1
™•ΐ‹ζ•ϋ“μ‚Q’–Ϊ,33,0,0,0,7,0,6,1,0,0,0,0,0,0,0,0,0,0,0,20,0,0,8,2,0,0,0,0,0,7,3,6,0,0,0,0,6
™•ΐ‹ζaς‚P’–Ϊ,22,1,0,1,2,0,1,1,0,0,0,0,0,0,0,0,0,0,0,12,0,1,8,0,0,0,0,0,0,0,3,7,0,1,1,0,5
™•ΐ‹ζaς‚Q’–Ϊ,27,0,0,0,2,0,2,0,0,0,0,0,0,0,0,0,0,0,0,12,0,0,9,0,0,1,0,0,0,0,2,13,3,0,0,0,10
™•ΐ‹ζaς‚R’–Ϊ,20,1,1,0,0,0,0,0,0,0,0,0,0,0,0,0,0,0,0,12,0,0,10,0,0,1,0,0,0,1,0,7,3,0,0,0,4
™•ΐ‹ζaς‚S’–Ϊ,34,1,1,0,2,0,1,1,0,0,0,0,0,0,0,0,0,0,0,18,0,0,11,0,0,0,0,0,0,6,1,13,1,3,0,0,9
™•ΐ‹ζ–xƒm“ΰ‚P’–Ϊ,23,0,0,0,4,0,1,3,0,0,0,0,0,0,0,0,0,0,0,11,0,0,2,0,0,0,0,0,0,6,3,8,0,0,0,0,8
™•ΐ‹ζ–xƒm“ΰ‚Q’–Ϊ,15,1,0,1,0,0,0,0,0,0,2,0,0,0,0,1,0,0,1,4,0,0,3,0,0,0,0,0,0,0,1,8,1,0,0,0,7
™•ΐ‹ζ–xƒm“ΰ‚R’–Ϊ,20,0,0,0,4,0,1,1,2,0,1,0,0,0,0,1,0,0,0,9,0,0,7,0,0,0,0,0,0,1,1,6,5,1,0,0,0
™•ΐ‹ζΌƒm–Ψ‚P’–Ϊ,5,0,0,0,1,0,1,0,0,0,0,0,0,0,0,0,0,0,0,3,0,0,1,0,0,0,0,0,0,1,1,1,1,0,0,0,0
™•ΐ‹ζΌƒm–Ψ‚Q’–Ϊ,6,0,0,0,1,0,0,1,0,0,0,0,0,0,0,0,0,0,0,3,0,0,1,0,0,0,0,0,1,0,1,2,2,0,0,0,0
™•ΐ‹ζΌƒm–Ψ‚R’–Ϊ,6,0,0,0,0,0,0,0,0,0,0,0,0,0,0,0,0,0,0,4,0,0,2,0,0,0,0,0,0,1,1,2,1,1,0,0,0
™•ΐ‹ζ‘ε‹{‚P’–Ϊ,8,0,0,0,1,0,1,0,0,0,0,0,0,0,0,0,0,0,0,0,0,0,0,0,0,0,0,0,0,0,0,7,2,0,0,0,5
™•ΐ‹ζ‘ε‹{‚Q’–Ϊ,12,0,0,0,1,0,1,0,0,0,0,0,0,0,0,0,0,0,0,4,0,0,2,0,0,0,0,1,0,0,1,7,0,0,0,0,7
™•ΐ‹ζ”~—Ά‚P’–Ϊ,27,0,0,0,3,0,2,1,0,0,0,0,0,0,0,0,0,0,0,18,0,0,12,0,0,0,0,0,0,0,6,6,2,0,0,0,4
™•ΐ‹ζ”~—Ά‚Q’–Ϊ,11,0,0,0,0,0,0,0,0,0,0,0,0,0,0,0,0,0,0,7,0,0,5,0,0,0,0,0,0,0,2,4,2,2,0,0,0
™•ΐ‹ζ‹v‰δR‚P’–Ϊ,3,0,0,0,2,0,1,1,0,0,0,0,0,0,0,0,0,0,0,0,0,0,0,0,0,0,0,0,0,0,0,1,0,0,0,0,1
™•ΐ‹ζ‹v‰δR‚Q’–Ϊ,10,0,0,0,1,0,0,1,0,0,0,0,0,0,0,0,0,0,0,8,0,0,4,0,0,0,0,0,0,4,0,1,1,0,0,0,0
™•ΐ‹ζ‹v‰δR‚R’–Ϊ,23,0,0,0,2,0,2,0,0,0,1,0,0,0,0,1,0,0,0,12,0,0,11,0,0,0,0,0,0,0,1,8,4,0,0,0,4
™•ΐ‹ζ‹v‰δR‚S’–Ϊ,16,0,0,0,0,0,0,0,0,0,0,0,0,0,0,0,0,0,0,8,0,0,3,0,0,0,0,0,0,0,5,8,3,1,0,0,4
™•ΐ‹ζ‹v‰δR‚T’–Ϊ,15,0,0,0,0,0,0,0,0,0,1,0,0,0,0,0,0,0,1,13,0,0,8,0,0,0,0,0,0,0,5,1,1,0,0,0,0
™•ΐ‹ζ‚δΛΌ‚P’–Ϊ,14,0,0,0,3,0,2,1,0,0,0,0,0,0,0,0,0,0,0,7,0,0,5,0,0,0,0,0,1,0,1,4,2,0,0,0,2
™•ΐ‹ζ‚δΛΌ‚Q’–Ϊ,15,0,0,0,1,0,0,1,0,0,1,0,0,0,0,0,0,0,1,11,0,0,7,0,0,0,0,0,1,3,0,2,1,0,0,0,1
™•ΐ‹ζ‚δΛΌ‚R’–Ϊ,4,0,0,0,0,0,0,0,0,0,0,0,0,0,0,0,0,0,0,0,0,0,0,0,0,0,0,0,0,0,0,4,2,0,0,0,2
™•ΐ‹ζγ‚δΛ‚P’–Ϊ,35,0,0,0,1,0,1,0,0,0,0,0,0,0,0,0,0,0,0,24,0,0,13,1,0,0,0,0,0,7,3,10,2,0,0,0,8
™•ΐ‹ζγ‚δΛ‚Q’–Ϊ,12,0,0,0,1,0,1,0,0,0,0,0,0,0,0,0,0,0,0,8,0,0,8,0,0,0,0,0,0,0,0,3,3,0,0,0,0
™•ΐ‹ζγ‚δΛ‚R’–Ϊ,6,0,0,0,1,0,1,0,0,0,2,0,0,0,0,2,0,0,0,2,0,0,2,0,0,0,0,0,0,0,0,1,1,0,0,0,0
™•ΐ‹ζ‰i•‚P’–Ϊ,34,0,0,0,0,0,0,0,0,0,1,0,0,0,0,1,0,0,0,27,0,0,22,0,0,0,0,0,1,0,4,6,1,0,0,0,5
™•ΐ‹ζ‰i•‚Q’–Ϊ,21,1,1,0,0,0,0,0,0,0,1,0,0,0,0,1,0,0,0,13,0,0,7,1,0,0,0,0,0,4,1,6,0,1,0,0,5
™•ΐ‹ζ‰i•‚R’–Ϊ,25,0,0,0,1,0,0,1,0,0,2,0,0,0,0,1,0,0,1,20,0,0,15,0,0,0,0,0,0,1,4,2,0,1,0,0,1
™•ΐ‹ζ‰i•‚S’–Ϊ,15,0,0,0,2,0,2,0,0,0,0,0,0,0,0,0,0,0,0,11,0,0,5,1,0,0,0,0,0,2,3,2,1,0,0,0,1
™•ΐ‹ζ•l“cR‚P’–Ϊ,4,0,0,0,1,0,0,1,0,0,0,0,0,0,0,0,0,0,0,2,0,0,2,0,0,0,0,0,0,0,0,1,1,0,0,0,0
™•ΐ‹ζ•l“cR‚Q’–Ϊ,8,1,1,0,0,0,0,0,0,0,0,0,0,0,0,0,0,0,0,6,0,0,5,0,0,0,0,0,0,0,1,1,0,0,0,0,1
™•ΐ‹ζ•l“cR‚R’–Ϊ,33,0,0,0,2,0,1,1,0,0,0,0,0,0,0,0,0,0,0,23,0,0,10,0,0,0,0,0,0,10,3,8,3,1,0,0,4
™•ΐ‹ζ•l“cR‚S’–Ϊ,14,0,0,0,0,0,0,0,0,0,0,0,0,0,0,0,0,0,0,8,0,0,3,1,0,0,0,0,0,0,4,6,2,0,0,0,4
™•ΐ‹ζ‰Ί‚δΛ‚P’–Ϊ,20,0,0,0,1,0,0,1,0,0,0,0,0,0,0,0,0,0,0,12,0,0,6,0,0,0,0,0,1,0,5,7,3,1,0,0,3
™•ΐ‹ζ‰Ί‚δΛ‚Q’–Ϊ,10,0,0,0,0,0,0,0,0,0,0,0,0,0,0,0,0,0,0,6,0,0,5,0,0,0,0,0,0,0,1,4,0,0,0,0,4
™•ΐ‹ζ‰Ί‚δΛ‚R’–Ϊ,14,0,0,0,0,0,0,0,0,0,1,0,0,0,0,1,0,0,0,10,0,0,8,0,0,0,0,0,1,0,1,3,1,0,0,0,2
™•ΐ‹ζ‰Ί‚δΛ‚S’–Ϊ,13,0,0,0,1,0,0,1,0,0,1,0,0,0,0,0,0,0,1,6,0,0,4,0,0,0,0,0,0,1,1,5,2,0,0,0,3
™•ΐ‹ζ‰Ί‚δΛ‚T’–Ϊ,14,0,0,0,2,0,2,0,0,0,0,0,0,0,0,0,0,0,0,7,0,0,4,1,0,0,0,0,0,2,0,5,2,0,0,0,3
™•ΐ‹ζ‚δΛ“‚P’–Ϊ,3,0,0,0,1,0,0,1,0,0,0,0,0,0,0,0,0,0,0,0,0,0,0,0,0,0,0,0,0,0,0,2,2,0,0,0,0
™•ΐ‹ζ‚δΛ“‚Q’–Ϊ,14,0,0,0,1,0,1,0,0,0,8,0,0,8,0,0,0,0,0,2,0,0,1,1,0,0,0,0,0,0,0,3,1,0,0,0,2
™•ΐ‹ζ‚δΛ“‚R’–Ϊ,16,1,0,1,2,0,1,1,0,0,0,0,0,0,0,0,0,0,0,12,2,0,7,0,0,2,0,0,0,0,1,1,0,0,0,0,1
™•ΐ‹ζ‚δΛ“‚S’–Ϊ,12,0,0,0,2,0,2,0,0,0,0,0,0,0,0,0,0,0,0,10,0,0,6,3,0,0,0,0,0,1,0,0,0,0,0,0,0
™•ΐ‹ζ¬“c“‚P’–Ϊ,13,0,0,0,0,0,0,0,0,0,0,0,0,0,0,0,0,0,0,12,0,0,2,0,0,0,0,0,0,3,7,1,1,0,0,0,0
™•ΐ‹ζ¬“c“‚Q’–Ϊ,8,0,0,0,0,0,0,0,0,0,0,0,0,0,0,0,0,0,0,5,0,0,3,1,0,0,0,0,0,0,1,3,0,0,0,0,3
™•ΐ‹ζ¬“c“‚R’–Ϊ,14,0,0,0,1,0,1,0,0,0,1,0,1,0,0,0,0,0,0,7,0,0,4,0,0,0,0,0,1,0,2,5,3,0,0,0,2
™•ΐ‹ζ¬“c“‚S’–Ϊ,18,0,0,0,1,0,0,0,1,0,0,0,0,0,0,0,0,0,0,10,0,0,8,0,0,0,0,0,0,0,2,7,1,0,0,0,6
™•ΐ‹ζ¬“c“‚T’–Ϊ,22,0,0,0,0,0,0,0,0,0,0,0,0,0,0,0,0,0,0,15,0,0,7,1,0,0,0,0,0,4,3,7,1,3,0,0,3
™•ΐ‹ζ¬“cΌ‚P’–Ϊ,9,0,0,0,2,0,0,2,0,0,0,0,0,0,0,0,0,0,0,3,0,0,1,2,0,0,0,0,0,0,0,4,0,0,0,0,4
™•ΐ‹ζ¬“cΌ‚Q’–Ϊ,3,0,0,0,0,0,0,0,0,0,0,0,0,0,0,0,0,0,0,3,0,0,1,0,0,0,0,0,0,0,2,0,0,0,0,0,0
™•ΐ‹ζ¬“cΌ‚R’–Ϊ,3,0,0,0,0,0,0,0,0,0,0,0,0,0,0,0,0,0,0,2,0,0,2,0,0,0,0,0,0,0,0,1,1,0,0,0,0
™•ΐ‹ζ¬“cΌ‚S’–Ϊ,6,0,0,0,0,0,0,0,0,0,0,0,0,0,0,0,0,0,0,3,0,0,2,0,0,0,0,0,0,0,1,3,0,0,0,0,3
™•ΐ‹ζ‰¬E‚P’–Ϊ,9,0,0,0,0,0,0,0,0,0,0,0,0,0,0,0,0,0,0,6,0,0,6,0,0,0,0,0,0,0,0,3,1,0,0,0,2
™•ΐ‹ζ‰¬E‚Q’–Ϊ,12,0,0,0,1,0,0,1,0,0,1,0,0,0,0,1,0,0,0,10,0,0,6,0,0,1,0,0,0,0,3,0,0,0,0,0,0
™•ΐ‹ζ‰¬E‚R’–Ϊ,10,0,0,0,0,0,0,0,0,0,1,0,0,0,0,1,0,0,0,4,0,1,2,0,0,0,0,0,0,0,1,5,3,0,0,0,2
™•ΐ‹ζ‰¬E‚S’–Ϊ,21,0,0,0,0,0,0,0,0,0,1,0,0,0,1,0,0,0,0,8,0,1,4,1,0,0,0,0,0,1,1,12,4,1,1,0,6
™•ΐ‹ζ‰¬E‚T’–Ϊ,42,0,0,0,3,0,2,1,0,0,0,0,0,0,0,0,0,0,0,29,0,0,10,1,0,0,0,0,2,5,11,10,3,1,0,0,6
™•ΐ‹ζ“μ‰¬E‚P’–Ϊ,10,0,0,0,0,0,0,0,0,0,1,0,0,0,0,1,0,0,0,6,0,0,4,0,0,0,0,0,0,0,2,3,2,0,0,0,1
™•ΐ‹ζ“μ‰¬E‚Q’–Ϊ,1,0,0,0,0,0,0,0,0,0,1,0,0,0,0,0,0,0,1,0,0,0,0,0,0,0,0,0,0,0,0,0,0,0,0,0,0
™•ΐ‹ζ“μ‰¬E‚R’–Ϊ,5,0,0,0,1,0,1,0,0,0,0,0,0,0,0,0,0,0,0,2,0,0,1,0,0,0,0,0,0,0,1,2,1,0,0,0,1
™•ΐ‹ζ“μ‰¬E‚S’–Ϊ,5,0,0,0,2,0,2,0,0,0,0,0,0,0,0,0,0,0,0,0,0,0,0,0,0,0,0,0,0,0,0,3,1,0,0,0,2
™•ΐ‹ζΌ‰¬“μ‚P’–Ϊ,3,0,0,0,0,0,0,0,0,0,0,0,0,0,0,0,0,0,0,2,1,0,0,0,0,0,0,0,0,0,1,1,0,0,0,0,1
™•ΐ‹ζΌ‰¬“μ‚Q’–Ϊ,14,0,0,0,1,0,1,0,0,0,0,0,0,0,0,0,0,0,0,8,0,0,5,0,0,0,0,0,0,0,3,5,1,1,0,0,3
™•ΐ‹ζΌ‰¬“μ‚R’–Ϊ,56,1,1,0,7,0,5,2,0,0,0,0,0,0,0,0,0,0,0,38,0,0,9,1,0,0,0,0,0,18,10,10,2,2,0,0,6
™•ΐ‹ζΌ‰¬“μ‚S’–Ϊ,10,0,0,0,1,0,1,0,0,0,0,0,0,0,0,0,0,0,0,5,0,0,2,0,0,0,0,0,0,1,2,4,3,0,0,0,1
™•ΐ‹ζΌΑ‚P’–Ϊ,8,0,0,0,1,0,0,1,0,0,1,0,0,0,0,0,0,0,1,5,0,0,5,0,0,0,0,0,0,0,0,1,0,0,0,0,1
™•ΐ‹ζΌΑ‚Q’–Ϊ,7,0,0,0,1,0,1,0,0,0,0,0,0,0,0,0,0,0,0,4,0,0,3,0,0,0,0,0,0,1,0,2,2,0,0,0,0
™•ΐ‹ζΌΑ‚R’–Ϊ,21,0,0,0,3,0,2,1,0,0,0,0,0,0,0,0,0,0,0,12,0,1,7,2,0,0,0,1,0,1,0,6,2,1,0,0,3
™•ΐ‹ζ‹{‘O‚P’–Ϊ,8,0,0,0,1,0,1,0,0,0,0,0,0,0,0,0,0,0,0,3,0,0,3,0,0,0,0,0,0,0,0,4,0,1,0,0,3
™•ΐ‹ζ‹{‘O‚Q’–Ϊ,9,0,0,0,1,0,1,0,0,0,0,0,0,0,0,0,0,0,0,6,0,0,3,0,0,0,0,0,0,1,2,2,0,0,0,0,2
™•ΐ‹ζ‹{‘O‚R’–Ϊ,10,0,0,0,2,0,0,2,0,0,0,0,0,0,0,0,0,0,0,7,0,0,4,0,0,0,0,0,0,0,3,1,0,0,0,0,1
™•ΐ‹ζ‹{‘O‚S’–Ϊ,9,1,1,0,0,0,0,0,0,0,0,0,0,0,0,0,0,0,0,6,0,0,5,0,0,0,0,0,0,0,1,2,2,0,0,0,0
™•ΐ‹ζ‹{‘O‚T’–Ϊ,15,0,0,0,3,0,2,1,0,0,1,0,0,0,0,0,0,0,1,5,0,0,4,1,0,0,0,0,0,0,0,6,1,0,0,0,5
™•ΐ‹ζv,2479,16,8,8,194,0,113,66,15,0,86,1,1,9,5,19,1,1,49,1506,4,11,806,41,1,8,5,4,27,263,336,677,222,52,7,0,396
–L“‡‹ζ‹ξ‚P’–Ϊ,28,0,0,0,5,0,1,3,1,0,0,0,0,0,0,0,0,0,0,20,0,0,11,1,0,0,0,0,0,6,2,3,2,0,0,0,1
–L“‡‹ζ‹ξ‚Q’–Ϊ,23,0,0,0,6,0,5,1,0,0,0,0,0,0,0,0,0,0,0,9,0,0,2,0,0,0,0,0,0,0,7,8,3,1,1,0,3
–L“‡‹ζ‹ξ‚R’–Ϊ,13,0,0,0,1,0,1,0,0,0,0,0,0,0,0,0,0,0,0,11,0,0,6,0,0,0,0,0,0,0,5,1,1,0,0,0,0
–L“‡‹ζ‹ξ‚S’–Ϊ,15,0,0,0,1,0,0,0,1,0,0,0,0,0,0,0,0,0,0,9,0,0,7,0,2,0,0,0,0,0,0,5,3,0,0,0,2
–L“‡‹ζ‹ξ‚T’–Ϊ,1,0,0,0,0,0,0,0,0,0,0,0,0,0,0,0,0,0,0,0,0,0,0,0,0,0,0,0,0,0,0,1,0,0,0,0,1
–L“‡‹ζ‹ξ‚U’–Ϊ,14,0,0,0,2,0,0,2,0,0,0,0,0,0,0,0,0,0,0,9,0,1,4,0,0,0,0,0,0,2,2,3,3,0,0,0,0
–L“‡‹ζ‹ξ‚V’–Ϊ,6,0,0,0,1,0,1,0,0,0,1,0,0,0,0,0,0,0,1,3,0,0,3,0,0,0,0,0,0,0,0,1,1,0,0,0,0
–L“‡‹ζ‘ƒ›‚P’–Ϊ,44,2,1,1,3,0,3,0,0,0,0,0,0,0,0,0,0,0,0,29,0,0,14,0,0,1,2,0,2,0,10,10,3,1,0,0,6
–L“‡‹ζ‘ƒ›‚Q’–Ϊ,55,1,0,1,5,0,3,2,0,0,0,0,0,0,0,0,0,0,0,36,0,0,5,0,0,0,0,0,0,17,14,13,5,2,0,0,6
–L“‡‹ζ‘ƒ›‚R’–Ϊ,45,0,0,0,6,0,4,2,0,0,0,0,0,0,0,0,0,0,0,29,0,1,13,2,0,0,0,0,0,2,11,10,6,1,0,0,3
–L“‡‹ζ‘ƒ›‚S’–Ϊ,39,1,0,1,1,0,1,0,0,0,0,0,0,0,0,0,0,0,0,26,0,0,20,0,0,0,0,0,0,1,5,11,5,2,0,0,4
–L“‡‹ζ‘ƒ›‚T’–Ϊ,13,0,0,0,1,0,0,1,0,0,0,0,0,0,0,0,0,0,0,7,0,0,6,0,0,0,0,0,0,0,1,5,4,0,0,0,1
–L“‡‹ζΌ‘ƒ›‚P’–Ϊ,28,0,0,0,1,0,0,0,1,0,0,0,0,0,0,0,0,0,0,22,0,0,19,1,0,0,0,0,0,0,2,5,2,0,0,0,3
–L“‡‹ζΌ‘ƒ›‚Q’–Ϊ,28,0,0,0,1,0,0,1,0,0,0,0,0,0,0,0,0,0,0,15,0,0,12,0,0,0,0,0,0,0,3,12,8,1,0,0,3
–L“‡‹ζΌ‘ƒ›‚R’–Ϊ,24,0,0,0,1,0,1,0,0,0,0,0,0,0,0,0,0,0,0,16,0,0,13,0,0,0,0,0,0,1,2,7,1,1,1,0,4
–L“‡‹ζΌ‘ƒ›‚S’–Ϊ,13,0,0,0,2,0,1,1,0,0,1,0,0,0,0,1,0,0,0,9,0,0,4,0,0,0,0,0,1,2,2,1,0,0,0,0,1
–L“‡‹ζ–k‘ε’Λ‚P’–Ϊ,25,0,0,0,5,0,1,2,2,0,0,0,0,0,0,0,0,0,0,15,0,0,7,0,0,0,0,0,0,1,7,5,4,0,0,0,1
–L“‡‹ζ–k‘ε’Λ‚Q’–Ϊ,95,2,1,1,17,0,7,8,0,2,1,0,0,0,0,1,0,0,0,40,1,0,17,1,0,0,0,1,1,8,11,35,8,2,1,0,24
–L“‡‹ζ–k‘ε’Λ‚R’–Ϊ,28,2,0,2,4,0,3,0,1,0,0,0,0,0,0,0,0,0,0,15,0,0,9,1,0,0,0,0,0,0,5,7,2,0,0,0,5
–L“‡‹ζ“μ‘ε’Λ‚P’–Ϊ,21,0,0,0,0,0,0,0,0,0,1,0,0,0,0,0,0,0,1,13,0,0,8,2,0,0,0,0,0,0,3,7,2,0,0,0,5
–L“‡‹ζ“μ‘ε’Λ‚Q’–Ϊ,39,3,1,2,3,0,1,1,0,1,1,0,0,0,1,0,0,0,0,16,0,0,7,0,0,0,0,0,0,5,4,16,11,0,0,0,5
–L“‡‹ζ“μ‘ε’Λ‚R’–Ϊ,108,0,0,0,12,0,9,3,0,0,3,0,0,0,0,1,0,0,2,44,0,0,13,0,0,0,1,0,1,12,17,49,7,4,0,0,38
–L“‡‹ζγ’r‘ά‚P’–Ϊ,34,0,0,0,5,0,4,1,0,0,0,0,0,0,0,0,0,0,0,20,0,0,10,2,0,0,0,0,1,0,7,9,4,1,0,0,4
–L“‡‹ζγ’r‘ά‚Q’–Ϊ,22,1,0,1,1,0,0,1,0,0,1,0,0,0,0,1,0,0,0,16,0,0,8,0,0,0,0,0,0,0,8,3,0,2,0,0,1
–L“‡‹ζγ’r‘ά‚R’–Ϊ,20,1,0,1,0,0,0,0,0,0,3,0,0,0,1,2,0,0,0,10,0,0,4,0,0,0,0,0,0,0,6,6,3,1,0,0,2
–L“‡‹ζγ’r‘ά‚S’–Ϊ,28,0,0,0,1,0,1,0,0,0,0,0,0,0,0,0,0,0,0,23,0,0,13,1,0,0,0,0,2,0,7,4,1,1,0,0,2
–L“‡‹ζ“’r‘ά‚P’–Ϊ,362,11,2,9,28,0,20,6,1,1,6,0,0,1,3,0,0,0,2,226,0,0,27,4,0,0,7,0,18,89,81,91,28,9,0,0,54
–L“‡‹ζ“’r‘ά‚Q’–Ϊ,50,0,0,0,6,0,0,1,5,0,0,0,0,0,0,0,0,0,0,27,0,1,16,1,0,0,0,0,0,0,9,17,3,0,0,0,14
–L“‡‹ζ“’r‘ά‚R’–Ϊ,120,1,0,1,7,0,4,3,0,0,2,1,0,0,0,0,0,0,1,81,0,0,7,0,0,5,1,0,0,51,17,29,8,4,1,0,16
–L“‡‹ζ“’r‘ά‚S’–Ϊ,44,1,0,1,4,0,2,1,1,0,1,0,0,0,0,1,0,0,0,29,1,0,3,2,0,0,0,0,1,16,6,9,3,0,0,0,6
–L“‡‹ζ“’r‘ά‚T’–Ϊ,24,1,1,0,3,0,3,0,0,0,0,0,0,0,0,0,0,0,0,12,0,0,6,0,0,0,0,0,0,0,6,8,2,0,0,0,6
–L“‡‹ζ“μ’r‘ά‚P’–Ϊ,506,5,3,2,66,0,49,15,1,1,1,0,0,0,0,1,0,0,0,351,0,1,14,2,0,0,18,3,7,178,128,83,11,6,2,0,64
–L“‡‹ζ“μ’r‘ά‚Q’–Ϊ,70,1,1,0,3,0,1,1,1,0,1,0,0,0,1,0,0,0,0,39,0,0,9,1,0,0,0,0,1,18,10,26,11,1,3,0,11
–L“‡‹ζ“μ’r‘ά‚R’–Ϊ,16,0,0,0,2,0,1,1,0,0,0,0,0,0,0,0,0,0,0,10,0,0,5,0,0,0,0,0,0,2,3,4,0,1,0,0,3
–L“‡‹ζ“μ’r‘ά‚S’–Ϊ,6,0,0,0,0,0,0,0,0,0,0,0,0,0,0,0,0,0,0,5,0,0,4,0,0,0,0,0,0,0,1,1,0,0,0,0,1
–L“‡‹ζGi‚ª’J‚P’–Ϊ,14,1,0,1,4,0,0,4,0,0,0,0,0,0,0,0,0,0,0,5,0,0,5,0,0,0,0,0,0,0,0,4,0,0,0,0,4
–L“‡‹ζGi‚ª’J‚Q’–Ϊ,11,0,0,0,1,0,1,0,0,0,0,0,0,0,0,0,0,0,0,7,0,0,2,0,0,0,0,0,0,1,4,3,1,2,0,0,0
–L“‡‹ζGi‚ª’J‚R’–Ϊ,14,1,0,1,0,0,0,0,0,0,1,0,0,0,0,1,0,0,0,8,0,0,7,0,0,0,0,0,0,0,1,4,1,1,0,0,2
–L“‡‹ζΌ’r‘ά‚P’–Ϊ,433,8,2,6,59,0,32,23,4,0,3,2,0,0,1,0,0,0,0,255,0,1,42,4,0,0,6,1,6,117,78,108,29,14,6,0,59
–L“‡‹ζΌ’r‘ά‚Q’–Ϊ,32,1,0,1,3,0,0,2,0,1,1,0,0,0,0,1,0,0,0,22,0,1,14,1,0,0,0,0,0,1,5,5,1,0,0,0,4
–L“‡‹ζΌ’r‘ά‚R’–Ϊ,92,2,0,2,8,0,5,3,0,0,7,0,0,0,5,1,0,0,1,45,1,0,19,1,0,0,0,0,0,8,16,30,6,3,0,0,21
–L“‡‹ζΌ’r‘ά‚S’–Ϊ,24,0,0,0,0,0,0,0,0,0,0,0,0,0,0,0,0,0,0,15,0,0,12,0,0,0,0,0,0,1,2,9,2,3,0,0,4
–L“‡‹ζΌ’r‘ά‚T’–Ϊ,37,1,1,0,3,0,3,0,0,0,0,0,0,0,0,0,0,0,0,24,0,2,17,0,0,0,0,0,0,1,4,9,4,0,2,0,3
–L“‡‹ζ‚“c‚P’–Ϊ,10,0,0,0,0,0,0,0,0,0,0,0,0,0,0,0,0,0,0,4,0,0,3,0,0,0,0,0,0,0,1,6,2,2,0,0,2
–L“‡‹ζ‚“c‚Q’–Ϊ,23,0,0,0,2,0,0,2,0,0,0,0,0,0,0,0,0,0,0,14,0,0,6,0,0,0,0,0,0,5,3,7,4,1,0,0,2
–L“‡‹ζ‚“c‚R’–Ϊ,21,0,0,0,1,0,0,1,0,0,0,0,0,0,0,0,0,0,0,14,0,0,7,1,0,0,0,1,1,1,3,6,1,2,0,0,3
–L“‡‹ζ–Ϊ”’‚P’–Ϊ,4,0,0,0,1,0,0,0,1,0,0,0,0,0,0,0,0,0,0,3,0,0,3,0,0,0,0,0,0,0,0,0,0,0,0,0,0
–L“‡‹ζ–Ϊ”’‚Q’–Ϊ,20,0,0,0,2,0,0,2,0,0,1,0,0,0,0,0,1,0,0,12,0,0,8,0,0,0,0,0,0,1,3,5,1,0,0,0,4
–L“‡‹ζ–Ϊ”’‚R’–Ϊ,37,0,0,0,0,0,0,0,0,0,0,0,0,0,0,0,0,0,0,24,0,0,4,1,0,0,1,0,2,7,9,13,6,0,0,0,7
–L“‡‹ζ–Ϊ”’‚S’–Ϊ,17,0,0,0,2,0,2,0,0,0,0,0,0,0,0,0,0,0,0,13,0,0,10,2,0,0,0,0,0,0,1,2,1,0,0,0,1
–L“‡‹ζ–Ϊ”’‚T’–Ϊ,20,1,0,1,0,0,0,0,0,0,0,0,0,0,0,0,0,0,0,11,0,0,7,1,0,0,0,0,1,0,2,8,2,3,0,0,3
–L“‡‹ζ“μ’·θ‚P’–Ϊ,17,0,0,0,0,0,0,0,0,0,0,0,0,0,0,0,0,0,0,12,0,0,9,0,0,0,0,0,0,0,3,5,0,3,0,0,2
–L“‡‹ζ“μ’·θ‚Q’–Ϊ,15,0,0,0,1,0,0,1,0,0,0,0,0,0,0,0,0,0,0,10,0,0,6,0,0,0,0,0,0,0,4,4,1,1,1,0,1
–L“‡‹ζ“μ’·θ‚R’–Ϊ,6,0,0,0,0,0,0,0,0,0,0,0,0,0,0,0,0,0,0,4,0,0,2,0,0,0,0,0,0,0,2,2,0,0,0,0,2
–L“‡‹ζ“μ’·θ‚S’–Ϊ,35,0,0,0,1,0,0,1,0,0,0,0,0,0,0,0,0,0,0,22,0,0,10,0,0,0,0,0,0,8,4,12,2,1,0,0,9
–L“‡‹ζ“μ’·θ‚T’–Ϊ,47,1,0,1,5,0,4,1,0,0,0,0,0,0,0,0,0,0,0,36,0,0,12,0,0,0,0,0,0,10,14,5,4,0,0,0,1
–L“‡‹ζ“μ’·θ‚U’–Ϊ,19,0,0,0,1,0,1,0,0,0,0,0,0,0,0,0,0,0,0,9,0,0,7,0,0,0,0,1,0,1,0,9,2,1,0,0,6
–L“‡‹ζ’·θ‚P’–Ϊ,22,0,0,0,3,0,2,1,0,0,0,0,0,0,0,0,0,0,0,10,0,0,3,1,1,0,0,0,1,0,4,9,1,1,1,0,6
–L“‡‹ζ’·θ‚Q’–Ϊ,28,1,1,0,1,0,1,0,0,0,1,0,0,0,1,0,0,0,0,21,0,0,13,2,0,0,0,0,0,3,3,4,3,0,0,0,1
–L“‡‹ζ’·θ‚R’–Ϊ,11,0,0,0,2,0,1,0,0,1,1,0,0,0,0,0,1,0,0,5,0,0,5,0,0,0,0,0,0,0,0,3,1,0,0,0,2
–L“‡‹ζ’·θ‚S’–Ϊ,15,0,0,0,2,0,2,0,0,0,0,0,0,0,0,0,0,0,0,11,0,1,5,0,0,0,0,0,0,3,2,2,1,0,0,0,1
–L“‡‹ζ’·θ‚T’–Ϊ,14,0,0,0,0,0,0,0,0,0,0,0,0,0,0,0,0,0,0,12,0,0,3,0,0,0,0,0,0,5,4,2,0,1,0,0,1
–L“‡‹ζ’·θ‚U’–Ϊ,7,0,0,0,1,0,1,0,0,0,0,0,0,0,0,0,0,0,0,4,0,0,2,0,0,0,0,0,0,0,2,2,1,0,0,0,1
–L“‡‹ζ’r‘ά–{’¬‚P’–Ϊ,29,1,0,1,2,0,1,1,0,0,2,0,0,0,0,1,0,1,0,20,0,0,13,1,0,0,0,0,0,3,3,4,1,0,0,0,3
–L“‡‹ζ’r‘ά–{’¬‚Q’–Ϊ,31,0,0,0,2,0,1,0,0,1,1,0,0,0,0,1,0,0,0,18,0,2,11,0,0,0,0,0,0,1,4,10,2,3,0,0,5
–L“‡‹ζ’r‘ά–{’¬‚R’–Ϊ,12,0,0,0,0,0,0,0,0,0,1,0,0,0,0,0,0,0,1,8,0,0,4,0,0,0,0,0,0,0,4,3,2,0,0,0,1
–L“‡‹ζ’r‘ά–{’¬‚S’–Ϊ,19,0,0,0,0,0,0,0,0,0,1,0,0,0,0,1,0,0,0,12,0,0,5,0,0,0,0,0,0,0,7,6,5,0,0,0,1
–L“‡‹ζ’r‘ά‚P’–Ϊ,60,7,0,7,10,0,6,3,1,0,1,0,0,0,0,0,1,0,0,32,0,0,11,0,0,0,1,0,0,4,16,10,3,2,0,0,5
–L“‡‹ζ’r‘ά‚Q’–Ϊ,224,14,6,8,23,0,10,7,2,4,7,0,0,1,1,1,0,2,2,133,0,1,62,4,0,0,0,0,0,7,59,47,11,2,2,0,32
–L“‡‹ζ’r‘ά‚R’–Ϊ,47,0,0,0,3,0,1,1,1,0,1,0,0,0,1,0,0,0,0,31,0,0,16,0,0,0,0,0,0,8,7,12,7,2,0,0,3
–L“‡‹ζ’r‘ά‚S’–Ϊ,28,0,0,0,2,0,1,1,0,0,0,0,0,0,0,0,0,0,0,19,0,0,12,1,0,0,0,0,0,1,5,7,2,1,0,0,4
–L“‡‹ζη‘‚P’–Ϊ,19,0,0,0,0,0,0,0,0,0,0,0,0,0,0,0,0,0,0,13,1,0,3,0,0,0,0,0,0,6,3,6,1,0,0,0,5
–L“‡‹ζη‘‚Q’–Ϊ,12,0,0,0,0,0,0,0,0,0,0,0,0,0,0,0,0,0,0,9,0,0,8,0,0,0,0,0,0,0,1,3,0,0,0,0,3
–L“‡‹ζη‘‚R’–Ϊ,5,1,0,1,0,0,0,0,0,0,0,0,0,0,0,0,0,0,0,4,0,0,2,0,0,0,0,0,0,0,2,0,0,0,0,0,0
–L“‡‹ζη‘‚S’–Ϊ,15,0,0,0,0,0,0,0,0,0,1,0,0,0,0,0,1,0,0,6,0,0,3,0,0,0,0,0,0,1,2,8,2,0,0,0,6
–L“‡‹ζ—v’¬‚P’–Ϊ,56,2,1,1,6,0,4,0,2,0,1,0,0,0,1,0,0,0,0,38,0,0,23,0,0,0,0,0,0,5,10,9,4,2,0,0,3
–L“‡‹ζ—v’¬‚Q’–Ϊ,14,0,0,0,0,0,0,0,0,0,0,0,0,0,0,0,0,0,0,9,0,0,5,1,0,0,0,0,0,1,2,5,2,0,0,0,3
–L“‡‹ζ—v’¬‚R’–Ϊ,60,0,0,0,8,0,5,3,0,0,4,0,0,0,1,0,0,0,3,40,0,1,22,0,0,0,0,0,0,12,5,8,2,0,0,0,6
–L“‡‹ζ‚Ό‚P’–Ϊ,17,4,0,4,1,0,1,0,0,0,0,0,0,0,0,0,0,0,0,8,0,0,5,1,0,0,0,0,0,0,2,4,1,0,0,0,3
–L“‡‹ζ‚Ό‚Q’–Ϊ,10,0,0,0,0,0,0,0,0,0,1,0,0,0,0,1,0,0,0,5,0,0,5,0,0,0,0,0,0,0,0,4,2,1,0,0,1
–L“‡‹ζ‚Ό‚R’–Ϊ,7,0,0,0,0,0,0,0,0,0,0,0,0,0,0,0,0,0,0,3,0,0,1,1,0,0,0,0,0,1,0,4,0,0,0,0,4
–L“‡‹ζημ‚P’–Ϊ,7,0,0,0,0,0,0,0,0,0,0,0,0,0,0,0,0,0,0,5,0,0,4,1,0,0,0,0,0,0,0,2,2,0,0,0,0
–L“‡‹ζημ‚Q’–Ϊ,5,0,0,0,0,0,0,0,0,0,0,0,0,0,0,0,0,0,0,4,0,0,3,1,0,0,0,0,0,0,0,1,0,0,0,0,1
–L“‡‹ζΘ‰Ί•sΪ,1,0,0,0,0,0,0,0,0,0,0,0,0,0,0,0,0,0,0,0,0,0,0,0,0,0,0,0,0,0,0,1,0,0,0,0,1
–L“‡‹ζv,3730,79,21,58,364,0,212,114,26,12,59,3,0,2,17,16,4,3,14,2291,4,13,787,46,3,6,37,7,46,634,708,937,281,93,21,0,542
–k‹ζ‰¤q‚P’–Ϊ,133,1,0,1,15,0,9,2,4,0,1,0,0,0,0,0,0,1,0,88,0,3,36,2,0,0,1,0,4,13,29,28,6,1,0,0,21
–k‹ζ‰¤q‚Q’–Ϊ,20,0,0,0,0,0,0,0,0,0,1,0,0,0,1,0,0,0,0,14,0,0,9,0,0,2,0,0,0,3,0,5,4,0,0,0,1
–k‹ζ‰¤q‚R’–Ϊ,12,0,0,0,0,0,0,0,0,0,0,0,0,0,0,0,0,0,0,9,1,0,5,0,0,0,0,0,0,0,3,3,1,0,0,0,2
–k‹ζ‰¤q‚S’–Ϊ,11,0,0,0,0,0,0,0,0,0,0,0,0,0,0,0,0,0,0,5,0,0,1,0,0,1,0,0,0,0,3,6,2,0,0,0,4
–k‹ζ‰¤q‚T’–Ϊ,70,0,0,0,3,0,1,2,0,0,1,0,0,0,0,0,0,0,1,50,1,0,22,3,0,0,0,0,2,8,14,16,8,3,0,0,5
–k‹ζ‰¤q‚U’–Ϊ,17,0,0,0,1,0,1,0,0,0,0,0,0,0,0,0,0,0,0,13,0,1,5,1,0,0,0,0,0,4,2,3,1,1,0,0,1
–k‹ζ‰¤q–{’¬‚P’–Ϊ,13,0,0,0,3,0,2,1,0,0,0,0,0,0,0,0,0,0,0,4,0,0,3,0,0,0,0,0,0,0,1,6,6,0,0,0,0
–k‹ζ‰¤q–{’¬‚Q’–Ϊ,10,0,0,0,0,0,0,0,0,0,0,0,0,0,0,0,0,0,0,4,0,0,0,0,0,0,0,0,0,1,3,6,3,2,0,0,1
–k‹ζ‰¤q–{’¬‚R’–Ϊ,8,0,0,0,0,0,0,0,0,0,0,0,0,0,0,0,0,0,0,7,0,0,3,2,0,0,0,0,0,0,2,1,1,0,0,0,0
–k‹ζέ’¬‚P’–Ϊ,8,0,0,0,0,0,0,0,0,0,0,0,0,0,0,0,0,0,0,2,0,0,1,0,0,0,0,0,0,0,1,6,3,0,0,0,3
–k‹ζέ’¬‚Q’–Ϊ,11,1,1,0,0,0,0,0,0,0,0,0,0,0,0,0,0,0,0,4,0,0,1,0,0,0,0,0,0,0,3,6,1,0,0,0,5
–k‹ζγ\π‚P’–Ϊ,27,1,0,1,7,0,5,2,0,0,1,0,0,0,1,0,0,0,0,8,0,0,2,1,0,0,1,0,0,0,4,10,6,0,0,0,4
–k‹ζγ\π‚Q’–Ϊ,31,0,0,0,1,0,1,0,0,0,0,0,0,0,0,0,0,0,0,24,0,1,15,1,0,0,1,0,0,1,5,6,0,2,0,0,4
–k‹ζγ\π‚R’–Ϊ,17,0,0,0,0,0,0,0,0,0,0,0,0,0,0,0,0,0,0,12,0,0,6,0,0,2,0,0,0,3,1,5,4,0,0,0,1
–k‹ζγ\π‚S’–Ϊ,17,0,0,0,2,0,0,2,0,0,0,0,0,0,0,0,0,0,0,10,1,0,7,0,0,0,0,0,0,0,2,5,2,0,0,0,3
–k‹ζγ\π‚T’–Ϊ,17,0,0,0,2,0,0,1,1,0,0,0,0,0,0,0,0,0,0,11,1,0,4,0,0,0,0,0,0,1,5,4,3,0,0,0,1
–k‹ζ’†\π‚P’–Ϊ,13,0,0,0,2,0,0,2,0,0,0,0,0,0,0,0,0,0,0,8,0,0,7,0,0,0,0,0,0,0,1,3,1,0,0,0,2
–k‹ζ’†\π‚Q’–Ϊ,18,0,0,0,3,0,1,2,0,0,0,0,0,0,0,0,0,0,0,12,0,2,3,1,0,0,0,0,0,2,4,3,1,2,0,0,0
–k‹ζ’†\π‚R’–Ϊ,12,0,0,0,1,0,1,0,0,0,1,0,0,0,0,0,0,0,1,8,0,0,5,1,1,1,0,0,0,0,0,2,1,0,0,0,1
–k‹ζ’†\π‚S’–Ϊ,3,0,0,0,1,0,0,1,0,0,2,0,0,0,0,1,0,0,1,0,0,0,0,0,0,0,0,0,0,0,0,0,0,0,0,0,0
–k‹ζ“\π‚P’–Ϊ,12,0,0,0,2,0,1,1,0,0,1,0,0,0,1,0,0,0,0,5,0,0,2,0,0,0,0,0,0,0,3,4,1,0,0,0,3
–k‹ζ“\π‚Q’–Ϊ,12,0,0,0,1,0,1,0,0,0,0,0,0,0,0,0,0,0,0,7,0,0,4,0,0,0,0,0,0,0,3,4,0,0,0,0,4
–k‹ζ“\π‚R’–Ϊ,34,0,0,0,4,0,2,2,0,0,1,0,0,0,0,0,0,1,0,24,0,0,2,0,1,1,0,0,1,8,11,5,3,0,0,0,2
–k‹ζ“\π‚S’–Ϊ,26,0,0,0,2,0,1,1,0,0,1,0,0,0,0,0,0,0,1,21,0,0,10,0,0,1,0,0,1,4,5,2,0,0,0,0,2
–k‹ζ“\π‚T’–Ϊ,9,0,0,0,1,0,1,0,0,0,0,0,0,0,0,0,0,0,0,8,0,1,3,0,0,0,0,0,0,4,0,0,0,0,0,0,0
–k‹ζ“\π‚U’–Ϊ,13,0,0,0,0,0,0,0,0,0,1,0,0,0,0,1,0,0,0,11,0,0,8,0,0,0,0,0,0,2,1,1,0,0,0,0,1
–k‹ζ\π‘δ‚P’–Ϊ,5,0,0,0,0,0,0,0,0,0,0,0,0,0,0,0,0,0,0,4,0,0,4,0,0,0,0,0,0,0,0,1,1,0,0,0,0
–k‹ζ\π‘δ‚Q’–Ϊ,1,0,0,0,0,0,0,0,0,0,0,0,0,0,0,0,0,0,0,1,0,0,1,0,0,0,0,0,0,0,0,0,0,0,0,0,0
–k‹ζ\π’‡΄‚P’–Ϊ,12,0,0,0,2,0,2,0,0,0,0,0,0,0,0,0,0,0,0,9,0,0,4,1,0,0,0,0,1,2,1,1,0,0,0,0,1
–k‹ζ\π’‡΄‚Q’–Ϊ,9,0,0,0,1,0,1,0,0,0,0,0,0,0,0,0,0,0,0,6,0,0,3,0,0,0,0,0,0,2,1,2,1,1,0,0,0
–k‹ζ\π’‡΄‚R’–Ϊ,18,2,0,2,2,0,1,1,0,0,0,0,0,0,0,0,0,0,0,9,0,0,5,0,0,0,0,0,0,1,3,5,1,2,0,0,2
–k‹ζ\π’‡΄‚S’–Ϊ,8,0,0,0,1,0,0,0,1,0,2,0,0,0,0,1,1,0,0,3,0,0,0,0,0,0,0,0,0,0,3,2,0,0,0,0,2
–k‹ζ–L“‡‚P’–Ϊ,19,0,0,0,0,0,0,0,0,0,0,0,0,0,0,0,0,0,0,15,0,0,5,0,0,0,0,0,0,1,9,4,3,1,0,0,0
–k‹ζ–L“‡‚Q’–Ϊ,7,0,0,0,0,0,0,0,0,0,0,0,0,0,0,0,0,0,0,5,0,0,0,2,0,1,0,0,0,1,1,2,1,0,0,0,1
–k‹ζ–L“‡‚R’–Ϊ,10,0,0,0,1,0,1,0,0,0,1,0,0,0,0,0,0,0,1,6,0,0,4,1,0,0,0,0,0,0,1,2,1,1,0,0,0
–k‹ζ–L“‡‚S’–Ϊ,19,0,0,0,2,0,2,0,0,0,1,0,0,0,1,0,0,0,0,13,0,0,5,1,0,0,0,0,0,5,2,3,3,0,0,0,0
–k‹ζ–L“‡‚T’–Ϊ,60,0,0,0,1,0,1,0,0,0,2,0,0,0,0,1,0,0,1,48,1,7,28,1,0,0,0,0,0,2,9,9,5,0,0,0,4
–k‹ζ–L“‡‚U’–Ϊ,7,0,0,0,0,0,0,0,0,0,0,0,0,0,0,0,0,0,0,5,0,0,4,0,0,0,0,0,0,0,1,2,1,1,0,0,0
–k‹ζ–L“‡‚V’–Ϊ,4,0,0,0,0,0,0,0,0,0,0,0,0,0,0,0,0,0,0,3,0,0,0,0,0,0,0,0,0,1,2,1,1,0,0,0,0
–k‹ζ–L“‡‚W’–Ϊ,12,0,0,0,1,0,1,0,0,0,0,0,0,0,0,0,0,0,0,8,1,1,4,0,0,0,0,0,0,0,2,3,1,0,0,0,2
–k‹ζ–x‘D‚P’–Ϊ,19,0,0,0,0,0,0,0,0,0,0,0,0,0,0,0,0,0,0,11,0,1,4,0,0,0,0,0,0,4,2,8,4,0,0,0,4
–k‹ζ–x‘D‚Q’–Ϊ,15,0,0,0,1,0,1,0,0,0,0,0,0,0,0,0,0,0,0,9,0,0,5,0,0,0,0,0,0,0,4,5,1,0,0,0,4
–k‹ζ–x‘D‚R’–Ϊ,17,0,0,0,2,0,1,0,1,0,0,0,0,0,0,0,0,0,0,8,0,0,2,0,0,0,0,0,0,4,2,7,0,0,0,0,7
–k‹ζ–x‘D‚S’–Ϊ,5,0,0,0,1,0,1,0,0,0,0,0,0,0,0,0,0,0,0,2,0,0,2,0,0,0,0,0,0,0,0,2,0,0,0,0,2
–k‹ζ_’J‚P’–Ϊ,26,1,0,1,0,0,0,0,0,0,1,0,0,0,1,0,0,0,0,18,1,2,8,1,0,0,0,0,0,0,6,6,5,0,0,0,1
–k‹ζ_’J‚Q’–Ϊ,23,0,0,0,2,0,1,1,0,0,2,0,0,0,0,0,0,0,2,15,0,1,5,6,0,0,0,0,0,0,3,4,1,0,0,0,3
–k‹ζ_’J‚R’–Ϊ,56,1,0,1,2,0,1,0,1,0,5,0,0,0,1,1,0,0,3,19,0,0,10,0,0,0,0,0,0,5,4,29,26,1,0,0,2
–k‹ζu–Ξ‚P’–Ϊ,20,0,0,0,1,0,0,1,0,0,0,0,0,0,0,0,0,0,0,16,1,0,10,0,0,0,0,0,0,3,2,3,1,0,0,0,2
–k‹ζu–Ξ‚Q’–Ϊ,24,0,0,0,1,0,1,0,0,0,1,0,0,0,0,1,0,0,0,18,0,0,12,0,0,1,0,0,0,1,4,4,1,0,0,0,3
–k‹ζu–Ξ‚R’–Ϊ,18,0,0,0,1,0,0,0,1,0,0,0,0,0,0,0,0,0,0,13,0,1,11,0,0,0,0,0,0,0,1,4,3,0,0,0,1
–k‹ζu–Ξ‚S’–Ϊ,26,0,0,0,3,0,1,1,1,0,2,0,0,0,0,1,0,0,1,15,0,0,6,1,0,0,0,0,0,0,8,6,1,0,0,0,5
–k‹ζu–Ξ‚T’–Ϊ,24,0,0,0,1,0,1,0,0,0,0,0,0,0,0,0,0,0,0,20,0,0,13,0,0,0,0,0,0,0,7,3,0,1,0,0,2
–k‹ζΌ‚ª‹u‚P’–Ϊ,8,0,0,0,0,0,0,0,0,0,0,0,0,0,0,0,0,0,0,4,0,0,2,1,0,0,0,0,0,0,1,4,2,1,0,0,1
–k‹ζΌ‚ª‹u‚Q’–Ϊ,7,0,0,0,0,0,0,0,0,0,1,0,0,0,0,0,0,1,0,4,0,0,2,0,0,0,0,0,0,0,2,2,2,0,0,0,0
–k‹ζΌ‚ª‹u‚R’–Ϊ,12,1,1,0,1,0,0,1,0,0,0,0,0,0,0,0,0,0,0,7,0,0,5,1,0,0,0,0,0,0,1,3,2,0,0,0,1
–k‹ζ‹ΛƒP‹u‚P’–Ϊ,18,1,0,1,1,0,0,0,1,0,0,0,0,0,0,0,0,0,0,10,0,1,4,0,0,0,0,0,0,0,5,6,2,0,0,0,4
–k‹ζ‹ΛƒP‹u‚Q’–Ϊ,1,0,0,0,0,0,0,0,0,0,0,0,0,0,0,0,0,0,0,1,0,0,0,0,0,1,0,0,0,0,0,0,0,0,0,0,0
–k‹ζΤ‰H‘δ‚P’–Ϊ,16,0,0,0,0,0,0,0,0,0,0,0,0,0,0,0,0,0,0,15,0,2,10,0,0,0,0,0,0,2,1,1,0,0,0,0,1
–k‹ζΤ‰H‘δ‚Q’–Ϊ,15,0,0,0,0,0,0,0,0,0,0,0,0,0,0,0,0,0,0,10,0,1,9,0,0,0,0,0,0,0,0,5,2,0,0,0,3
–k‹ζΤ‰H‘δ‚R’–Ϊ,4,0,0,0,0,0,0,0,0,0,0,0,0,0,0,0,0,0,0,4,0,0,3,0,0,0,0,0,0,0,1,0,0,0,0,0,0
–k‹ζΤ‰H‘δ‚S’–Ϊ,3,0,0,0,0,0,0,0,0,0,0,0,0,0,0,0,0,0,0,1,0,0,0,0,0,0,0,0,0,1,0,2,1,1,0,0,0
–k‹ζΤ‰HΌ‚P’–Ϊ,61,1,1,0,1,0,1,0,0,0,0,0,0,0,0,0,0,0,0,46,0,0,12,2,0,1,1,0,1,21,8,13,5,1,1,0,6
–k‹ζΤ‰HΌ‚Q’–Ϊ,6,0,0,0,1,0,1,0,0,0,0,0,0,0,0,0,0,0,0,3,0,0,1,2,0,0,0,0,0,0,0,2,1,0,0,0,1
–k‹ζΤ‰HΌ‚R’–Ϊ,7,0,0,0,1,0,0,1,0,0,0,0,0,0,0,0,0,0,0,4,0,0,3,0,0,1,0,0,0,0,0,2,1,0,0,0,1
–k‹ζΤ‰HΌ‚S’–Ϊ,8,0,0,0,0,0,0,0,0,0,0,0,0,0,0,0,0,0,0,5,0,0,4,0,0,0,0,0,0,0,1,3,1,1,0,0,1
–k‹ζΤ‰HΌ‚T’–Ϊ,13,0,0,0,1,0,1,0,0,0,0,0,0,0,0,0,0,0,0,11,0,0,3,0,0,0,0,1,0,3,4,1,0,0,0,0,1
–k‹ζΤ‰HΌ‚U’–Ϊ,19,0,0,0,1,0,0,1,0,0,0,0,0,0,0,0,0,0,0,15,0,0,7,1,0,0,0,0,0,0,7,3,1,1,0,0,1
–k‹ζΤ‰H–k‚P’–Ϊ,7,0,0,0,1,0,1,0,0,0,0,0,0,0,0,0,0,0,0,3,0,1,2,0,0,0,0,0,0,0,0,3,1,0,0,0,2
–k‹ζΤ‰H–k‚Q’–Ϊ,37,0,0,0,1,0,1,0,0,0,0,0,0,0,0,0,0,0,0,22,0,3,12,0,0,0,0,0,0,2,5,14,4,1,0,0,9
–k‹ζΤ‰H–k‚R’–Ϊ,17,0,0,0,1,0,0,1,0,0,0,0,0,0,0,0,0,0,0,13,0,2,9,0,0,0,0,0,0,0,2,3,2,0,0,0,1
–k‹ζ•‚Τ‚P’–Ϊ,13,1,1,0,0,0,0,0,0,0,1,0,0,0,0,1,0,0,0,7,0,0,6,0,0,0,0,0,0,1,0,4,0,1,0,0,3
–k‹ζ•‚Τ‚Q’–Ϊ,12,0,0,0,0,0,0,0,0,0,0,0,0,0,0,0,0,0,0,10,0,0,5,0,0,0,0,0,0,3,2,2,1,1,0,0,0
–k‹ζ•‚Τ‚R’–Ϊ,40,0,0,0,2,0,1,1,0,0,0,0,0,0,0,0,0,0,0,20,0,0,11,0,0,0,0,0,0,2,7,18,5,2,0,0,11
–k‹ζ•‚Τ‚S’–Ϊ,9,0,0,0,2,0,1,1,0,0,0,0,0,0,0,0,0,0,0,5,0,0,5,0,0,0,0,0,0,0,0,2,0,1,0,0,1
–k‹ζ•‚Τ‚T’–Ϊ,6,0,0,0,0,0,0,0,0,0,0,0,0,0,0,0,0,0,0,4,0,1,1,0,0,0,0,0,0,0,2,2,1,0,0,0,1
–k‹ζβ•£’¬,37,1,0,1,3,0,0,2,1,0,0,0,0,0,0,0,0,0,0,26,0,1,11,0,0,0,0,0,0,1,13,7,3,0,0,0,4
–k‹ζ‘κ–μμ‚P’–Ϊ,19,0,0,0,3,0,2,0,0,1,0,0,0,0,0,0,0,0,0,10,0,1,5,1,1,0,0,0,0,0,2,6,4,0,0,0,2
–k‹ζ‘κ–μμ‚Q’–Ϊ,13,0,0,0,1,0,1,0,0,0,0,0,0,0,0,0,0,0,0,8,0,0,6,1,0,0,0,0,0,0,1,4,2,0,0,0,2
–k‹ζ‘κ–μμ‚R’–Ϊ,26,0,0,0,2,0,2,0,0,0,0,0,0,0,0,0,0,0,0,12,0,0,5,1,0,0,0,0,0,0,6,12,6,0,1,0,5
–k‹ζ‘κ–μμ‚S’–Ϊ,9,0,0,0,0,0,0,0,0,0,0,0,0,0,0,0,0,0,0,7,1,0,3,2,0,0,0,1,0,0,0,2,1,0,0,0,1
–k‹ζ‘κ–μμ‚T’–Ϊ,10,0,0,0,1,0,0,1,0,0,0,0,0,0,0,0,0,0,0,5,0,0,4,0,0,0,0,0,0,0,1,4,3,0,0,0,1
–k‹ζ‘κ–μμ‚U’–Ϊ,33,0,0,0,2,0,0,1,1,0,0,0,0,0,0,0,0,0,0,25,0,0,17,0,0,0,0,0,0,6,2,6,5,0,0,0,1
–k‹ζ‘κ–μμ‚V’–Ϊ,40,0,0,0,0,0,0,0,0,0,0,0,0,0,0,0,0,0,0,31,0,0,19,0,0,0,0,0,0,6,6,9,6,0,1,0,2
–k‹ζΌƒP΄‚P’–Ϊ,28,0,0,0,2,0,1,1,0,0,2,0,0,0,1,1,0,0,0,13,0,0,8,1,0,1,0,0,0,0,3,11,9,0,0,0,2
–k‹ζΌƒP΄‚Q’–Ϊ,16,0,0,0,3,0,1,1,1,0,0,0,0,0,0,0,0,0,0,8,0,0,2,1,0,0,0,0,0,4,1,5,4,0,0,0,1
–k‹ζΌƒP΄‚R’–Ϊ,12,0,0,0,0,0,0,0,0,0,1,0,0,0,0,1,0,0,0,4,0,0,3,0,0,0,0,0,0,0,1,7,6,0,0,0,1
–k‹ζΌƒP΄‚S’–Ϊ,12,0,0,0,1,0,1,0,0,0,0,0,0,0,0,0,0,0,0,9,0,0,5,1,0,0,0,0,0,0,3,2,1,0,0,0,1
–k‹ζγ’†—Ά‚P’–Ϊ,11,0,0,0,1,0,1,0,0,0,3,0,0,0,0,0,3,0,0,3,0,0,1,0,0,0,0,0,0,0,2,4,3,0,0,0,1
–k‹ζγ’†—Ά‚Q’–Ϊ,7,0,0,0,1,0,1,0,0,0,0,0,0,0,0,0,0,0,0,2,0,0,1,0,0,0,0,0,0,0,1,4,1,0,0,0,3
–k‹ζγ’†—Ά‚R’–Ϊ,9,0,0,0,2,0,2,0,0,0,1,0,0,0,0,1,0,0,0,5,0,0,0,1,0,0,0,0,0,1,3,1,0,0,0,0,1
–k‹ζΊa’¬‚P’–Ϊ,9,0,0,0,1,0,1,0,0,0,1,0,0,0,1,0,0,0,0,6,0,0,3,0,0,0,1,0,1,0,1,1,1,0,0,0,0
–k‹ζΊa’¬‚Q’–Ϊ,12,0,0,0,0,0,0,0,0,0,0,0,0,0,0,0,0,0,0,10,0,0,5,0,0,1,0,0,0,0,4,2,1,0,1,0,0
–k‹ζΊa’¬‚R’–Ϊ,2,0,0,0,0,0,0,0,0,0,0,0,0,0,0,0,0,0,0,1,0,0,0,0,0,0,0,0,0,0,1,1,0,0,0,0,1
–k‹ζ‰h’¬,9,0,0,0,0,0,0,0,0,0,1,0,0,0,0,0,0,0,1,5,0,0,3,0,0,0,0,0,0,0,2,3,3,0,0,0,0
–k‹ζ“c’[V’¬‚P’–Ϊ,13,0,0,0,2,0,2,0,0,0,0,0,0,0,0,0,0,0,0,8,0,0,6,0,0,0,0,0,0,0,2,3,3,0,0,0,0
–k‹ζ“c’[V’¬‚Q’–Ϊ,12,0,0,0,1,0,0,1,0,0,0,0,0,0,0,0,0,0,0,5,0,0,4,0,0,0,0,0,0,0,1,6,0,1,0,0,5
–k‹ζ“c’[V’¬‚R’–Ϊ,12,0,0,0,0,0,0,0,0,0,0,0,0,0,0,0,0,0,0,4,0,0,3,0,0,0,0,0,0,0,1,8,3,0,1,0,4
–k‹ζΤ‰H“μ‚P’–Ϊ,48,0,0,0,8,0,6,1,1,0,1,0,0,0,0,1,0,0,0,26,0,0,11,0,0,0,0,0,0,2,13,13,2,2,0,0,9
–k‹ζΤ‰H“μ‚Q’–Ϊ,12,0,0,0,1,0,1,0,0,0,0,0,0,0,0,0,0,0,0,9,0,0,2,0,1,0,0,0,0,2,4,2,0,1,0,0,1
–k‹ζΤ‰H‚P’–Ϊ,275,3,1,2,29,0,18,11,0,0,1,1,0,0,0,0,0,0,0,178,0,0,65,3,1,0,9,1,15,46,38,64,12,11,1,0,40
–k‹ζΤ‰H‚Q’–Ϊ,84,1,1,0,4,0,0,4,0,0,0,0,0,0,0,0,0,0,0,68,0,0,35,3,0,0,0,0,1,19,10,11,4,2,1,0,4
–k‹ζΤ‰H‚R’–Ϊ,12,0,0,0,1,0,0,0,1,0,0,0,0,0,0,0,0,0,0,8,0,0,6,0,0,1,0,0,0,0,1,3,2,1,0,0,0
–k‹ζ““c’[‚P’–Ϊ,17,0,0,0,2,0,2,0,0,0,0,0,0,0,0,0,0,0,0,9,0,0,4,0,0,0,0,0,0,0,5,6,1,1,0,0,4
–k‹ζ““c’[‚Q’–Ϊ,12,0,0,0,1,0,1,0,0,0,0,0,0,0,0,0,0,0,0,9,0,0,6,0,0,0,0,0,0,2,1,2,2,0,0,0,0
–k‹ζ“c’[‚P’–Ϊ,21,0,0,0,4,0,2,2,0,0,1,0,0,0,0,0,0,1,0,10,0,0,3,1,0,0,0,0,0,1,5,6,3,0,0,0,3
–k‹ζ“c’[‚Q’–Ϊ,8,0,0,0,0,0,0,0,0,0,0,0,0,0,0,0,0,0,0,2,0,0,1,0,0,0,0,0,0,0,1,6,3,0,0,0,3
–k‹ζ“c’[‚R’–Ϊ,13,0,0,0,0,0,0,0,0,0,3,0,0,0,0,3,0,0,0,4,0,0,3,0,0,0,0,0,0,1,0,6,3,0,0,0,3
–k‹ζ“c’[‚S’–Ϊ,5,0,0,0,2,0,1,1,0,0,0,0,0,0,0,0,0,0,0,1,0,0,1,0,0,0,0,0,0,0,0,2,1,0,0,0,1
–k‹ζ“c’[‚T’–Ϊ,2,0,0,0,1,0,1,0,0,0,0,0,0,0,0,0,0,0,0,1,0,0,1,0,0,0,0,0,0,0,0,0,0,0,0,0,0
–k‹ζ“c’[‚U’–Ϊ,1,0,0,0,0,0,0,0,0,0,0,0,0,0,0,0,0,0,0,0,0,0,0,0,0,0,0,0,0,0,0,1,0,0,0,0,1
–k‹ζ’†—Ά‚P’–Ϊ,11,0,0,0,2,0,2,0,0,0,2,0,0,1,0,1,0,0,0,6,0,0,4,0,0,0,1,0,0,0,1,1,0,0,0,0,1
–k‹ζ’†—Ά‚Q’–Ϊ,14,0,0,0,0,0,0,0,0,0,0,0,0,0,0,0,0,0,0,11,0,0,5,1,0,0,0,0,1,2,2,3,1,1,0,0,1
–k‹ζ’†—Ά‚R’–Ϊ,10,0,0,0,1,0,1,0,0,0,0,0,0,0,0,0,0,0,0,4,0,0,2,2,0,0,0,0,0,0,0,5,1,0,0,0,4
–k‹ζΘ‰Ί•sΪ,3,0,0,0,0,0,0,0,0,0,0,0,0,0,0,0,0,0,0,1,0,0,0,0,0,0,0,0,0,0,1,2,0,0,1,0,1
–k‹ζv,2276,16,6,10,173,0,101,55,16,1,47,1,0,1,8,16,4,4,13,1446,9,34,698,52,5,16,15,3,28,214,372,594,254,50,8,0,282
rμ‹ζ“μηZ‚P’–Ϊ,37,1,0,1,2,0,2,0,0,0,1,0,0,0,0,1,0,0,0,25,0,0,14,1,0,0,0,0,0,5,5,8,4,1,0,0,3
rμ‹ζ“μηZ‚Q’–Ϊ,17,1,0,1,2,0,0,2,0,0,1,0,0,0,1,0,0,0,0,11,0,0,10,0,0,0,0,0,0,0,1,2,1,0,0,0,1
rμ‹ζ“μηZ‚R’–Ϊ,20,0,0,0,1,0,1,0,0,0,0,0,0,0,0,0,0,0,0,13,0,0,5,2,0,0,0,0,0,5,1,6,2,0,0,0,4
rμ‹ζ“μηZ‚S’–Ϊ,89,0,0,0,4,0,2,0,1,1,0,0,0,0,0,0,0,0,0,78,0,0,29,2,0,0,0,0,0,39,8,7,3,1,2,0,1
rμ‹ζ“μηZ‚T’–Ϊ,21,0,0,0,2,0,1,1,0,0,1,0,0,0,0,1,0,0,0,13,0,0,8,0,0,1,0,0,0,0,4,5,2,1,0,0,2
rμ‹ζ“μηZ‚U’–Ϊ,55,1,1,0,1,0,1,0,0,0,0,0,0,0,0,0,0,0,0,35,1,0,22,0,0,0,0,1,0,6,5,18,7,1,2,0,8
rμ‹ζ“μηZ‚V’–Ϊ,35,0,0,0,2,0,2,0,0,0,0,0,0,0,0,0,0,0,0,25,0,0,10,0,0,0,0,1,0,3,11,8,4,3,0,0,1
rμ‹ζ“μηZ‚W’–Ϊ,51,0,0,0,2,0,0,2,0,0,0,0,0,0,0,0,0,0,0,34,0,0,29,0,0,0,0,0,0,1,4,15,7,0,0,0,8
rμ‹ζrμ‚P’–Ϊ,24,0,0,0,1,0,1,0,0,0,1,0,0,0,0,1,0,0,0,16,0,0,10,0,0,0,0,0,1,1,4,6,2,0,0,0,4
rμ‹ζrμ‚Q’–Ϊ,19,0,0,0,1,0,1,0,0,0,0,0,0,0,0,0,0,0,0,13,0,0,5,1,0,0,0,1,0,0,6,5,1,2,0,0,2
rμ‹ζrμ‚R’–Ϊ,20,0,0,0,3,0,0,3,0,0,0,0,0,0,0,0,0,0,0,12,0,0,7,0,0,0,0,0,1,0,4,5,1,1,0,0,3
rμ‹ζrμ‚S’–Ϊ,9,0,0,0,1,0,1,0,0,0,1,0,0,0,0,0,0,0,1,4,0,0,2,1,0,0,0,0,0,0,1,3,3,0,0,0,0
rμ‹ζrμ‚T’–Ϊ,21,0,0,0,2,0,1,1,0,0,1,0,0,0,0,1,0,0,0,11,0,0,9,0,0,0,0,0,0,0,2,7,2,1,0,0,4
rμ‹ζrμ‚U’–Ϊ,22,0,0,0,3,0,1,2,0,0,0,0,0,0,0,0,0,0,0,17,0,0,7,0,0,0,0,0,0,3,7,2,2,0,0,0,0
rμ‹ζrμ‚V’–Ϊ,40,1,1,0,1,0,1,0,0,0,3,0,0,0,0,0,0,0,3,23,1,0,13,0,0,0,0,0,0,2,7,12,3,3,0,0,6
rμ‹ζrμ‚W’–Ϊ,5,0,0,0,0,0,0,0,0,0,0,0,0,0,0,0,0,0,0,2,0,0,1,0,0,0,0,0,0,0,1,3,2,0,0,0,1
rμ‹ζ’¬‰®‚P’–Ϊ,37,0,0,0,4,0,1,2,0,1,0,0,0,0,0,0,0,0,0,21,0,0,9,1,0,0,1,0,0,0,10,12,3,1,0,0,8
rμ‹ζ’¬‰®‚Q’–Ϊ,16,0,0,0,3,0,3,0,0,0,0,0,0,0,0,0,0,0,0,10,0,0,6,0,0,0,0,0,0,1,3,3,2,0,0,0,1
rμ‹ζ’¬‰®‚R’–Ϊ,17,0,0,0,3,0,1,2,0,0,0,0,0,0,0,0,0,0,0,10,0,0,4,0,0,0,0,0,0,2,4,4,1,1,0,0,2
rμ‹ζ’¬‰®‚S’–Ϊ,11,0,0,0,0,0,0,0,0,0,0,0,0,0,0,0,0,0,0,8,0,0,5,0,0,0,0,0,0,0,3,3,2,0,0,0,1
rμ‹ζ’¬‰®‚T’–Ϊ,14,0,0,0,1,0,0,0,1,0,0,0,0,0,0,0,0,0,0,8,0,0,4,0,0,0,0,0,0,2,2,5,3,0,0,0,2
rμ‹ζ’¬‰®‚U’–Ϊ,24,0,0,0,4,0,2,2,0,0,0,0,0,0,0,0,0,0,0,9,0,2,4,0,0,0,0,0,0,0,3,11,2,2,0,0,7
rμ‹ζ’¬‰®‚V’–Ϊ,21,0,0,0,1,0,1,0,0,0,1,0,0,0,0,0,0,0,1,8,0,0,6,0,0,0,0,0,0,0,2,11,3,1,0,0,7
rμ‹ζ’¬‰®‚W’–Ϊ,7,0,0,0,0,0,0,0,0,0,0,0,0,0,0,0,0,0,0,4,0,0,1,1,0,0,0,0,0,0,2,3,1,0,0,0,2
rμ‹ζ“”φ‹v‚P’–Ϊ,16,0,0,0,3,0,2,1,0,0,2,0,0,0,0,2,0,0,0,5,0,0,3,0,0,0,0,0,0,0,2,6,2,0,0,0,4
rμ‹ζ“”φ‹v‚Q’–Ϊ,23,0,0,0,2,0,2,0,0,0,0,0,0,0,0,0,0,0,0,8,0,0,4,0,0,0,0,0,0,0,4,13,3,0,0,0,10
rμ‹ζ“”φ‹v‚R’–Ϊ,23,0,0,0,1,0,1,0,0,0,0,0,0,0,0,0,0,0,0,14,0,0,8,0,1,0,0,0,0,0,5,8,3,3,0,0,2
rμ‹ζ“”φ‹v‚S’–Ϊ,25,0,0,0,1,0,1,0,0,0,0,0,0,0,0,0,0,0,0,18,0,0,5,1,0,1,0,0,0,9,2,6,3,0,0,0,3
rμ‹ζ“”φ‹v‚T’–Ϊ,10,0,0,0,2,0,1,0,1,0,0,0,0,0,0,0,0,0,0,6,0,0,3,0,1,0,0,0,0,0,2,2,1,0,0,0,1
rμ‹ζ“”φ‹v‚U’–Ϊ,32,1,0,1,1,0,1,0,0,0,0,0,0,0,0,0,0,0,0,21,0,0,14,0,0,0,0,0,0,4,3,9,3,0,0,0,6
rμ‹ζ“”φ‹v‚V’–Ϊ,6,0,0,0,1,0,1,0,0,0,0,0,0,0,0,0,0,0,0,3,0,0,0,1,0,0,0,0,1,0,1,2,0,0,0,0,2
rμ‹ζ“”φ‹v‚W’–Ϊ,22,1,0,1,0,0,0,0,0,0,0,0,0,0,0,0,0,0,0,18,0,0,8,0,0,1,0,0,0,5,4,3,1,0,0,0,2
rμ‹ζΌ”φ‹v‚P’–Ϊ,12,0,0,0,2,0,0,1,1,0,1,0,0,0,0,0,0,0,1,6,0,0,2,0,1,0,0,0,0,1,2,3,1,1,0,0,1
rμ‹ζΌ”φ‹v‚Q’–Ϊ,11,0,0,0,0,0,0,0,0,0,1,0,0,0,0,0,0,0,1,9,0,0,3,0,0,0,0,0,0,1,5,1,0,0,0,0,1
rμ‹ζΌ”φ‹v‚R’–Ϊ,27,0,0,0,1,0,1,0,0,0,1,0,0,0,0,0,0,0,1,18,0,0,9,1,0,0,0,0,3,3,2,7,4,2,0,0,1
rμ‹ζΌ”φ‹v‚S’–Ϊ,38,0,0,0,1,0,1,0,0,0,0,0,0,0,0,0,0,0,0,27,0,0,4,1,0,0,0,0,0,0,22,10,7,0,0,0,3
rμ‹ζΌ”φ‹v‚T’–Ϊ,9,0,0,0,0,0,0,0,0,0,1,0,0,0,0,1,0,0,0,6,0,0,0,1,0,0,0,0,0,4,1,2,0,0,0,0,2
rμ‹ζΌ”φ‹v‚U’–Ϊ,7,0,0,0,2,0,1,0,1,0,0,0,0,0,0,0,0,0,0,4,0,0,2,0,0,0,0,0,0,0,2,1,1,0,0,0,0
rμ‹ζΌ”φ‹v‚V’–Ϊ,11,0,0,0,1,0,0,1,0,0,0,0,0,0,0,0,0,0,0,6,0,0,3,0,0,0,0,0,0,3,0,4,4,0,0,0,0
rμ‹ζΌ”φ‹v‚W’–Ϊ,16,0,0,0,2,0,0,1,1,0,0,0,0,0,0,0,0,0,0,7,0,0,2,1,0,0,0,0,0,2,2,7,4,1,0,0,2
rμ‹ζ““ϊ•ι—Ά‚P’–Ϊ,29,0,0,0,1,0,0,1,0,0,0,0,0,0,0,0,0,0,0,21,0,0,7,1,1,1,0,0,0,4,7,7,3,0,0,0,4
rμ‹ζ““ϊ•ι—Ά‚Q’–Ϊ,10,1,0,1,2,0,0,2,0,0,0,0,0,0,0,0,0,0,0,5,0,0,5,0,0,0,0,0,0,0,0,2,1,0,0,0,1
rμ‹ζ““ϊ•ι—Ά‚R’–Ϊ,23,1,0,1,3,0,1,2,0,0,1,0,0,0,0,1,0,0,0,14,0,0,7,0,0,0,0,0,0,1,6,4,1,0,0,0,3
rμ‹ζ““ϊ•ι—Ά‚S’–Ϊ,22,1,0,1,2,0,1,1,0,0,0,0,0,0,0,0,0,0,0,17,0,0,3,0,0,1,0,0,0,3,10,2,2,0,0,0,0
rμ‹ζ““ϊ•ι—Ά‚T’–Ϊ,44,2,0,2,2,0,1,0,0,1,0,0,0,0,0,0,0,0,0,29,0,0,13,0,0,1,0,0,0,0,15,11,7,2,0,0,2
rμ‹ζ““ϊ•ι—Ά‚U’–Ϊ,31,2,0,2,3,0,0,3,0,0,1,0,1,0,0,0,0,0,0,17,0,0,6,1,0,0,0,0,0,2,8,8,3,2,0,0,3
rμ‹ζΌ“ϊ•ι—Ά‚P’–Ϊ,42,0,0,0,2,0,1,1,0,0,0,0,0,0,0,0,0,0,0,33,0,1,13,1,0,2,0,0,0,0,16,7,3,1,0,0,3
rμ‹ζΌ“ϊ•ι—Ά‚Q’–Ϊ,96,2,0,2,14,0,10,4,0,0,1,0,0,0,0,1,0,0,0,54,0,0,14,1,0,1,0,0,5,6,27,25,7,3,1,0,14
rμ‹ζΌ“ϊ•ι—Ά‚R’–Ϊ,9,0,0,0,0,0,0,0,0,0,0,0,0,0,0,0,0,0,0,4,0,0,1,0,0,0,0,0,0,3,0,5,1,0,0,0,4
rμ‹ζΌ“ϊ•ι—Ά‚S’–Ϊ,11,0,0,0,0,0,0,0,0,0,0,0,0,0,0,0,0,0,0,5,0,0,4,0,0,0,0,0,0,1,0,6,4,0,0,0,2
rμ‹ζΌ“ϊ•ι—Ά‚T’–Ϊ,67,1,0,1,7,0,4,3,0,0,0,0,0,0,0,0,0,0,0,43,0,1,17,2,0,0,2,0,0,2,19,16,1,6,0,0,9
rμ‹ζΌ“ϊ•ι—Ά‚U’–Ϊ,24,0,0,0,1,0,1,0,0,0,0,0,0,0,0,0,0,0,0,16,0,0,9,1,0,1,0,0,0,0,5,7,1,1,0,0,5
rμ‹ζv,1328,16,2,14,101,0,54,38,6,3,19,0,1,0,1,9,0,0,8,844,2,4,389,22,4,10,3,3,11,124,272,348,134,41,5,0,168
”Β‹΄‹ζ”Β‹΄‚P’–Ϊ,83,2,1,1,3,0,3,0,0,0,2,0,0,0,0,2,0,0,0,56,0,0,27,1,0,0,3,0,0,17,8,20,5,3,0,0,12
”Β‹΄‹ζ”Β‹΄‚Q’–Ϊ,41,0,0,0,3,0,2,1,0,0,2,0,0,0,0,2,0,0,0,30,0,0,12,2,0,0,0,0,0,4,12,6,1,0,0,0,5
”Β‹΄‹ζ”Β‹΄‚R’–Ϊ,30,0,0,0,1,0,0,1,0,0,0,0,0,0,0,0,0,0,0,24,0,0,12,1,0,0,0,0,0,8,3,5,1,1,0,0,3
”Β‹΄‹ζ”Β‹΄‚S’–Ϊ,15,0,0,0,2,0,1,0,1,0,0,0,0,0,0,0,0,0,0,5,0,0,4,0,0,0,0,0,0,0,1,8,4,0,0,0,4
”Β‹΄‹ζ‰Α‰κ‚P’–Ϊ,11,0,0,0,0,0,0,0,0,0,1,0,0,0,0,0,0,0,1,9,0,0,5,0,0,0,0,0,0,0,4,1,1,0,0,0,0
”Β‹΄‹ζ‰Α‰κ‚Q’–Ϊ,23,0,0,0,2,0,1,0,1,0,0,0,0,0,0,0,0,0,0,13,0,0,5,0,0,0,0,0,0,1,7,8,2,0,0,0,6
”Β‹΄‹ζ‘εR“’¬,53,1,1,0,7,0,3,4,0,0,1,0,0,0,1,0,0,0,0,30,0,0,22,0,0,0,0,0,0,0,8,14,5,0,0,0,9
”Β‹΄‹ζ‘εR‹ΰδ’¬,36,0,0,0,1,0,1,0,0,0,1,0,0,0,1,0,0,0,0,28,0,1,16,1,0,0,0,0,0,4,6,6,3,1,0,0,2
”Β‹΄‹ζF–μ’¬,35,1,0,1,2,0,2,0,0,0,0,0,0,0,0,0,0,0,0,19,0,0,16,1,0,0,0,0,0,0,2,13,1,0,1,0,11
”Β‹΄‹ζ’†Ϋ’¬,29,1,0,1,2,0,2,0,0,0,0,0,0,0,0,0,0,0,0,18,0,0,13,0,0,0,0,1,0,0,4,8,4,1,0,0,3
”Β‹΄‹ζ“μ’¬,31,0,0,0,0,0,0,0,0,0,1,0,0,0,0,0,0,0,1,24,0,0,10,4,0,0,0,0,0,6,4,6,0,4,0,0,2
”Β‹΄‹ζξ‰Χ‘δ,17,0,0,0,0,0,0,0,0,0,0,0,0,0,0,0,0,0,0,16,0,0,14,0,0,0,0,0,0,0,2,1,1,0,0,0,0
”Β‹΄‹ζ’‡h,44,0,0,0,1,0,1,0,0,0,0,0,0,0,0,0,0,0,0,37,0,0,12,0,0,1,0,0,0,11,13,6,3,1,0,0,2
”Β‹΄‹ζ•Xμ’¬,25,0,0,0,0,0,0,0,0,0,0,0,0,0,0,0,0,0,0,20,0,0,14,1,0,0,0,0,0,0,5,5,1,1,0,0,3
”Β‹΄‹ζ‰h’¬,17,0,0,0,1,0,1,0,0,0,1,0,0,0,0,1,0,0,0,10,0,0,5,2,0,0,0,0,0,1,2,5,4,0,0,0,1
”Β‹΄‹ζ‘εR’¬,106,0,0,0,9,0,7,2,0,0,2,1,0,0,0,1,0,0,0,84,0,1,25,3,0,0,1,0,0,33,21,11,5,1,0,0,5
”Β‹΄‹ζ‘εRΌ’¬,40,0,0,0,2,0,1,1,0,0,1,0,0,0,0,1,0,0,0,32,0,0,19,2,0,0,0,0,0,2,9,5,1,0,0,0,4
”Β‹΄‹ζK’¬,32,0,0,0,1,0,0,1,0,0,1,0,0,0,0,1,0,0,0,25,0,1,19,1,0,0,0,0,0,1,3,5,2,0,0,0,3
”Β‹΄‹ζ’†”Β‹΄,43,1,1,0,5,0,2,2,1,0,0,0,0,0,0,0,0,0,0,29,0,0,6,0,0,0,0,0,0,21,2,8,2,2,0,0,4
”Β‹΄‹ζ’‡’¬,16,0,0,0,0,0,0,0,0,0,0,0,0,0,0,0,0,0,0,12,0,1,10,0,0,0,0,0,0,0,1,4,0,0,0,0,4
”Β‹΄‹ζ–ν¶’¬,23,0,0,0,0,0,0,0,0,0,1,0,0,0,0,0,0,0,1,16,0,0,10,0,0,0,0,0,0,3,3,6,1,3,0,0,2
”Β‹΄‹ζ–{’¬,62,0,0,0,3,0,1,1,1,0,2,0,0,0,2,0,0,0,0,54,0,0,36,1,0,1,0,0,0,1,15,3,1,0,0,0,2
”Β‹΄‹ζ‘εa’¬,28,0,0,0,3,0,3,0,0,0,1,0,0,0,0,0,0,0,1,16,0,0,12,0,0,0,0,0,0,1,3,8,4,0,0,0,4
”Β‹΄‹ζ‘o—t’¬,19,0,0,0,2,0,1,1,0,0,2,0,0,0,0,1,0,0,1,11,0,1,7,1,0,0,0,0,0,0,2,4,2,0,0,0,2
”Β‹΄‹ζ•xm©’¬,24,0,0,0,2,0,1,1,0,0,0,0,0,0,0,0,0,0,0,14,0,0,10,0,0,0,0,0,0,0,4,8,2,2,0,0,4
”Β‹΄‹ζ‘ε’Jϋγ’¬,32,2,2,0,0,0,0,0,0,0,3,0,0,0,0,1,0,1,1,22,0,1,7,0,0,0,0,0,0,2,12,5,1,2,0,0,2
”Β‹΄‹ζ‘ε’Jϋ–k’¬,29,0,0,0,1,0,0,1,0,0,1,0,0,0,0,1,0,0,0,22,0,1,12,1,0,0,0,0,0,3,5,5,3,1,0,0,1
”Β‹΄‹ζ‘ε’Jϋ‚P’–Ϊ,6,0,0,0,0,0,0,0,0,0,0,0,0,0,0,0,0,0,0,5,0,0,2,0,0,0,0,0,0,0,3,1,0,0,0,0,1
”Β‹΄‹ζ‘ε’Jϋ‚Q’–Ϊ,9,0,0,0,1,0,0,0,0,1,0,0,0,0,0,0,0,0,0,8,0,2,3,0,0,0,0,0,0,0,3,0,0,0,0,0,0
”Β‹΄‹ζό΄‚P’–Ϊ,11,0,0,0,0,0,0,0,0,0,0,0,0,0,0,0,0,0,0,10,0,0,10,0,0,0,0,0,0,0,0,1,1,0,0,0,0
”Β‹΄‹ζό΄‚Q’–Ϊ,20,1,1,0,1,0,0,1,0,0,0,0,0,0,0,0,0,0,0,14,0,0,10,0,0,0,0,0,0,1,3,4,2,1,0,0,1
”Β‹΄‹ζό΄‚R’–Ϊ,16,0,0,0,1,0,1,0,0,0,0,0,0,0,0,0,0,0,0,11,0,0,7,0,0,0,0,0,0,2,2,4,0,0,0,0,4
”Β‹΄‹ζ¬–Ξª‚P’–Ϊ,48,1,1,0,0,0,0,0,0,0,21,0,0,0,0,0,0,0,21,15,0,0,9,1,0,0,0,0,0,0,5,11,3,3,0,0,5
”Β‹΄‹ζ¬–Ξª‚Q’–Ϊ,11,0,0,0,2,0,1,0,0,1,0,0,0,0,0,0,0,0,0,6,0,0,5,1,0,0,0,0,0,0,0,3,1,0,1,0,1
”Β‹΄‹ζ¬–Ξª‚R’–Ϊ,6,0,0,0,0,0,0,0,0,0,0,0,0,0,0,0,0,0,0,5,0,1,3,1,0,0,0,0,0,0,0,1,1,0,0,0,0
”Β‹΄‹ζ¬–Ξª‚S’–Ϊ,7,0,0,0,1,0,1,0,0,0,1,0,0,1,0,0,0,0,0,2,0,1,1,0,0,0,0,0,0,0,0,3,0,0,0,0,3
”Β‹΄‹ζ¬–Ξª‚T’–Ϊ,5,0,0,0,0,0,0,0,0,0,2,0,0,0,0,0,0,0,2,3,0,0,2,0,0,0,0,0,0,0,1,0,0,0,0,0,0
”Β‹΄‹ζν”Υ‘δ‚P’–Ϊ,36,0,0,0,1,0,0,0,1,0,0,0,0,0,0,0,0,0,0,21,0,0,16,0,0,0,0,0,0,1,4,14,6,1,0,0,7
”Β‹΄‹ζν”Υ‘δ‚Q’–Ϊ,14,0,0,0,1,0,1,0,0,0,0,0,0,0,0,0,0,0,0,10,0,0,7,0,0,0,0,0,0,0,3,3,2,0,1,0,0
”Β‹΄‹ζν”Υ‘δ‚R’–Ϊ,11,0,0,0,0,0,0,0,0,0,2,0,0,0,0,2,0,0,0,8,0,0,2,1,0,0,0,0,0,0,5,1,0,0,0,0,1
”Β‹΄‹ζν”Υ‘δ‚S’–Ϊ,39,1,0,1,3,0,3,0,0,0,0,0,0,0,0,0,0,0,0,29,0,0,21,1,0,0,0,0,0,1,6,6,1,2,0,0,3
”Β‹΄‹ζ“μν”Υ‘δ‚P’–Ϊ,28,0,0,0,2,0,1,1,0,0,0,0,0,0,0,0,0,0,0,24,0,0,5,0,0,0,0,0,0,11,8,2,1,0,0,0,1
”Β‹΄‹ζ“μν”Υ‘δ‚Q’–Ϊ,14,0,0,0,1,0,1,0,0,0,1,0,0,0,1,0,0,0,0,10,0,1,5,0,0,0,0,0,0,0,4,2,0,1,0,0,1
”Β‹΄‹ζγ”Β‹΄‚P’–Ϊ,30,1,0,1,0,0,0,0,0,0,3,0,0,0,1,0,0,0,2,18,0,0,6,0,0,0,0,0,0,7,5,8,5,1,0,0,2
”Β‹΄‹ζγ”Β‹΄‚Q’–Ϊ,27,0,0,0,3,0,3,0,0,0,0,0,0,0,0,0,0,0,0,16,0,0,11,1,0,0,0,0,0,1,3,8,3,1,0,0,4
”Β‹΄‹ζγ”Β‹΄‚R’–Ϊ,16,0,0,0,1,0,1,0,0,0,0,0,0,0,0,0,0,0,0,10,0,0,6,0,0,0,0,0,0,4,0,5,1,1,0,0,3
”Β‹΄‹ζ΄…’¬,39,0,0,0,1,0,1,0,0,0,2,1,0,0,0,0,1,0,0,24,0,0,17,0,0,2,0,0,0,0,5,12,1,1,0,0,10
”Β‹΄‹ζ@ΐ’¬,51,0,0,0,2,0,1,1,0,0,0,0,0,0,0,0,0,0,0,40,0,0,29,1,0,1,0,0,0,3,6,9,1,2,0,0,6
”Β‹΄‹ζ‘ε΄’¬,21,0,0,0,1,0,1,0,0,0,0,0,0,0,0,0,0,0,0,15,0,0,6,0,0,0,0,0,0,7,2,5,3,0,0,0,2
”Β‹΄‹ζς’¬,10,0,0,0,0,0,0,0,0,0,3,0,0,0,3,0,0,0,0,4,0,0,2,0,0,0,0,0,0,0,2,3,0,0,0,0,3
”Β‹΄‹ζ‹{–{’¬,26,2,0,2,1,0,1,0,0,0,0,0,0,0,0,0,0,0,0,19,0,0,14,0,0,0,0,0,0,2,3,4,2,1,0,0,1
”Β‹΄‹ζu‘Ί‚P’–Ϊ,10,0,0,0,0,0,0,0,0,0,0,0,0,0,0,0,0,0,0,5,0,0,1,0,0,0,1,0,0,1,2,5,3,1,0,0,1
”Β‹΄‹ζu‘Ί‚Q’–Ϊ,12,0,0,0,4,0,2,0,2,0,0,0,0,0,0,0,0,0,0,6,0,0,1,1,0,1,0,0,0,1,2,2,0,0,0,0,2
”Β‹΄‹ζu‘Ί‚R’–Ϊ,56,1,1,0,3,0,2,1,0,0,0,0,0,0,0,0,0,0,0,45,0,1,19,1,0,0,0,0,0,13,11,7,4,1,0,0,2
”Β‹΄‹ζ“β‰Ί‚P’–Ϊ,7,0,0,0,0,0,0,0,0,0,0,0,0,0,0,0,0,0,0,4,0,0,2,0,0,0,0,0,0,0,2,3,1,0,0,0,2
”Β‹΄‹ζ“β‰Ί‚Q’–Ϊ,10,0,0,0,4,0,2,1,1,0,0,0,0,0,0,0,0,0,0,5,0,0,5,0,0,0,0,0,0,0,0,1,0,0,0,0,1
”Β‹΄‹ζ¬“¤‘ς‚P’–Ϊ,12,0,0,0,2,0,1,1,0,0,1,0,0,0,0,0,0,0,1,9,0,0,4,2,0,0,0,0,0,0,3,0,0,0,0,0,0
”Β‹΄‹ζ¬“¤‘ς‚Q’–Ϊ,28,2,0,2,2,0,2,0,0,0,0,0,0,0,0,0,0,0,0,18,0,1,10,1,0,0,0,0,0,2,4,6,3,2,0,0,1
”Β‹΄‹ζ¬“¤‘ς‚R’–Ϊ,26,0,0,0,1,0,0,1,0,0,0,0,0,0,0,0,0,0,0,21,0,0,11,2,0,0,0,0,0,5,3,4,0,0,0,0,4
”Β‹΄‹ζ¬“¤‘ς‚S’–Ϊ,12,0,0,0,0,0,0,0,0,0,3,0,0,0,0,1,0,0,2,4,0,0,1,0,0,0,0,0,0,2,1,5,5,0,0,0,0
”Β‹΄‹ζΌ‘δ‚P’–Ϊ,11,0,0,0,2,0,1,1,0,0,0,0,0,0,0,0,0,0,0,6,0,1,4,0,0,0,0,0,0,0,1,3,2,0,0,0,1
”Β‹΄‹ζΌ‘δ‚Q’–Ϊ,18,0,0,0,3,0,2,0,1,0,0,0,0,0,0,0,0,0,0,11,0,3,8,0,0,0,0,0,0,0,0,4,1,1,0,0,2
”Β‹΄‹ζΌ‘δ‚R’–Ϊ,12,0,0,0,1,0,0,1,0,0,0,0,0,0,0,0,0,0,0,6,0,0,3,1,0,0,0,0,0,0,2,5,3,0,0,0,2
”Β‹΄‹ζΌ‘δ‚S’–Ϊ,8,0,0,0,1,0,0,1,0,0,0,0,0,0,0,0,0,0,0,4,0,0,2,0,0,1,0,0,0,1,0,3,1,0,0,0,2
”Β‹΄‹ζ’†‘δ‚P’–Ϊ,30,0,0,0,1,0,0,1,0,0,0,0,0,0,0,0,0,0,0,22,0,2,15,0,0,0,0,0,0,0,5,7,6,0,0,0,1
”Β‹΄‹ζ’†‘δ‚Q’–Ϊ,6,0,0,0,0,0,0,0,0,0,1,0,0,0,0,1,0,0,0,3,0,1,1,0,0,0,0,0,0,0,1,2,1,1,0,0,0
”Β‹΄‹ζ’†‘δ‚R’–Ϊ,6,0,0,0,0,0,0,0,0,0,0,0,0,0,0,0,0,0,0,4,1,0,1,0,0,0,0,0,0,0,2,2,2,0,0,0,0
”Β‹΄‹ζ‘¶’¬,28,0,0,0,0,0,0,0,0,0,0,0,0,0,0,0,0,0,0,25,0,1,18,1,0,0,0,0,1,0,4,3,1,0,0,0,2
”Β‹΄‹ζα–Ψ‚P’–Ϊ,13,0,0,0,2,0,1,1,0,0,1,0,0,0,0,0,1,0,0,7,0,1,4,0,0,0,0,0,0,0,2,3,0,0,0,0,3
”Β‹΄‹ζα–Ψ‚Q’–Ϊ,17,0,0,0,3,0,2,1,0,0,0,0,0,0,0,0,0,0,0,8,0,1,4,0,0,0,0,0,0,2,1,6,1,0,0,0,5
”Β‹΄‹ζα–Ψ‚R’–Ϊ,6,0,0,0,0,0,0,0,0,0,0,0,0,0,0,0,0,0,0,6,0,0,5,0,0,0,0,0,0,1,0,0,0,0,0,0,0
”Β‹΄‹ζM“n‚P’–Ϊ,32,0,0,0,3,0,3,0,0,0,0,0,0,0,0,0,0,0,0,26,0,1,12,2,0,0,0,0,0,5,6,3,2,0,0,0,1
”Β‹΄‹ζM“n‚Q’–Ϊ,15,2,0,2,1,0,1,0,0,0,0,0,0,0,0,0,0,0,0,8,0,0,4,1,1,0,0,0,0,0,2,4,0,1,0,0,3
”Β‹΄‹ζM“n‚R’–Ϊ,6,0,0,0,0,0,0,0,0,0,0,0,0,0,0,0,0,0,0,6,0,0,4,0,0,0,0,0,0,0,2,0,0,0,0,0,0
”Β‹΄‹ζM“n‚S’–Ϊ,3,0,0,0,0,0,0,0,0,0,0,0,0,0,0,0,0,0,0,3,0,0,2,0,1,0,0,0,0,0,0,0,0,0,0,0,0
”Β‹΄‹ζβ‰Ί‚P’–Ϊ,19,0,0,0,4,0,2,2,0,0,0,0,0,0,0,0,0,0,0,12,0,0,5,0,0,0,0,0,0,3,4,3,2,0,0,0,1
”Β‹΄‹ζβ‰Ί‚Q’–Ϊ,29,0,0,0,3,0,0,3,0,0,0,0,0,0,0,0,0,0,0,18,0,0,13,0,0,1,0,0,0,2,2,8,3,0,2,0,3
”Β‹΄‹ζβ‰Ί‚R’–Ϊ,22,0,0,0,1,0,1,0,0,0,0,0,0,0,0,0,0,0,0,11,0,2,3,0,0,1,0,0,0,0,5,10,3,1,1,0,5
”Β‹΄‹ζ@ª‚P’–Ϊ,15,0,0,0,4,0,2,1,1,0,0,0,0,0,0,0,0,0,0,6,0,0,4,1,0,0,0,0,0,0,1,5,3,0,0,0,2
”Β‹΄‹ζ@ª‚Q’–Ϊ,44,0,0,0,2,0,2,0,0,0,0,0,0,0,0,0,0,0,0,34,0,1,20,0,0,0,0,0,1,6,6,8,3,0,1,0,4
”Β‹΄‹ζ@ª‚R’–Ϊ,40,0,0,0,1,0,0,1,0,0,0,0,0,0,0,0,0,0,0,31,0,0,9,0,0,1,0,0,0,15,6,8,5,1,0,0,2
”Β‹΄‹ζ‘O–μ’¬‚P’–Ϊ,26,0,0,0,1,0,0,1,0,0,1,0,0,0,0,0,0,0,1,17,0,2,7,0,0,0,0,0,0,3,5,7,2,0,0,0,5
”Β‹΄‹ζ‘O–μ’¬‚Q’–Ϊ,31,0,0,0,4,0,2,1,1,0,1,0,0,0,0,0,0,0,1,18,0,0,11,0,0,0,0,0,0,4,3,8,5,0,0,0,3
”Β‹΄‹ζ‘O–μ’¬‚R’–Ϊ,24,0,0,0,1,0,0,1,0,0,1,0,0,0,0,0,0,0,1,17,0,0,5,0,0,0,0,0,0,6,6,5,1,0,0,0,4
”Β‹΄‹ζ‘O–μ’¬‚S’–Ϊ,25,1,0,1,1,0,0,1,0,0,1,0,0,0,1,0,0,0,0,15,1,1,6,0,0,0,0,0,0,4,3,7,2,2,0,0,3
”Β‹΄‹ζ‘O–μ’¬‚T’–Ϊ,15,0,0,0,1,0,0,1,0,0,0,0,0,0,0,0,0,0,0,10,0,0,8,0,0,0,0,0,0,0,2,4,1,0,0,0,3
”Β‹΄‹ζ‘O–μ’¬‚U’–Ϊ,25,1,1,0,0,0,0,0,0,0,0,0,0,0,0,0,0,0,0,14,0,0,6,0,0,0,0,0,0,7,1,10,6,2,0,0,2
”Β‹΄‹ζΤ’Λ‚P’–Ϊ,18,0,0,0,1,0,1,0,0,0,0,0,0,0,0,0,0,0,0,15,0,1,8,2,0,0,0,1,0,2,1,2,1,1,0,0,0
”Β‹΄‹ζΤ’Λ‚Q’–Ϊ,20,0,0,0,1,0,1,0,0,0,2,0,0,1,1,0,0,0,0,11,0,0,8,0,0,0,0,0,0,0,3,6,1,0,0,0,5
”Β‹΄‹ζΤ’Λ‚R’–Ϊ,12,1,0,1,2,0,1,1,0,0,0,0,0,0,0,0,0,0,0,6,0,0,2,0,0,0,0,0,0,1,3,3,3,0,0,0,0
”Β‹΄‹ζΤ’Λ‚S’–Ϊ,22,1,0,1,1,0,1,0,0,0,0,0,0,0,0,0,0,0,0,9,0,0,3,0,0,1,0,0,0,0,5,11,6,0,0,0,5
”Β‹΄‹ζΤ’Λ‚T’–Ϊ,13,0,0,0,1,0,1,0,0,0,0,0,0,0,0,0,0,0,0,11,0,1,8,0,0,0,0,0,0,0,2,1,0,0,0,0,1
”Β‹΄‹ζΤ’Λ‚U’–Ϊ,15,0,0,0,2,0,2,0,0,0,1,0,0,0,0,0,0,0,1,7,0,0,5,0,0,0,0,0,0,0,2,5,2,0,0,0,3
”Β‹΄‹ζΤ’Λ‚V’–Ϊ,8,0,0,0,2,0,1,1,0,0,2,0,0,0,0,2,0,0,0,2,0,0,2,0,0,0,0,0,0,0,0,2,2,0,0,0,0
”Β‹΄‹ζΤ’Λ‚W’–Ϊ,7,0,0,0,2,0,0,2,0,0,0,0,0,0,0,0,0,0,0,4,0,1,2,0,0,0,0,0,0,0,1,1,1,0,0,0,0
”Β‹΄‹ζΤ’ΛV’¬‚P’–Ϊ,18,0,0,0,1,0,1,0,0,0,1,1,0,0,0,0,0,0,0,12,0,0,8,1,0,1,0,0,0,0,2,4,2,0,0,0,2
”Β‹΄‹ζΤ’ΛV’¬‚Q’–Ϊ,13,0,0,0,0,0,0,0,0,0,0,0,0,0,0,0,0,0,0,9,0,0,7,0,0,0,0,0,0,0,2,4,3,0,0,0,1
”Β‹΄‹ζΤ’ΛV’¬‚R’–Ϊ,29,2,1,1,1,0,1,0,0,0,0,0,0,0,0,0,0,0,0,20,0,0,7,0,0,0,0,0,1,5,7,6,1,1,0,0,4
”Β‹΄‹ζl—t‚P’–Ϊ,13,0,0,0,0,0,0,0,0,0,0,0,0,0,0,0,0,0,0,10,0,1,5,0,0,0,0,0,0,0,4,3,0,0,0,0,3
”Β‹΄‹ζl—t‚Q’–Ϊ,13,0,0,0,0,0,0,0,0,0,1,0,0,0,0,1,0,0,0,10,0,0,6,0,0,0,0,0,0,1,3,2,1,0,0,0,1
”Β‹΄‹ζ‘ε–ε,4,0,0,0,0,0,0,0,0,0,0,0,0,0,0,0,0,0,0,4,0,0,1,0,0,0,0,0,0,0,3,0,0,0,0,0,0
”Β‹΄‹ζO‰€‚P’–Ϊ,36,0,0,0,2,0,2,0,0,0,1,0,0,0,0,0,0,0,1,21,0,0,14,1,0,0,0,0,0,1,5,12,1,2,2,0,7
”Β‹΄‹ζO‰€‚Q’–Ϊ,8,1,0,1,2,0,1,0,1,0,0,0,0,0,0,0,0,0,0,4,0,0,2,0,0,0,0,0,0,0,2,1,0,0,0,0,1
”Β‹΄‹ζ¬‘‚P’–Ϊ,42,0,0,0,1,0,1,0,0,0,0,0,0,0,0,0,0,0,0,28,0,0,16,1,0,0,0,0,0,5,6,13,8,0,0,0,5
”Β‹΄‹ζ¬‘‚Q’–Ϊ,138,0,0,0,14,0,12,2,0,0,1,0,0,0,0,0,0,0,1,89,0,0,43,0,0,0,1,0,0,11,34,34,6,3,0,0,25
”Β‹΄‹ζ¬‘‚R’–Ϊ,54,0,0,0,5,0,3,1,1,0,1,0,0,0,0,0,0,0,1,34,0,3,15,2,0,0,0,0,0,10,4,14,5,2,0,0,7
”Β‹΄‹ζ¬‘‚S’–Ϊ,18,0,0,0,2,0,1,1,0,0,1,0,0,0,0,1,0,0,0,8,0,0,4,0,0,0,0,0,0,0,4,7,4,0,0,0,3
”Β‹΄‹ζ¬‘‚T’–Ϊ,22,0,0,0,4,0,1,1,2,0,1,0,0,0,0,1,0,0,0,10,1,1,4,0,0,0,0,0,0,1,3,7,2,1,0,0,4
”Β‹΄‹ζ“ΏΫ‚P’–Ϊ,32,0,0,0,5,0,4,1,0,0,5,0,0,0,0,5,0,0,0,14,0,0,12,0,0,0,0,0,0,1,1,8,5,1,0,0,2
”Β‹΄‹ζ“ΏΫ‚Q’–Ϊ,87,0,0,0,3,0,2,1,0,0,2,0,0,0,0,1,0,0,1,74,0,1,23,2,0,0,1,0,1,31,15,8,2,0,1,0,5
”Β‹΄‹ζ“ΏΫ‚R’–Ϊ,35,2,1,1,5,0,1,4,0,0,1,0,0,0,0,1,0,0,0,15,0,1,9,0,0,0,0,0,1,0,4,12,4,0,0,0,8
”Β‹΄‹ζ“ΏΫ‚S’–Ϊ,16,1,0,1,1,0,0,1,0,0,0,0,0,0,0,0,0,0,0,10,0,0,4,0,0,0,0,0,0,0,6,4,2,0,0,0,2
”Β‹΄‹ζ“ΏΫ‚T’–Ϊ,8,0,0,0,0,0,0,0,0,0,0,0,0,0,0,0,0,0,0,8,0,0,3,0,0,0,0,0,0,2,3,0,0,0,0,0,0
”Β‹΄‹ζ“ΏΫ‚U’–Ϊ,11,0,0,0,0,0,0,0,0,0,1,0,0,0,0,0,0,0,1,5,0,0,3,0,0,0,0,0,0,0,2,5,2,0,0,0,3
”Β‹΄‹ζ“ΏΫ‚V’–Ϊ,3,0,0,0,0,0,0,0,0,0,0,0,0,0,0,0,0,0,0,2,0,0,0,0,0,0,0,0,0,2,0,1,0,1,0,0,0
”Β‹΄‹ζ“ΏΫ‚W’–Ϊ,13,0,0,0,0,0,0,0,0,0,0,0,0,0,0,0,0,0,0,3,0,0,1,0,0,0,0,0,0,1,1,10,4,0,0,0,6
”Β‹΄‹ζ“R’¬,16,0,0,0,1,0,1,0,0,0,1,0,0,0,0,1,0,0,0,10,0,0,6,0,0,1,0,1,0,0,2,4,1,1,0,0,2
”Β‹΄‹ζ“V’¬‚P’–Ϊ,20,0,0,0,0,0,0,0,0,0,0,0,0,0,0,0,0,0,0,13,0,1,8,0,0,1,0,0,0,0,3,7,1,3,0,0,3
”Β‹΄‹ζ“V’¬‚Q’–Ϊ,18,0,0,0,0,0,0,0,0,0,0,0,0,0,0,0,0,0,0,11,0,0,6,0,0,0,0,0,0,1,4,7,1,1,0,0,5
”Β‹΄‹ζχμ‚P’–Ϊ,2,0,0,0,0,0,0,0,0,0,0,0,0,0,0,0,0,0,0,2,0,0,2,0,0,0,0,0,0,0,0,0,0,0,0,0,0
”Β‹΄‹ζχμ‚Q’–Ϊ,7,0,0,0,0,0,0,0,0,0,0,0,0,0,0,0,0,0,0,5,0,0,3,0,0,0,0,0,0,0,2,2,1,1,0,0,0
”Β‹΄‹ζχμ‚R’–Ϊ,21,0,0,0,3,0,1,1,1,0,0,0,0,0,0,0,0,0,0,12,0,0,7,0,0,0,0,0,0,3,2,6,2,0,0,0,4
”Β‹΄‹ζ‚“‡•½‚P’–Ϊ,59,0,0,0,11,0,10,1,0,0,0,0,0,0,0,0,0,0,0,34,0,0,15,3,0,0,0,0,0,7,9,14,3,0,1,0,10
”Β‹΄‹ζ‚“‡•½‚Q’–Ϊ,104,2,0,2,7,0,4,3,0,0,1,0,0,0,0,1,0,0,0,68,0,5,26,3,0,0,0,0,0,18,16,26,8,2,0,0,16
”Β‹΄‹ζ‚“‡•½‚R’–Ϊ,45,0,0,0,2,0,1,0,1,0,1,0,0,0,0,1,0,0,0,29,0,0,19,2,0,0,0,0,0,2,6,13,4,1,0,0,8
”Β‹΄‹ζ‚“‡•½‚S’–Ϊ,20,0,0,0,1,0,0,1,0,0,2,0,0,0,0,1,0,0,1,6,1,0,3,0,0,0,0,0,0,0,2,11,3,0,0,0,8
”Β‹΄‹ζ‚“‡•½‚T’–Ϊ,14,0,0,0,2,0,1,0,1,0,1,0,0,0,0,0,1,0,0,7,0,0,5,1,0,0,0,0,0,0,1,4,2,0,0,0,2
”Β‹΄‹ζ‚“‡•½‚U’–Ϊ,22,1,1,0,2,0,0,2,0,0,3,0,0,0,0,0,0,0,3,15,0,0,6,0,0,1,0,0,0,3,5,1,0,0,0,0,1
”Β‹΄‹ζ‚“‡•½‚V’–Ϊ,35,0,0,0,7,0,5,1,1,0,1,0,0,0,0,1,0,0,0,22,0,1,9,1,0,0,1,0,1,4,5,5,1,0,0,0,4
”Β‹΄‹ζ‚“‡•½‚W’–Ϊ,64,2,0,2,10,0,5,2,3,0,1,0,0,0,0,0,1,0,0,40,0,1,28,2,0,0,0,0,0,2,7,11,1,1,1,0,8
”Β‹΄‹ζ‚“‡•½‚X’–Ϊ,60,0,0,0,7,0,3,2,2,0,1,0,0,0,0,1,0,0,0,42,0,3,21,2,0,0,0,0,0,9,7,10,0,2,0,0,8
”Β‹΄‹ζV‰Νέ‚P’–Ϊ,9,0,0,0,1,0,1,0,0,0,0,0,0,0,0,0,0,0,0,7,0,0,3,0,0,1,0,0,0,0,3,1,1,0,0,0,0
”Β‹΄‹ζV‰Νέ‚Q’–Ϊ,25,0,0,0,5,0,2,2,1,0,0,0,0,0,0,0,0,0,0,13,0,0,4,0,0,0,0,0,0,0,9,7,3,0,1,0,3
”Β‹΄‹ζV‰Νέ‚R’–Ϊ,6,0,0,0,0,0,0,0,0,0,1,0,0,0,0,0,0,0,1,5,0,2,0,0,0,0,0,0,0,0,3,0,0,0,0,0,0
”Β‹΄‹ζΘ‰Ί•sΪ,1,0,0,0,0,0,0,0,0,0,0,0,0,0,0,0,0,0,0,1,0,0,0,0,0,0,0,0,0,0,1,0,0,0,0,0,0
”Β‹΄‹ζv,3420,34,12,22,249,0,150,72,25,2,102,3,0,2,11,33,4,1,48,2265,4,54,1193,65,2,16,8,3,6,365,549,770,266,75,13,0,416
—ϋ”n‹ζ®‹u‚P’–Ϊ,49,0,0,0,10,0,3,6,1,0,0,0,0,0,0,0,0,0,0,26,0,0,16,0,0,0,0,0,0,2,8,13,6,2,0,0,5
—ϋ”n‹ζ®‹u‚Q’–Ϊ,14,0,0,0,1,0,1,0,0,0,0,0,0,0,0,0,0,0,0,7,0,0,7,0,0,0,0,0,0,0,0,6,5,0,0,0,1
—ϋ”n‹ζ¬’|’¬‚P’–Ϊ,43,0,0,0,0,0,0,0,0,0,19,0,0,0,0,9,0,0,10,15,0,0,10,0,0,0,1,0,0,1,3,9,5,0,0,0,4
—ϋ”n‹ζ¬’|’¬‚Q’–Ϊ,18,0,0,0,2,0,1,0,1,0,0,0,0,0,0,0,0,0,0,6,0,0,3,0,0,0,0,0,0,1,2,10,3,0,0,0,7
—ϋ”n‹ζ‰h’¬,25,1,1,0,5,0,2,2,0,1,0,0,0,0,0,0,0,0,0,11,0,0,6,0,0,0,0,0,0,2,3,8,3,1,0,0,4
—ϋ”n‹ζΦ’¬–k‚P’–Ϊ,17,0,0,0,1,0,0,0,1,0,3,0,0,0,0,0,3,0,0,11,0,0,7,0,0,0,0,0,0,0,4,2,0,0,0,0,2
—ϋ”n‹ζΦ’¬–k‚Q’–Ϊ,31,0,0,0,2,0,2,0,0,0,1,0,0,0,0,0,0,0,1,20,0,0,11,0,0,0,0,0,0,1,8,8,2,1,0,0,5
—ϋ”n‹ζΦ’¬–k‚R’–Ϊ,9,0,0,0,0,0,0,0,0,0,0,0,0,0,0,0,0,0,0,8,0,0,6,0,0,0,0,0,0,0,2,1,0,0,0,0,1
—ϋ”n‹ζΦ’¬–k‚S’–Ϊ,13,0,0,0,1,0,1,0,0,0,0,0,0,0,0,0,0,0,0,3,0,0,3,0,0,0,0,0,0,0,0,9,3,1,0,0,5
—ϋ”n‹ζΦ’¬–k‚T’–Ϊ,6,0,0,0,1,0,1,0,0,0,0,0,0,0,0,0,0,0,0,3,0,0,2,0,0,0,0,0,0,0,1,2,0,0,0,0,2
—ϋ”n‹ζ‰H‘ς‚P’–Ϊ,3,1,0,1,0,0,0,0,0,0,0,0,0,0,0,0,0,0,0,1,0,0,1,0,0,0,0,0,0,0,0,1,1,0,0,0,0
—ϋ”n‹ζ‰H‘ς‚Q’–Ϊ,14,0,0,0,2,0,0,1,0,1,0,0,0,0,0,0,0,0,0,8,0,0,5,1,0,0,0,0,0,0,2,4,1,1,0,0,2
—ϋ”n‹ζ‰H‘ς‚R’–Ϊ,7,0,0,0,0,0,0,0,0,0,0,0,0,0,0,0,0,0,0,6,0,1,5,0,0,0,0,0,0,0,0,1,0,0,0,0,1
—ϋ”n‹ζ–L‹Κγ‚P’–Ϊ,17,0,0,0,0,0,0,0,0,0,0,0,0,0,0,0,0,0,0,15,0,0,6,0,0,0,0,0,0,0,9,2,0,0,0,0,2
—ϋ”n‹ζ–L‹Κγ‚Q’–Ϊ,20,0,0,0,1,0,1,0,0,0,1,0,0,0,0,1,0,0,0,11,0,0,6,0,0,0,0,0,0,0,5,7,2,3,0,0,2
—ϋ”n‹ζ–L‹Κ’†‚P’–Ϊ,11,0,0,0,0,0,0,0,0,0,0,0,0,0,0,0,0,0,0,8,0,0,6,0,0,0,0,0,0,0,2,3,2,0,0,0,1
—ϋ”n‹ζ–L‹Κ’†‚Q’–Ϊ,26,0,0,0,3,0,2,1,0,0,0,0,0,0,0,0,0,0,0,16,0,0,9,2,0,1,0,0,0,0,4,7,1,0,0,0,6
—ϋ”n‹ζ–L‹Κ’†‚R’–Ϊ,21,0,0,0,1,0,0,1,0,0,1,0,0,0,0,0,0,0,1,16,0,1,9,0,0,0,0,0,0,4,2,3,2,0,0,0,1
—ϋ”n‹ζ–L‹Κ’†‚S’–Ϊ,9,0,0,0,1,0,0,0,1,0,0,0,0,0,0,0,0,0,0,3,0,1,2,0,0,0,0,0,0,0,0,5,4,0,0,0,1
—ϋ”n‹ζ–L‹Κ“μ‚P’–Ϊ,14,0,0,0,1,0,1,0,0,0,0,0,0,0,0,0,0,0,0,9,0,0,8,0,0,0,0,0,0,0,1,4,2,0,0,0,2
—ϋ”n‹ζ–L‹Κ“μ‚Q’–Ϊ,12,0,0,0,2,0,1,1,0,0,0,0,0,0,0,0,0,0,0,5,0,0,4,0,0,0,0,0,0,0,1,5,3,0,0,0,2
—ϋ”n‹ζ–L‹Κ“μ‚R’–Ϊ,15,0,0,0,1,0,0,0,1,0,0,0,0,0,0,0,0,0,0,10,0,0,9,0,0,0,0,0,0,1,0,4,2,1,0,0,1
—ϋ”n‹ζ–L‹Κ–k‚P’–Ϊ,8,0,0,0,0,0,0,0,0,0,0,0,0,0,0,0,0,0,0,8,0,0,5,0,0,0,0,0,0,0,3,0,0,0,0,0,0
—ϋ”n‹ζ–L‹Κ–k‚Q’–Ϊ,10,0,0,0,2,0,0,2,0,0,0,0,0,0,0,0,0,0,0,4,0,0,3,0,0,0,0,0,0,0,1,4,1,1,0,0,2
—ϋ”n‹ζ–L‹Κ–k‚R’–Ϊ,9,0,0,0,1,0,0,1,0,0,0,0,0,0,0,0,0,0,0,4,0,0,3,0,0,0,0,0,0,0,1,4,1,0,0,0,3
—ϋ”n‹ζ–L‹Κ–k‚S’–Ϊ,17,0,0,0,1,0,0,1,0,0,1,0,0,0,0,1,0,0,0,10,0,0,5,1,0,0,0,0,0,1,3,5,3,1,0,0,1
—ϋ”n‹ζ–L‹Κ–k‚T’–Ϊ,71,0,0,0,17,0,14,1,1,1,0,0,0,0,0,0,0,0,0,40,0,1,26,1,0,0,0,0,0,0,12,14,2,1,0,0,11
—ϋ”n‹ζ–L‹Κ–k‚U’–Ϊ,43,0,0,0,1,0,1,0,0,0,4,0,0,0,4,0,0,0,0,25,0,1,13,1,0,0,0,0,0,6,4,13,4,2,1,0,6
—ϋ”n‹ζ’†‘Ί‚P’–Ϊ,12,0,0,0,0,0,0,0,0,0,0,0,0,0,0,0,0,0,0,5,0,0,4,0,0,0,0,0,0,0,1,7,5,0,0,0,2
—ϋ”n‹ζ’†‘Ί‚Q’–Ϊ,4,0,0,0,1,0,0,0,1,0,0,0,0,0,0,0,0,0,0,2,0,0,1,0,0,0,0,0,0,0,1,1,0,0,0,0,1
—ϋ”n‹ζ’†‘Ί‚R’–Ϊ,10,0,0,0,0,0,0,0,0,0,0,0,0,0,0,0,0,0,0,7,0,0,5,0,0,0,0,0,0,1,1,3,2,0,0,0,1
—ϋ”n‹ζ’†‘Ί“μ‚P’–Ϊ,12,0,0,0,1,0,0,1,0,0,1,0,0,0,0,0,0,0,1,7,0,0,7,0,0,0,0,0,0,0,0,3,2,0,0,0,1
—ϋ”n‹ζ’†‘Ί“μ‚Q’–Ϊ,14,0,0,0,2,0,0,2,0,0,0,0,0,0,0,0,0,0,0,10,0,0,5,0,0,0,0,0,0,3,2,2,1,0,0,0,1
—ϋ”n‹ζ’†‘Ί“μ‚R’–Ϊ,10,0,0,0,1,0,0,1,0,0,0,0,0,0,0,0,0,0,0,7,0,0,3,1,0,0,0,0,1,0,2,2,2,0,0,0,0
—ϋ”n‹ζ’†‘Ί–k‚P’–Ϊ,14,0,0,0,4,0,1,1,2,0,0,0,0,0,0,0,0,0,0,10,0,0,10,0,0,0,0,0,0,0,0,0,0,0,0,0,0
—ϋ”n‹ζ’†‘Ί–k‚Q’–Ϊ,11,0,0,0,0,0,0,0,0,0,1,0,0,0,0,0,0,0,1,9,0,0,8,0,0,1,0,0,0,0,0,1,0,0,0,0,1
—ϋ”n‹ζ’†‘Ί–k‚R’–Ϊ,27,0,0,0,2,0,2,0,0,0,0,0,0,0,0,0,0,0,0,20,0,0,14,2,0,0,0,0,0,2,2,5,4,0,0,0,1
—ϋ”n‹ζ’†‘Ί–k‚S’–Ϊ,20,0,0,0,6,0,5,1,0,0,0,0,0,0,0,0,0,0,0,6,0,0,3,1,0,0,0,0,0,0,2,8,5,1,0,0,2
—ϋ”n‹ζχ‘δ‚P’–Ϊ,36,0,0,0,4,0,3,1,0,0,0,0,0,0,0,0,0,0,0,20,0,0,8,0,0,0,0,0,0,8,4,12,7,2,0,0,3
—ϋ”n‹ζχ‘δ‚Q’–Ϊ,14,0,0,0,2,0,1,1,0,0,0,0,0,0,0,0,0,0,0,7,0,0,3,0,0,0,0,0,0,1,3,5,5,0,0,0,0
—ϋ”n‹ζχ‘δ‚R’–Ϊ,21,0,0,0,2,0,2,0,0,0,0,0,0,0,0,0,0,0,0,12,0,0,7,0,0,0,0,0,0,1,4,7,5,0,0,0,2
—ϋ”n‹ζχ‘δ‚S’–Ϊ,15,0,0,0,3,0,1,1,1,0,0,0,0,0,0,0,0,0,0,9,0,0,4,0,0,0,0,0,0,0,5,3,1,0,1,0,1
—ϋ”n‹ζχ‘δ‚T’–Ϊ,15,0,0,0,3,0,1,2,0,0,0,0,0,0,0,0,0,0,0,5,0,0,3,0,0,0,0,0,0,0,2,7,4,0,0,0,3
—ϋ”n‹ζχ‘δ‚U’–Ϊ,10,0,0,0,1,0,1,0,0,0,0,0,0,0,0,0,0,0,0,5,0,0,4,0,0,0,0,0,0,0,1,4,2,0,0,0,2
—ϋ”n‹ζ—ϋ”n‚P’–Ϊ,112,1,0,1,14,0,10,4,0,0,0,0,0,0,0,0,0,0,0,77,0,2,47,3,0,0,0,0,0,19,6,20,4,2,0,0,14
—ϋ”n‹ζ—ϋ”n‚Q’–Ϊ,14,0,0,0,1,0,0,1,0,0,0,0,0,0,0,0,0,0,0,10,0,0,8,0,0,0,0,0,0,1,1,3,1,0,0,0,2
—ϋ”n‹ζ—ϋ”n‚R’–Ϊ,16,0,0,0,3,0,1,1,1,0,0,0,0,0,0,0,0,0,0,8,0,0,6,0,0,0,0,0,0,0,2,5,2,0,0,0,3
—ϋ”n‹ζ—ϋ”n‚S’–Ϊ,29,0,0,0,2,0,1,0,1,0,0,0,0,0,0,0,0,0,0,21,0,0,14,2,0,0,0,0,0,1,4,6,3,0,0,0,3
—ϋ”n‹ζόR‚P’–Ϊ,10,1,0,1,1,0,0,1,0,0,0,0,0,0,0,0,0,0,0,6,0,0,4,1,0,1,0,0,0,0,0,2,0,0,0,0,2
—ϋ”n‹ζόR‚Q’–Ϊ,10,0,0,0,3,0,1,1,1,0,0,0,0,0,0,0,0,0,0,4,0,0,3,0,0,0,0,0,0,0,1,3,2,1,0,0,0
—ϋ”n‹ζόR‚R’–Ϊ,8,0,0,0,0,0,0,0,0,0,0,0,0,0,0,0,0,0,0,6,0,0,4,1,0,0,0,0,0,0,1,2,2,0,0,0,0
—ϋ”n‹ζόR‚S’–Ϊ,12,0,0,0,1,0,0,1,0,0,0,0,0,0,0,0,0,0,0,5,0,2,3,0,0,0,0,0,0,0,0,6,4,0,0,0,2
—ϋ”n‹ζΡδ‚P’–Ϊ,41,0,0,0,3,0,0,2,1,0,3,0,0,0,0,0,0,0,3,26,0,0,21,0,0,0,0,0,0,3,2,9,4,1,1,0,3
—ϋ”n‹ζΡδ‚Q’–Ϊ,10,0,0,0,1,0,0,1,0,0,0,0,0,0,0,0,0,0,0,7,0,1,2,0,0,0,0,0,0,1,3,2,2,0,0,0,0
—ϋ”n‹ζΡδ‚R’–Ϊ,48,0,0,0,2,0,0,2,0,0,0,0,0,0,0,0,0,0,0,32,0,1,16,1,1,1,0,0,0,7,5,14,2,2,0,0,10
—ϋ”n‹ζΡδ‚S’–Ϊ,15,1,0,1,2,0,1,0,1,0,0,0,0,0,0,0,0,0,0,9,0,1,4,0,0,0,0,0,0,0,4,3,1,0,0,0,2
—ϋ”n‹ζΡδ‚T’–Ϊ,14,1,0,1,0,0,0,0,0,0,1,0,0,0,0,1,0,0,0,9,0,0,7,0,0,0,0,0,0,1,1,3,3,0,0,0,0
—ϋ”n‹ζ‹Ρ‚P’–Ϊ,16,0,0,0,0,0,0,0,0,0,0,0,0,0,0,0,0,0,0,10,0,1,4,0,0,0,0,0,0,1,4,6,1,0,0,0,5
—ϋ”n‹ζ‹Ρ‚Q’–Ϊ,24,0,0,0,1,0,1,0,0,0,0,0,0,0,0,0,0,0,0,18,0,1,10,1,0,0,0,0,0,5,1,5,1,2,1,0,1
—ϋ”n‹ζ•Xμ‘δ‚P’–Ϊ,3,0,0,0,1,0,1,0,0,0,0,0,0,0,0,0,0,0,0,1,0,0,1,0,0,0,0,0,0,0,0,1,1,0,0,0,0
—ϋ”n‹ζ•Xμ‘δ‚Q’–Ϊ,9,0,0,0,0,0,0,0,0,0,0,0,0,0,0,0,0,0,0,8,0,1,3,1,0,0,0,0,0,0,3,1,1,0,0,0,0
—ϋ”n‹ζ•Xμ‘δ‚R’–Ϊ,28,0,0,0,3,0,3,0,0,0,0,0,0,0,0,0,0,0,0,20,0,0,11,1,0,0,0,0,0,0,8,5,2,1,1,0,1
—ϋ”n‹ζ•Xμ‘δ‚S’–Ϊ,22,0,0,0,2,0,1,1,0,0,0,0,0,0,0,0,0,0,0,15,0,0,13,0,0,0,0,0,0,0,2,5,2,0,0,0,3
—ϋ”n‹ζ•½a‘δ‚P’–Ϊ,15,0,0,0,0,0,0,0,0,0,0,0,0,0,0,0,0,0,0,8,0,1,5,1,0,0,0,0,0,0,1,7,4,0,0,0,3
—ϋ”n‹ζ•½a‘δ‚Q’–Ϊ,25,0,0,0,1,0,0,1,0,0,0,0,0,0,0,0,0,0,0,18,0,2,12,0,0,0,0,0,0,0,4,6,2,0,0,0,4
—ϋ”n‹ζ•½a‘δ‚R’–Ϊ,18,0,0,0,0,0,0,0,0,0,0,0,0,0,0,0,0,0,0,16,0,0,9,0,0,0,0,0,0,0,7,2,1,0,0,0,1
—ϋ”n‹ζ•½a‘δ‚S’–Ϊ,20,0,0,0,0,0,0,0,0,0,0,0,0,0,0,0,0,0,0,17,0,2,11,0,0,0,0,0,0,0,4,3,1,1,0,0,1
—ϋ”n‹ζ‘‹{‚P’–Ϊ,32,0,0,0,0,0,0,0,0,0,2,0,0,0,0,2,0,0,0,23,0,1,16,0,0,0,0,0,0,2,4,7,4,0,0,0,3
—ϋ”n‹ζ‘‹{‚Q’–Ϊ,37,0,0,0,3,0,2,0,1,0,0,0,0,0,0,0,0,0,0,20,0,0,11,1,0,0,0,0,0,2,6,14,6,0,0,0,8
—ϋ”n‹ζ‘‹{‚R’–Ϊ,13,0,0,0,0,0,0,0,0,0,0,0,0,0,0,0,0,0,0,7,0,0,5,0,0,0,0,0,0,0,2,6,3,0,0,0,3
—ϋ”n‹ζ‘‹{‚S’–Ϊ,21,1,0,1,2,0,2,0,0,0,0,0,0,0,0,0,0,0,0,12,0,0,8,0,0,0,0,0,0,1,3,6,3,0,0,0,3
—ϋ”n‹ζt“ϊ’¬‚P’–Ϊ,27,0,0,0,2,0,0,2,0,0,0,0,0,0,0,0,0,0,0,16,0,0,10,1,0,0,0,0,0,2,3,9,4,1,0,0,4
—ϋ”n‹ζt“ϊ’¬‚Q’–Ϊ,26,0,0,0,2,0,1,1,0,0,1,0,0,0,1,0,0,0,0,9,0,0,5,0,0,0,0,0,0,1,3,14,11,0,0,0,3
—ϋ”n‹ζt“ϊ’¬‚R’–Ϊ,15,0,0,0,1,0,0,0,0,1,0,0,0,0,0,0,0,0,0,9,0,0,5,0,0,0,0,0,0,0,4,5,0,0,0,0,5
—ϋ”n‹ζt“ϊ’¬‚S’–Ϊ,19,0,0,0,0,0,0,0,0,0,0,0,0,0,0,0,0,0,0,14,0,0,11,1,0,0,0,0,0,0,2,5,2,1,0,0,2
—ϋ”n‹ζt“ϊ’¬‚T’–Ϊ,16,0,0,0,1,0,0,1,0,0,0,0,0,0,0,0,0,0,0,14,0,0,9,1,0,0,0,0,0,1,3,1,1,0,0,0,0
—ϋ”n‹ζt“ϊ’¬‚U’–Ϊ,8,0,0,0,0,0,0,0,0,0,0,0,0,0,0,0,0,0,0,7,1,0,5,1,0,0,0,0,0,0,0,1,0,1,0,0,0
—ϋ”n‹ζ‚Ό‚P’–Ϊ,8,0,0,0,0,0,0,0,0,0,0,0,0,0,0,0,0,0,0,3,0,0,1,0,0,0,0,0,0,2,0,5,4,1,0,0,0
—ϋ”n‹ζ‚Ό‚Q’–Ϊ,9,0,0,0,1,0,0,1,0,0,0,0,0,0,0,0,0,0,0,6,1,0,5,0,0,0,0,0,0,0,0,2,1,0,0,0,1
—ϋ”n‹ζ‚Ό‚R’–Ϊ,13,0,0,0,1,0,0,1,0,0,0,0,0,0,0,0,0,0,0,9,0,0,7,0,0,0,0,0,0,1,1,3,2,0,0,0,1
—ϋ”n‹ζ‚Ό‚S’–Ϊ,11,0,0,0,0,0,0,0,0,0,0,0,0,0,0,0,0,0,0,9,0,1,6,0,0,0,0,0,0,0,2,2,0,0,0,0,2
—ϋ”n‹ζ‚Ό‚T’–Ϊ,9,0,0,0,0,0,0,0,0,0,0,0,0,0,0,0,0,0,0,8,0,0,6,0,0,0,0,0,0,1,1,1,1,0,0,0,0
—ϋ”n‹ζ‚Ό‚U’–Ϊ,9,0,0,0,0,0,0,0,0,0,0,0,0,0,0,0,0,0,0,8,0,0,5,0,0,0,0,0,0,0,3,1,1,0,0,0,0
—ϋ”n‹ζ–k’¬‚P’–Ϊ,20,0,0,0,1,0,0,0,1,0,0,0,0,0,0,0,0,0,0,17,0,0,12,1,0,0,0,0,0,0,4,2,0,1,0,0,1
—ϋ”n‹ζ–k’¬‚Q’–Ϊ,49,1,0,1,2,0,0,2,0,0,0,0,0,0,0,0,0,0,0,35,0,0,29,0,0,0,0,0,0,0,6,11,1,2,0,0,8
—ϋ”n‹ζ–k’¬‚R’–Ϊ,9,0,0,0,0,0,0,0,0,0,1,0,0,0,0,1,0,0,0,3,0,0,0,0,0,0,0,0,0,0,3,5,1,0,0,0,4
—ϋ”n‹ζ–k’¬‚T’–Ϊ,14,1,0,1,0,0,0,0,0,0,0,0,0,0,0,0,0,0,0,10,0,0,8,1,0,0,0,0,0,1,0,3,0,1,0,0,2
—ϋ”n‹ζ–k’¬‚U’–Ϊ,41,0,0,0,1,0,0,1,0,0,0,0,0,0,0,0,0,0,0,35,0,0,15,1,0,0,0,0,0,11,8,5,2,0,0,0,3
—ϋ”n‹ζ–k’¬‚V’–Ϊ,3,0,0,0,0,0,0,0,0,0,0,0,0,0,0,0,0,0,0,2,0,1,0,0,0,0,0,0,0,0,1,1,0,1,0,0,0
—ϋ”n‹ζ–k’¬‚W’–Ϊ,20,0,0,0,4,0,3,1,0,0,0,0,0,0,0,0,0,0,0,11,0,0,4,0,0,1,0,0,0,2,4,5,1,1,0,0,3
—ϋ”n‹ζ“c•Ώ‚P’–Ϊ,17,0,0,0,0,0,0,0,0,0,0,0,0,0,0,0,0,0,0,12,0,1,11,0,0,0,0,0,0,0,0,5,1,1,0,0,3
—ϋ”n‹ζ“c•Ώ‚Q’–Ϊ,35,0,0,0,3,0,0,1,1,1,1,0,0,0,0,1,0,0,0,22,0,0,11,0,0,0,0,0,0,6,5,9,2,1,0,0,6
—ϋ”n‹ζ“c•Ώ‚R’–Ϊ,29,0,0,0,0,0,0,0,0,0,0,0,0,0,0,0,0,0,0,24,0,1,15,0,0,0,0,0,0,6,2,5,0,0,0,0,5
—ϋ”n‹ζ“c•Ώ‚S’–Ϊ,11,0,0,0,2,0,0,2,0,0,0,0,0,0,0,0,0,0,0,7,0,2,3,0,0,0,0,0,0,1,1,2,1,0,0,0,1
—ϋ”n‹ζ“c•Ώ‚T’–Ϊ,21,0,0,0,0,0,0,0,0,0,0,0,0,0,0,0,0,0,0,15,0,1,9,0,0,0,0,0,0,3,2,6,4,0,0,0,2
—ϋ”n‹ζυ‚ª‹u‚P’–Ϊ,9,0,0,0,1,0,1,0,0,0,0,0,0,0,0,0,0,0,0,5,1,1,3,0,0,0,0,0,0,0,0,3,1,0,0,0,2
—ϋ”n‹ζυ‚ª‹u‚Q’–Ϊ,99,0,0,0,1,0,1,0,0,0,0,0,0,0,0,0,0,0,0,84,0,3,40,2,0,0,0,0,0,0,39,14,2,3,0,0,9
—ϋ”n‹ζυ‚ª‹u‚R’–Ϊ,60,0,0,0,2,0,0,1,1,0,0,0,0,0,0,0,0,0,0,47,0,1,35,2,0,0,0,0,0,2,7,11,1,5,0,0,5
—ϋ”n‹ζυ‚ª‹u‚S’–Ϊ,18,0,0,0,3,0,2,1,0,0,0,0,0,0,0,0,0,0,0,14,0,1,10,1,0,0,0,0,0,0,2,1,0,1,0,0,0
—ϋ”n‹ζυ‚ª‹u‚T’–Ϊ,113,1,1,0,2,0,1,1,0,0,0,0,0,0,0,0,0,0,0,97,0,1,31,0,0,0,1,0,0,55,9,13,2,4,0,0,7
—ϋ”n‹ζυ‚ª‹u‚U’–Ϊ,1,0,0,0,0,0,0,0,0,0,0,0,0,0,0,0,0,0,0,0,0,0,0,0,0,0,0,0,0,0,0,1,1,0,0,0,0
—ϋ”n‹ζυ‚ª‹u‚V’–Ϊ,25,0,0,0,0,0,0,0,0,0,0,0,0,0,0,0,0,0,0,19,0,0,15,1,0,0,0,0,0,0,3,6,2,0,0,0,4
—ϋ”n‹ζ®’¬‚P’–Ϊ,17,0,0,0,2,0,0,2,0,0,1,0,0,0,0,1,0,0,0,9,0,1,4,0,0,0,0,0,0,0,4,5,0,1,0,0,4
—ϋ”n‹ζ®’¬‚Q’–Ϊ,13,0,0,0,1,0,1,0,0,0,0,0,0,0,0,0,0,0,0,10,0,1,8,0,0,0,0,0,0,0,1,2,0,0,0,0,2
—ϋ”n‹ζ®’¬‚R’–Ϊ,21,0,0,0,5,0,2,3,0,0,0,0,0,0,0,0,0,0,0,9,0,0,5,0,0,0,0,0,0,0,4,7,3,0,0,0,4
—ϋ”n‹ζ“yx“c‚P’–Ϊ,12,0,0,0,0,0,0,0,0,0,0,0,0,0,0,0,0,0,0,8,0,0,5,0,0,0,0,0,0,0,3,4,2,0,0,0,2
—ϋ”n‹ζ“yx“c‚Q’–Ϊ,16,0,0,0,1,0,1,0,0,0,0,0,0,0,0,0,0,0,0,10,1,0,4,0,0,2,0,0,0,0,3,5,1,1,0,0,3
—ϋ”n‹ζ“yx“c‚R’–Ϊ,10,0,0,0,0,0,0,0,0,0,0,0,0,0,0,0,0,0,0,7,0,1,6,0,0,0,0,0,0,0,0,3,0,0,0,0,3
—ϋ”n‹ζ“yx“c‚S’–Ϊ,3,0,0,0,0,0,0,0,0,0,0,0,0,0,0,0,0,0,0,3,0,1,2,0,0,0,0,0,0,0,0,0,0,0,0,0,0
—ϋ”n‹ζ•xm©‘δ‚P’–Ϊ,4,0,0,0,0,0,0,0,0,0,0,0,0,0,0,0,0,0,0,3,0,0,0,0,0,0,0,0,0,0,3,1,0,0,0,0,1
—ϋ”n‹ζ•xm©‘δ‚Q’–Ϊ,14,1,0,1,1,0,0,1,0,0,0,0,0,0,0,0,0,0,0,10,0,0,3,1,0,0,0,0,0,1,5,2,0,2,0,0,0
—ϋ”n‹ζ•xm©‘δ‚R’–Ϊ,12,0,0,0,0,0,0,0,0,0,0,0,0,0,0,0,0,0,0,8,0,2,4,0,0,0,0,0,0,0,2,4,2,1,0,0,1
—ϋ”n‹ζ•xm©‘δ‚S’–Ϊ,5,1,0,1,0,0,0,0,0,0,0,0,0,0,0,0,0,0,0,4,0,0,2,0,0,0,0,0,0,1,1,0,0,0,0,0,0
—ϋ”n‹ζ“μ“c’†‚P’–Ϊ,8,0,0,0,1,0,0,1,0,0,0,0,0,0,0,0,0,0,0,5,0,0,5,0,0,0,0,0,0,0,0,2,1,0,0,0,1
—ϋ”n‹ζ“μ“c’†‚Q’–Ϊ,13,0,0,0,1,0,0,0,1,0,0,0,0,0,0,0,0,0,0,12,0,0,2,0,0,0,0,0,0,10,0,0,0,0,0,0,0
—ϋ”n‹ζ“μ“c’†‚R’–Ϊ,4,0,0,0,0,0,0,0,0,0,0,0,0,0,0,0,0,0,0,3,0,1,1,1,0,0,0,0,0,0,0,1,1,0,0,0,0
—ϋ”n‹ζ“μ“c’†‚S’–Ϊ,12,3,0,3,1,0,0,1,0,0,0,0,0,0,0,0,0,0,0,4,0,0,1,0,0,0,0,0,0,0,3,4,2,0,0,0,2
—ϋ”n‹ζ“μ“c’†‚T’–Ϊ,4,0,0,0,0,0,0,0,0,0,0,0,0,0,0,0,0,0,0,4,0,0,2,0,0,0,0,1,0,0,1,0,0,0,0,0,0
—ϋ”n‹ζ‚–μ‘δ‚P’–Ϊ,34,0,0,0,5,0,3,2,0,0,0,0,0,0,0,0,0,0,0,25,0,0,8,0,0,2,0,0,0,6,9,4,1,1,0,0,2
—ϋ”n‹ζ‚–μ‘δ‚Q’–Ϊ,9,0,0,0,0,0,0,0,0,0,0,0,0,0,0,0,0,0,0,6,0,0,6,0,0,0,0,0,0,0,0,3,1,2,0,0,0
—ϋ”n‹ζ‚–μ‘δ‚R’–Ϊ,12,0,0,0,4,0,2,2,0,0,1,0,0,0,0,0,0,0,1,4,0,0,3,0,0,0,0,0,0,0,1,3,1,0,0,0,2
—ϋ”n‹ζ‚–μ‘δ‚S’–Ϊ,6,0,0,0,1,0,1,0,0,0,0,0,0,0,0,0,0,0,0,5,1,0,2,0,0,0,0,0,0,0,2,0,0,0,0,0,0
—ϋ”n‹ζ‚–μ‘δ‚T’–Ϊ,2,0,0,0,0,0,0,0,0,0,0,0,0,0,0,0,0,0,0,2,0,0,0,0,0,0,0,0,0,1,1,0,0,0,0,0,0
—ϋ”n‹ζ’J΄‚P’–Ϊ,10,0,0,0,0,0,0,0,0,0,0,0,0,0,0,0,0,0,0,9,0,0,6,0,0,1,0,0,0,1,1,1,0,0,0,0,1
—ϋ”n‹ζ’J΄‚Q’–Ϊ,10,0,0,0,5,0,4,1,0,0,0,0,0,0,0,0,0,0,0,2,1,0,0,0,0,0,0,0,0,0,1,3,1,0,0,0,2
—ϋ”n‹ζ’J΄‚R’–Ϊ,3,0,0,0,0,0,0,0,0,0,0,0,0,0,0,0,0,0,0,2,0,0,2,0,0,0,0,0,0,0,0,1,0,0,0,0,1
—ϋ”n‹ζ’J΄‚S’–Ϊ,10,0,0,0,2,0,1,0,1,0,0,0,0,0,0,0,0,0,0,6,0,0,4,0,0,0,0,0,0,0,2,2,0,0,0,0,2
—ϋ”n‹ζ’J΄‚T’–Ϊ,11,0,0,0,0,0,0,0,0,0,0,0,0,0,0,0,0,0,0,8,0,1,4,0,0,0,0,0,0,1,2,3,0,0,0,0,3
—ϋ”n‹ζ’J΄‚U’–Ϊ,7,0,0,0,0,0,0,0,0,0,0,0,0,0,0,0,0,0,0,6,0,0,3,0,0,0,0,0,0,0,3,1,0,0,0,0,1
—ϋ”n‹ζO΄‘δ‚P’–Ϊ,15,0,0,0,2,0,0,0,2,0,0,0,0,0,0,0,0,0,0,8,0,1,3,0,0,0,0,0,0,1,3,5,2,1,0,0,2
—ϋ”n‹ζO΄‘δ‚Q’–Ϊ,8,0,0,0,1,0,0,0,1,0,0,0,0,0,0,0,0,0,0,6,0,0,4,0,0,0,0,0,0,0,2,1,0,1,0,0,0
—ϋ”n‹ζO΄‘δ‚R’–Ϊ,8,0,0,0,1,0,1,0,0,0,0,0,0,0,0,0,0,0,0,4,0,0,4,0,0,0,0,0,0,0,0,3,1,0,0,0,2
—ϋ”n‹ζΞ_δ’¬‚P’–Ϊ,15,0,0,0,0,0,0,0,0,0,0,0,0,0,0,0,0,0,0,7,0,0,7,0,0,0,0,0,0,0,0,8,2,1,0,0,5
—ϋ”n‹ζΞ_δ’¬‚Q’–Ϊ,36,0,0,0,5,0,4,1,0,0,1,0,0,1,0,0,0,0,0,22,0,0,15,2,0,0,0,0,0,3,2,8,0,1,0,0,7
—ϋ”n‹ζΞ_δ’¬‚R’–Ϊ,88,0,0,0,13,0,12,1,0,0,0,0,0,0,0,0,0,0,0,62,0,0,47,0,0,0,0,0,0,1,14,13,4,1,0,0,8
—ϋ”n‹ζΞ_δ’¬‚S’–Ϊ,16,1,0,1,0,0,0,0,0,0,1,0,0,0,0,1,0,0,0,12,0,0,11,0,0,0,0,0,0,1,0,2,1,0,0,0,1
—ϋ”n‹ζΞ_δ’¬‚T’–Ϊ,20,0,0,0,0,0,0,0,0,0,1,0,0,0,0,1,0,0,0,13,0,0,7,1,0,0,0,0,0,1,4,6,0,1,0,0,5
—ϋ”n‹ζΞ_δ’¬‚U’–Ϊ,3,0,0,0,0,0,0,0,0,0,0,0,0,0,0,0,0,0,0,2,0,0,0,0,0,0,0,0,0,1,1,1,0,1,0,0,0
—ϋ”n‹ζΞ_δ’¬‚V’–Ϊ,14,0,0,0,0,0,0,0,0,0,0,0,0,0,0,0,0,0,0,10,0,0,7,2,0,0,0,0,0,0,1,4,1,0,0,0,3
—ϋ”n‹ζΞ_δ’¬‚W’–Ϊ,15,0,0,0,1,0,1,0,0,0,1,0,0,0,0,1,0,0,0,10,0,0,9,0,0,0,0,0,0,0,1,3,1,0,0,0,2
—ϋ”n‹ζΞ_δ‘δ‚P’–Ϊ,8,0,0,0,1,0,1,0,0,0,1,0,0,0,0,1,0,0,0,3,0,0,2,1,0,0,0,0,0,0,0,3,0,0,0,1,2
—ϋ”n‹ζΞ_δ‘δ‚Q’–Ϊ,12,0,0,0,0,0,0,0,0,0,1,0,0,0,0,0,0,0,1,9,0,0,4,0,0,0,0,0,0,1,4,2,2,0,0,0,0
—ϋ”n‹ζΞ_δ‘δ‚R’–Ϊ,14,0,0,0,0,0,0,0,0,0,2,0,0,2,0,0,0,0,0,9,0,0,8,0,0,0,0,0,0,0,1,3,1,0,0,0,2
—ϋ”n‹ζΞ_δ‘δ‚S’–Ϊ,17,0,0,0,0,0,0,0,0,0,2,0,0,0,0,1,0,0,1,11,0,1,1,0,0,0,0,0,0,3,6,4,1,0,0,0,3
—ϋ”n‹ζΞ_δ‘δ‚T’–Ϊ,8,0,0,0,0,0,0,0,0,0,0,0,0,0,0,0,0,0,0,6,0,0,6,0,0,0,0,0,0,0,0,2,0,1,0,0,1
—ϋ”n‹ζΞ_δ‘δ‚U’–Ϊ,4,0,0,0,0,0,0,0,0,0,0,0,0,0,0,0,0,0,0,3,0,0,2,0,0,0,0,0,0,0,1,1,0,0,0,0,1
—ϋ”n‹ζΞ_δ‘δ‚V’–Ϊ,7,0,0,0,0,0,0,0,0,0,0,0,0,0,0,0,0,0,0,5,0,0,4,0,0,0,0,0,0,0,1,2,1,0,0,0,1
—ϋ”n‹ζΞ_δ‘δ‚W’–Ϊ,5,0,0,0,0,0,0,0,0,0,0,0,0,0,0,0,0,0,0,5,0,0,4,0,0,0,0,0,0,0,1,0,0,0,0,0,0
—ϋ”n‹ζ‰ΊΞ_δ‚P’–Ϊ,8,0,0,0,2,0,2,0,0,0,0,0,0,0,0,0,0,0,0,5,0,0,4,1,0,0,0,0,0,0,0,1,0,0,0,0,1
—ϋ”n‹ζ‰ΊΞ_δ‚Q’–Ϊ,15,0,0,0,0,0,0,0,0,0,0,0,0,0,0,0,0,0,0,11,0,0,3,1,0,1,0,1,0,3,2,4,1,0,0,0,3
—ϋ”n‹ζ‰ΊΞ_δ‚R’–Ϊ,1,0,0,0,0,0,0,0,0,0,0,0,0,0,0,0,0,0,0,1,0,0,1,0,0,0,0,0,0,0,0,0,0,0,0,0,0
—ϋ”n‹ζ‰ΊΞ_δ‚S’–Ϊ,10,0,0,0,0,0,0,0,0,0,0,0,0,0,0,0,0,0,0,10,0,0,6,0,0,0,0,0,0,3,1,0,0,0,0,0,0
—ϋ”n‹ζ‰ΊΞ_δ‚T’–Ϊ,6,0,0,0,0,0,0,0,0,0,0,0,0,0,0,0,0,0,0,5,0,0,2,2,0,0,0,0,0,0,1,1,0,0,0,0,1
—ϋ”n‹ζ‰ΊΞ_δ‚U’–Ϊ,6,0,0,0,0,0,0,0,0,0,1,0,0,0,0,1,0,0,0,3,0,0,2,0,0,0,0,0,0,1,0,2,1,0,0,0,1
—ϋ”n‹ζ“‘ες‚P’–Ϊ,77,1,0,1,8,0,4,4,0,0,1,0,0,0,1,0,0,0,0,55,0,3,31,2,0,0,1,0,1,5,12,12,1,0,0,0,11
—ϋ”n‹ζ“‘ες‚Q’–Ϊ,42,0,0,0,1,0,0,0,0,1,1,0,0,0,0,1,0,0,0,36,0,0,14,1,0,0,0,0,0,16,5,4,1,0,0,0,3
—ϋ”n‹ζ“‘ες‚R’–Ϊ,33,0,0,0,0,0,0,0,0,0,1,0,0,0,0,0,0,0,1,30,0,1,14,2,0,0,0,0,0,5,8,2,0,0,0,0,2
—ϋ”n‹ζ“‘ες‚S’–Ϊ,33,0,0,0,0,0,0,0,0,0,0,0,0,0,0,0,0,0,0,25,0,0,14,1,0,1,0,0,0,4,5,8,0,0,0,0,8
—ϋ”n‹ζ“‘ες‚T’–Ϊ,45,0,0,0,0,0,0,0,0,0,1,0,1,0,0,0,0,0,0,42,0,1,11,2,0,0,0,1,0,23,4,2,0,0,0,0,2
—ϋ”n‹ζ“‘ες‚U’–Ϊ,22,0,0,0,5,0,3,0,2,0,0,0,0,0,0,0,0,0,0,12,0,0,5,1,0,0,0,0,0,1,5,5,4,0,0,0,1
—ϋ”n‹ζ“‘ες‚V’–Ϊ,13,1,1,0,0,0,0,0,0,0,0,0,0,0,0,0,0,0,0,4,0,0,1,1,0,0,0,0,0,0,2,8,2,0,0,0,6
—ϋ”n‹ζΌ‘ες‚P’–Ϊ,10,0,0,0,0,0,0,0,0,0,1,0,0,0,0,0,1,0,0,6,0,1,2,1,0,1,0,0,0,0,1,3,0,2,0,0,1
—ϋ”n‹ζΌ‘ες‚Q’–Ϊ,11,0,0,0,1,0,1,0,0,0,1,0,0,0,0,0,0,0,1,7,1,0,3,0,0,0,0,0,0,0,3,2,2,0,0,0,0
—ϋ”n‹ζΌ‘ες‚R’–Ϊ,20,0,0,0,1,0,1,0,0,0,0,0,0,0,0,0,0,0,0,15,0,0,9,0,0,0,0,1,0,1,4,4,2,0,0,0,2
—ϋ”n‹ζΌ‘ες‚S’–Ϊ,6,0,0,0,1,0,0,0,1,0,1,0,0,0,0,1,0,0,0,2,0,0,0,0,0,0,0,0,0,1,1,2,0,0,0,0,2
—ϋ”n‹ζΌ‘ες‚T’–Ϊ,13,0,0,0,0,0,0,0,0,0,0,0,0,0,0,0,0,0,0,10,0,2,3,1,0,0,0,0,0,1,3,3,2,0,0,0,1
—ϋ”n‹ζΌ‘ες‚U’–Ϊ,4,0,0,0,0,0,0,0,0,0,0,0,0,0,0,0,0,0,0,3,0,1,2,0,0,0,0,0,0,0,0,1,0,0,0,0,1
—ϋ”n‹ζ“μ‘ες‚P’–Ϊ,6,0,0,0,0,0,0,0,0,0,1,0,0,0,0,1,0,0,0,3,0,0,1,0,0,0,0,0,0,1,1,2,1,0,0,0,1
—ϋ”n‹ζ“μ‘ες‚Q’–Ϊ,2,0,0,0,0,0,0,0,0,0,0,0,0,0,0,0,0,0,0,1,0,0,0,0,0,0,0,0,0,0,1,1,1,0,0,0,0
—ϋ”n‹ζ“μ‘ες‚R’–Ϊ,14,0,0,0,0,0,0,0,0,0,0,0,0,0,0,0,0,0,0,13,0,0,8,0,0,0,0,0,0,0,5,1,1,0,0,0,0
—ϋ”n‹ζ“μ‘ες‚S’–Ϊ,12,0,0,0,0,0,0,0,0,0,0,0,0,0,0,0,0,0,0,11,0,1,7,1,0,0,0,0,0,0,2,1,0,0,0,0,1
—ϋ”n‹ζ“μ‘ες‚T’–Ϊ,30,0,0,0,0,0,0,0,0,0,3,0,0,1,0,2,0,0,0,23,0,3,12,3,0,0,0,0,0,1,4,4,2,0,0,0,2
—ϋ”n‹ζ“μ‘ες‚U’–Ϊ,6,0,0,0,1,0,0,1,0,0,1,0,0,0,0,1,0,0,0,2,0,0,0,0,0,0,0,0,0,1,1,2,1,0,0,0,1
—ϋ”n‹ζ‘εςw‰€’¬‚P’–Ϊ,23,0,0,0,0,0,0,0,0,0,1,0,0,0,0,0,0,0,1,19,0,2,4,1,0,2,0,0,0,10,0,3,2,0,0,0,1
—ϋ”n‹ζ‘εςw‰€’¬‚Q’–Ϊ,12,0,0,0,0,0,0,0,0,0,1,0,0,0,0,0,0,0,1,4,0,0,2,0,0,1,0,0,0,0,1,7,0,0,0,0,7
—ϋ”n‹ζ‘εςw‰€’¬‚R’–Ϊ,7,1,0,1,1,0,0,0,1,0,0,0,0,0,0,0,0,0,0,1,0,1,0,0,0,0,0,0,0,0,0,4,1,0,0,0,3
—ϋ”n‹ζ‘εςw‰€’¬‚S’–Ϊ,19,0,0,0,1,0,0,1,0,0,3,0,0,0,0,2,0,0,1,9,0,1,4,1,0,0,0,0,0,0,3,6,2,0,0,0,4
—ϋ”n‹ζ‘εςw‰€’¬‚T’–Ϊ,13,0,0,0,1,0,1,0,0,0,0,0,0,0,0,0,0,0,0,9,0,0,5,2,0,1,0,0,0,0,1,3,1,0,0,0,2
—ϋ”n‹ζ‘εςw‰€’¬‚U’–Ϊ,18,0,0,0,0,0,0,0,0,0,2,0,0,0,0,0,0,0,2,12,0,0,7,0,0,0,0,0,0,2,3,4,1,1,0,0,2
—ϋ”n‹ζ‘εςw‰€’¬‚V’–Ϊ,14,0,0,0,2,0,1,0,1,0,1,0,0,0,0,1,0,0,0,7,0,2,1,0,0,0,0,0,0,1,3,4,0,0,0,0,4
—ϋ”n‹ζ‘εςw‰€’¬‚W’–Ϊ,13,0,0,0,1,0,1,0,0,0,2,0,0,1,0,1,0,0,0,7,0,0,6,0,0,0,0,0,0,0,1,3,0,0,0,0,3
—ϋ”n‹ζ‘εςw‰€’¬‚X’–Ϊ,2,0,0,0,0,0,0,0,0,0,0,0,0,0,0,0,0,0,0,1,0,0,1,0,0,0,0,0,0,0,0,1,0,0,0,0,1
—ϋ”n‹ζ‘ες’¬‚P’–Ϊ,16,1,1,0,3,0,1,1,1,0,1,0,0,0,0,1,0,0,0,9,0,0,6,0,0,0,0,0,0,0,3,2,1,1,0,0,0
—ϋ”n‹ζ‘ες’¬‚Q’–Ϊ,14,2,1,1,0,0,0,0,0,0,0,0,0,0,0,0,0,0,0,10,1,1,4,0,0,0,0,0,0,0,4,2,1,0,1,0,0
—ϋ”n‹ζ‘ες’¬‚R’–Ϊ,11,0,0,0,0,0,0,0,0,0,1,0,0,0,0,0,0,0,1,6,0,0,5,0,0,0,0,0,0,0,1,4,3,0,0,0,1
—ϋ”n‹ζ‘ες’¬‚S’–Ϊ,14,0,0,0,1,0,0,1,0,0,1,0,0,0,0,1,0,0,0,11,0,1,6,1,0,1,0,0,0,1,1,1,1,0,0,0,0
—ϋ”n‹ζ‘ες’¬‚T’–Ϊ,42,0,0,0,2,0,2,0,0,0,1,0,0,0,0,0,0,0,1,33,0,0,7,0,0,0,0,0,0,23,3,6,1,0,0,0,5
—ϋ”n‹ζ‘ες’¬‚U’–Ϊ,10,0,0,0,1,0,0,1,0,0,1,0,0,0,0,1,0,0,0,6,0,0,1,0,0,0,0,0,0,4,1,2,0,2,0,0,0
—ϋ”n‹ζΦ’¬“μ‚P’–Ϊ,14,0,0,0,0,0,0,0,0,0,1,0,0,0,0,0,0,0,1,9,0,0,8,0,0,0,0,0,0,0,1,4,2,0,0,0,2
—ϋ”n‹ζΦ’¬“μ‚Q’–Ϊ,12,0,0,0,1,0,1,0,0,0,0,0,0,0,0,0,0,0,0,7,0,0,4,2,0,1,0,0,0,0,0,4,0,1,0,0,3
—ϋ”n‹ζΦ’¬“μ‚R’–Ϊ,12,0,0,0,2,0,2,0,0,0,1,0,0,0,0,1,0,0,0,8,0,0,8,0,0,0,0,0,0,0,0,1,0,0,0,0,1
—ϋ”n‹ζΦ’¬“μ‚S’–Ϊ,29,0,0,0,1,0,0,1,0,0,0,0,0,0,0,0,0,0,0,17,0,0,10,1,0,1,0,0,0,0,5,11,2,0,0,0,9
—ϋ”n‹ζ—§–μ’¬,14,0,0,0,0,0,0,0,0,0,0,0,0,0,0,0,0,0,0,11,0,0,11,0,0,0,0,0,0,0,0,3,3,0,0,0,0
—ϋ”n‹ζγΞ_δ“μ’¬,2,0,0,0,0,0,0,0,0,0,0,0,0,0,0,0,0,0,0,2,0,0,1,0,0,0,0,0,0,0,1,0,0,0,0,0,0
—ϋ”n‹ζΦ’¬“‚P’–Ϊ,9,0,0,0,0,0,0,0,0,0,0,0,0,0,0,0,0,0,0,5,0,0,4,0,0,0,0,0,0,0,1,4,1,0,1,0,2
—ϋ”n‹ζΦ’¬“‚Q’–Ϊ,8,0,0,0,0,0,0,0,0,0,0,0,0,0,0,0,0,0,0,6,0,0,4,0,0,0,0,0,0,0,2,2,0,0,0,0,2
—ϋ”n‹ζγΞ_δ‚P’–Ϊ,49,0,0,0,4,0,1,2,0,1,1,0,0,0,0,1,0,0,0,29,0,0,21,1,0,0,0,0,0,4,3,15,3,1,0,0,11
—ϋ”n‹ζγΞ_δ‚Q’–Ϊ,29,0,0,0,0,0,0,0,0,0,1,0,0,0,0,0,0,0,1,23,1,0,19,0,0,0,0,0,0,2,1,5,1,0,0,0,4
—ϋ”n‹ζγΞ_δ‚R’–Ϊ,12,0,0,0,1,0,0,1,0,0,0,0,0,0,0,0,0,0,0,7,0,0,5,1,0,0,0,0,0,0,1,4,1,0,0,0,3
—ϋ”n‹ζγΞ_δ‚S’–Ϊ,21,0,0,0,2,0,1,0,1,0,3,0,0,0,1,1,0,0,1,11,0,0,10,0,0,0,0,0,0,0,1,5,1,0,0,0,4
—ϋ”n‹ζv,3662,22,5,17,263,0,137,88,31,7,88,0,1,5,7,39,4,0,32,2439,9,66,1425,74,1,20,3,4,2,321,514,850,297,77,7,1,468
‘«—§‹ζηZΦ‰®’¬,18,0,0,0,0,0,0,0,0,0,0,0,0,0,0,0,0,0,0,6,0,0,1,1,0,0,0,0,0,1,3,12,6,1,0,0,5
‘«—§‹ζηZ’¬,22,1,1,0,2,0,1,1,0,0,0,0,0,0,0,0,0,0,0,12,0,0,7,0,1,0,0,0,0,0,4,7,1,2,0,0,4
‘«—§‹ζηZ“‚P’–Ϊ,7,0,0,0,1,0,1,0,0,0,0,0,0,0,0,0,0,0,0,3,0,0,2,0,0,0,0,0,0,0,1,3,2,0,0,0,1
‘«—§‹ζηZ“‚Q’–Ϊ,17,1,1,0,0,0,0,0,0,0,1,0,0,0,0,1,0,0,0,6,0,0,4,0,0,0,0,0,0,0,2,9,5,0,0,0,4
‘«—§‹ζηZ®’¬,137,1,0,1,29,0,19,8,1,1,2,0,0,0,1,1,0,0,0,59,0,0,8,1,0,1,1,0,7,26,15,46,7,4,2,0,33
‘«—§‹ζ–φ΄‚P’–Ϊ,14,0,0,0,0,0,0,0,0,0,2,0,0,0,0,2,0,0,0,5,0,0,4,0,0,0,0,0,0,0,1,7,1,1,0,0,5
‘«—§‹ζ–φ΄‚Q’–Ϊ,14,0,0,0,2,0,1,1,0,0,2,0,0,0,0,1,1,0,0,6,0,0,2,0,0,0,0,0,1,0,3,4,0,0,0,0,4
‘«—§‹ζ“ϊƒmo’¬,12,0,0,0,1,0,1,0,0,0,2,0,0,0,0,1,1,0,0,7,0,0,1,0,0,0,0,0,0,4,2,2,2,0,0,0,0
‘«—§‹ζηZ‹΄Λ’¬,25,2,1,1,3,0,3,0,0,0,0,0,0,0,0,0,0,0,0,15,0,0,10,0,0,0,0,0,0,0,5,5,3,0,0,0,2
‘«—§‹ζηZ—Ξ’¬‚P’–Ϊ,2,0,0,0,0,0,0,0,0,0,0,0,0,0,0,0,0,0,0,1,0,0,0,0,0,0,0,0,0,0,1,1,0,0,0,0,1
‘«—§‹ζηZ—Ξ’¬‚Q’–Ϊ,2,0,0,0,0,0,0,0,0,0,0,0,0,0,0,0,0,0,0,2,0,0,2,0,0,0,0,0,0,0,0,0,0,0,0,0,0
‘«—§‹ζηZ—Ξ’¬‚R’–Ϊ,8,1,0,1,1,0,0,0,1,0,0,0,0,0,0,0,0,0,0,2,0,0,2,0,0,0,0,0,0,0,0,4,3,0,0,0,1
‘«—§‹ζηZ‹{³’¬,8,0,0,0,1,0,0,1,0,0,0,0,0,0,0,0,0,0,0,3,0,0,1,0,0,0,0,0,0,0,2,4,2,1,0,0,1
‘«—§‹ζηZ’†‹’¬,13,0,0,0,2,0,0,2,0,0,0,0,0,0,0,0,0,0,0,8,0,0,2,0,0,1,0,0,0,2,3,3,0,0,0,0,3
‘«—§‹ζηZ—΄“c’¬,14,0,0,0,0,0,0,0,0,0,0,0,0,0,0,0,0,0,0,10,0,0,6,0,0,0,0,0,1,0,3,4,4,0,0,0,0
‘«—§‹ζηZχ–Ψ‚P’–Ϊ,5,0,0,0,1,0,1,0,0,0,0,0,0,0,0,0,0,0,0,2,0,0,2,0,0,0,0,0,0,0,0,2,0,0,0,0,2
‘«—§‹ζηZχ–Ψ‚Q’–Ϊ,15,0,0,0,1,0,0,1,0,0,0,0,0,0,0,0,0,0,0,11,0,1,3,0,0,0,0,0,0,0,7,3,1,2,0,0,0
‘«—§‹ζηZ‚Q’–Ϊ,132,2,0,2,25,0,18,6,0,1,4,0,0,0,2,0,0,0,2,57,0,1,21,0,0,3,1,0,3,6,22,44,9,7,1,0,27
‘«—§‹ζηZ‚R’–Ϊ,86,0,0,0,5,0,3,2,0,0,0,0,0,0,0,0,0,0,0,60,0,0,14,1,0,0,0,0,2,39,4,21,6,6,1,0,8
‘«—§‹ζηZ‘εμ’¬,11,0,0,0,0,0,0,0,0,0,0,0,0,0,0,0,0,0,0,8,1,0,7,0,0,0,0,0,0,0,0,3,0,1,0,0,2
‘«—§‹ζηZυ’¬,16,0,0,0,1,0,1,0,0,0,0,0,0,0,0,0,0,0,0,13,0,0,7,1,0,1,0,0,0,3,1,2,0,1,0,0,1
‘«—§‹ζηZ³’¬,17,1,0,1,1,0,0,0,0,1,0,0,0,0,0,0,0,0,0,11,0,0,10,0,0,0,0,0,0,0,1,4,3,0,0,0,1
‘«—§‹ζηZ–φ’¬,10,0,0,0,1,0,0,1,0,0,2,0,0,0,1,0,1,0,0,4,0,0,1,0,0,0,0,0,0,0,3,3,2,0,0,0,1
‘«—§‹ζ‘«—§‚P’–Ϊ,14,0,0,0,1,0,0,1,0,0,2,0,0,0,0,0,0,0,2,6,1,0,4,0,0,1,0,0,0,0,0,5,3,0,0,0,2
‘«—§‹ζ‘«—§‚Q’–Ϊ,11,0,0,0,1,0,1,0,0,0,1,0,0,0,0,0,0,0,1,8,0,0,5,0,0,0,0,0,0,0,3,1,0,1,0,0,0
‘«—§‹ζ‘«—§‚R’–Ϊ,32,0,0,0,4,0,2,2,0,0,1,0,0,0,0,1,0,0,0,18,0,0,11,0,0,0,0,0,0,0,7,9,3,0,0,0,6
‘«—§‹ζ‘«—§‚S’–Ϊ,23,0,0,0,1,0,1,0,0,0,2,0,0,0,0,1,0,0,1,17,0,0,9,1,0,0,0,1,0,0,6,3,0,1,0,0,2
‘«—§‹ζ–{–Ψ‚P’–Ϊ,15,0,0,0,0,0,0,0,0,0,0,0,0,0,0,0,0,0,0,10,0,1,4,3,0,0,0,0,0,1,1,5,3,1,0,0,1
‘«—§‹ζ–{–Ψ‚Q’–Ϊ,16,0,0,0,1,0,1,0,0,0,1,0,0,0,0,0,0,0,1,12,0,0,6,1,0,0,0,0,0,5,0,2,0,0,0,0,2
‘«—§‹ζΦ΄‚P’–Ϊ,9,0,0,0,2,0,1,0,1,0,0,0,0,0,0,0,0,0,0,4,0,0,1,1,0,0,0,0,0,0,2,3,0,1,0,0,2
‘«—§‹ζΦ΄‚Q’–Ϊ,17,1,0,1,3,0,0,1,2,0,0,0,0,0,0,0,0,0,0,9,0,0,5,0,0,1,0,0,0,1,2,4,2,2,0,0,0
‘«—§‹ζΦ΄‚R’–Ϊ,20,0,0,0,0,0,0,0,0,0,1,0,0,0,1,0,0,0,0,12,0,0,3,0,0,0,0,0,0,0,9,7,1,1,0,0,5
‘«—§‹ζ‹»–μ‚P’–Ϊ,9,0,0,0,1,0,1,0,0,0,0,0,0,0,0,0,0,0,0,7,0,0,2,0,0,0,0,0,0,3,2,1,0,0,0,0,1
‘«—§‹ζ‹»–μ‚Q’–Ϊ,15,0,0,0,0,0,0,0,0,0,3,0,0,0,0,0,0,0,3,5,0,1,2,0,0,0,0,0,0,0,2,7,2,0,0,0,5
‘«—§‹ζ–{–Ψ“’¬,6,0,0,0,2,0,2,0,0,0,0,0,0,0,0,0,0,0,0,2,0,0,1,0,0,0,0,0,0,0,1,2,0,0,0,0,2
‘«—§‹ζ–{–ΨΌ’¬,7,0,0,0,1,0,0,1,0,0,0,0,0,0,0,0,0,0,0,2,0,0,0,0,0,0,0,0,0,0,2,4,1,1,0,0,2
‘«—§‹ζ–{–Ψ“μ’¬,7,0,0,0,0,0,0,0,0,0,1,0,0,0,0,0,0,0,1,3,0,0,2,0,0,0,0,0,0,0,1,3,0,0,0,0,3
‘«—§‹ζ–{–Ψ–k’¬,3,1,0,1,0,0,0,0,0,0,0,0,0,0,0,0,0,0,0,0,0,0,0,0,0,0,0,0,0,0,0,2,0,0,0,0,2
‘«—§‹ζξ‚P’–Ϊ,30,0,0,0,1,0,1,0,0,0,3,0,0,0,0,1,0,0,2,17,0,0,8,3,3,0,0,0,0,0,3,9,3,0,0,0,6
‘«—§‹ζξ‚Q’–Ϊ,32,0,0,0,1,0,1,0,0,0,0,0,0,0,0,0,0,0,0,25,0,3,8,3,0,0,0,0,0,0,11,6,2,2,0,0,2
‘«—§‹ζξ‚R’–Ϊ,24,1,0,1,1,0,1,0,0,0,2,0,0,0,0,0,2,0,0,16,0,0,12,0,0,1,0,0,0,0,3,4,1,0,0,0,3
‘«—§‹ζΌVδ‚P’–Ϊ,23,0,0,0,1,0,1,0,0,0,1,0,0,0,0,0,0,1,0,16,0,1,4,1,0,0,0,0,0,2,8,5,0,0,0,0,5
‘«—§‹ζΌVδ‚Q’–Ϊ,7,0,0,0,1,0,0,1,0,0,0,0,0,0,0,0,0,0,0,4,0,0,2,0,0,0,0,0,0,1,1,2,1,0,0,0,1
‘«—§‹ζΌVδ‚R’–Ϊ,13,0,0,0,1,0,1,0,0,0,0,0,0,0,0,0,0,0,0,10,1,0,3,0,0,0,0,0,0,1,5,2,0,1,0,0,1
‘«—§‹ζΌVδ‚S’–Ϊ,19,1,0,1,3,0,1,1,1,0,0,0,0,0,0,0,0,0,0,11,0,1,5,1,0,0,0,0,0,1,3,4,0,0,0,0,4
‘«—§‹ζΌVδ‚T’–Ϊ,18,0,0,0,0,0,0,0,0,0,1,0,0,0,0,0,1,0,0,16,0,0,7,0,0,3,0,0,0,1,5,1,0,0,0,0,1
‘«—§‹ζΌVδ‚U’–Ϊ,23,0,0,0,1,0,0,1,0,0,0,0,0,0,0,0,0,0,0,22,0,3,9,2,0,0,0,0,0,0,8,0,0,0,0,0,0
‘«—§‹ζΌVδ‚V’–Ϊ,15,0,0,0,1,0,1,0,0,0,0,0,0,0,0,0,0,0,0,12,0,0,4,1,0,1,0,0,0,2,4,2,0,1,0,0,1
‘«—§‹ζΌVδ–{’¬‚P’–Ϊ,12,1,1,0,2,0,1,1,0,0,1,0,0,0,0,0,0,0,1,5,0,1,2,1,0,0,0,0,0,0,1,3,1,0,0,0,2
‘«—§‹ζΌVδ–{’¬‚Q’–Ϊ,32,0,0,0,1,0,0,1,0,0,2,0,0,0,0,1,0,0,1,23,0,0,10,1,0,0,0,0,0,11,1,6,1,1,1,0,3
‘«—§‹ζΌVδ–{’¬‚R’–Ϊ,2,0,0,0,0,0,0,0,0,0,0,0,0,0,0,0,0,0,0,1,0,0,1,0,0,0,0,0,0,0,0,1,0,0,0,0,1
‘«—§‹ζΌVδ–{’¬‚S’–Ϊ,18,0,0,0,1,0,0,1,0,0,0,0,0,0,0,0,0,0,0,11,0,2,5,0,0,0,0,0,0,0,4,6,2,1,0,0,3
‘«—§‹ζΌVδ–{’¬‚T’–Ϊ,5,0,0,0,1,0,1,0,0,0,1,0,0,0,0,0,1,0,0,1,0,0,0,0,0,1,0,0,0,0,0,2,0,0,0,0,2
‘«—§‹ζΌVδ‰h’¬‚P’–Ϊ,124,0,0,0,4,0,1,1,0,2,0,0,0,0,0,0,0,0,0,103,0,1,40,5,0,0,0,0,1,44,12,17,3,7,0,0,7
‘«—§‹ζΌVδ‰h’¬‚Q’–Ϊ,38,0,0,0,2,0,1,1,0,0,0,0,0,0,0,0,0,0,0,28,0,0,12,0,0,0,0,0,4,5,7,8,3,1,0,0,4
‘«—§‹ζΌVδ‰h’¬‚R’–Ϊ,12,0,0,0,2,0,1,1,0,0,1,0,0,0,0,1,0,0,0,4,0,0,1,0,0,0,0,0,0,1,2,5,1,1,0,0,3
‘«—§‹ζI΄‚P’–Ϊ,9,0,0,0,0,0,0,0,0,0,1,0,0,0,0,0,1,0,0,5,0,0,3,0,0,0,0,0,0,0,2,3,0,0,0,0,3
‘«—§‹ζI΄‚Q’–Ϊ,10,0,0,0,1,0,1,0,0,0,2,0,0,0,0,0,2,0,0,5,0,0,0,0,0,0,0,0,0,0,5,2,1,0,0,0,1
‘«—§‹ζI΄‚R’–Ϊ,15,0,0,0,0,0,0,0,0,0,0,0,0,0,0,0,0,0,0,10,0,1,6,1,0,0,0,0,0,0,2,5,0,1,0,0,4
‘«—§‹ζI΄‚S’–Ϊ,21,0,0,0,1,0,0,0,1,0,1,0,0,0,1,0,0,0,0,16,0,1,10,0,0,0,0,0,0,2,3,3,0,0,0,0,3
‘«—§‹ζ”~“c‚P’–Ϊ,13,0,0,0,1,0,1,0,0,0,0,0,0,0,0,0,0,0,0,8,1,0,7,0,0,0,0,0,0,0,0,4,1,0,0,0,3
‘«—§‹ζ”~“c‚Q’–Ϊ,20,0,0,0,0,0,0,0,0,0,0,0,0,0,0,0,0,0,0,15,0,0,2,0,0,2,0,0,0,9,2,5,2,1,0,0,2
‘«—§‹ζ”~“c‚R’–Ϊ,16,1,0,1,0,0,0,0,0,0,0,0,0,0,0,0,0,0,0,8,0,1,3,0,0,1,0,0,0,0,3,7,0,2,0,0,5
‘«—§‹ζ”~“c‚S’–Ϊ,6,0,0,0,1,0,0,1,0,0,0,0,0,0,0,0,0,0,0,4,0,0,0,0,0,0,0,0,0,1,3,1,1,0,0,0,0
‘«—§‹ζ”~“c‚T’–Ϊ,6,0,0,0,0,0,0,0,0,0,0,0,0,0,0,0,0,0,0,4,0,0,2,0,0,0,0,0,0,1,1,2,1,1,0,0,0
‘«—§‹ζ”~“c‚U’–Ϊ,8,0,0,0,0,0,0,0,0,0,0,0,0,0,0,0,0,0,0,5,0,0,2,1,0,0,0,0,0,1,1,3,3,0,0,0,0
‘«—§‹ζ”~“c‚V’–Ϊ,23,0,0,0,1,0,1,0,0,0,0,0,0,0,0,0,0,0,0,13,0,0,1,2,0,0,0,0,0,2,8,9,0,1,0,0,8
‘«—§‹ζ”~“c‚W’–Ϊ,23,0,0,0,1,0,0,0,0,1,1,0,0,0,0,1,0,0,0,17,0,0,14,0,0,0,0,0,0,2,1,4,1,0,0,0,3
‘«—§‹ζ“‡ª‚P’–Ϊ,9,0,0,0,0,0,0,0,0,0,0,0,0,0,0,0,0,0,0,5,0,0,3,0,0,0,0,0,0,0,2,4,0,0,0,0,4
‘«—§‹ζ“‡ª‚Q’–Ϊ,15,0,0,0,0,0,0,0,0,0,0,0,0,0,0,0,0,0,0,10,0,1,9,0,0,0,0,0,0,0,0,5,1,0,0,0,4
‘«—§‹ζ“‡ª‚R’–Ϊ,8,0,0,0,1,0,1,0,0,0,0,0,0,0,0,0,0,0,0,6,1,0,3,0,0,0,0,0,0,0,2,1,0,0,0,0,1
‘«—§‹ζ“‡ª‚S’–Ϊ,18,0,0,0,2,0,1,1,0,0,0,0,0,0,0,0,0,0,0,9,0,0,4,0,0,0,0,0,0,1,4,7,1,3,0,0,3
‘«—§‹ζ”~“‡‚P’–Ϊ,22,0,0,0,0,0,0,0,0,0,1,0,0,0,0,0,1,0,0,15,0,0,10,0,0,0,0,0,0,1,4,6,2,2,0,0,2
‘«—§‹ζ”~“‡‚Q’–Ϊ,22,0,0,0,3,0,0,3,0,0,3,0,0,0,0,1,0,1,1,11,1,0,6,0,0,1,0,0,0,1,2,5,1,0,0,0,4
‘«—§‹ζ”~“‡‚R’–Ϊ,52,0,0,0,4,0,4,0,0,0,2,0,0,0,1,0,1,0,0,31,0,2,14,0,0,0,0,0,0,7,8,15,1,0,1,0,13
‘«—§‹ζ¬‘δ‚P’–Ϊ,17,0,0,0,1,0,1,0,0,0,0,0,0,0,0,0,0,0,0,13,0,0,6,0,5,0,0,0,0,1,1,3,1,0,0,0,2
‘«—§‹ζ¬‘δ‚Q’–Ϊ,10,0,0,0,2,0,0,1,1,0,0,0,0,0,0,0,0,0,0,6,0,0,3,1,0,0,0,0,0,0,2,2,0,0,0,0,2
‘«—§‹ζ‹{ι‚P’–Ϊ,9,0,0,0,0,0,0,0,0,0,1,0,0,0,0,0,0,0,1,1,0,0,0,1,0,0,0,0,0,0,0,7,1,1,0,0,5
‘«—§‹ζ‹{ι‚Q’–Ϊ,6,0,0,0,0,0,0,0,0,0,0,0,0,0,0,0,0,0,0,5,0,0,0,1,0,0,0,0,0,0,4,1,0,0,0,0,1
‘«—§‹ζ­•l‚Q’–Ϊ,15,0,0,0,1,0,1,0,0,0,1,0,0,0,0,0,0,0,1,5,0,0,3,1,0,0,0,0,0,0,1,8,2,0,1,0,5
‘«—§‹ζ­•l‚R’–Ϊ,9,0,0,0,0,0,0,0,0,0,0,0,0,0,0,0,0,0,0,8,0,1,2,0,0,0,0,0,0,3,2,1,0,0,0,0,1
‘«—§‹ζ­•l‚S’–Ϊ,15,0,0,0,1,0,0,1,0,0,0,0,0,0,0,0,0,0,0,13,0,4,2,2,0,0,0,0,0,4,1,1,0,0,0,0,1
‘«—§‹ζ­•l‚T’–Ϊ,26,0,0,0,0,0,0,0,0,0,0,0,0,0,0,0,0,0,0,13,0,1,4,1,1,1,0,0,0,4,1,13,1,0,0,0,12
‘«—§‹ζ­•l‚U’–Ϊ,24,0,0,0,0,0,0,0,0,0,0,0,0,0,0,0,0,0,0,20,2,1,3,1,0,0,0,0,0,4,9,4,0,2,0,0,2
‘«—§‹ζ­•l‚V’–Ϊ,18,0,0,0,0,0,0,0,0,0,0,0,0,0,0,0,0,0,0,18,1,0,6,0,0,0,0,0,0,8,3,0,0,0,0,0,0
‘«—§‹ζ­•l‚W’–Ϊ,11,0,0,0,2,0,2,0,0,0,1,0,0,0,1,0,0,0,0,4,0,0,1,0,0,0,0,0,0,0,3,4,3,0,0,0,1
‘«—§‹ζ–x”V“ΰ‚P’–Ϊ,11,0,0,0,1,0,1,0,0,0,0,0,0,0,0,0,0,0,0,7,0,0,1,0,0,0,0,0,0,3,3,3,0,1,0,0,2
‘«—§‹ζ–x”V“ΰ‚Q’–Ϊ,1,0,0,0,0,0,0,0,0,0,0,0,0,0,0,0,0,0,0,0,0,0,0,0,0,0,0,0,0,0,0,1,0,0,0,0,1
‘«—§‹ζ’Jέ‰Ζ‚P’–Ϊ,17,0,0,0,1,0,0,0,1,0,0,0,0,0,0,0,0,0,0,13,0,0,10,1,0,0,0,0,0,1,1,3,0,0,0,0,3
‘«—§‹ζ’Jέ‰Ζ‚Q’–Ϊ,16,0,0,0,2,1,0,1,0,0,0,0,0,0,0,0,0,0,0,11,0,0,4,2,0,0,0,0,0,2,3,3,0,0,0,0,3
‘«—§‹ζ’Jέ‰Ζ‚R’–Ϊ,15,0,0,0,2,0,0,1,0,1,0,0,0,0,0,0,0,0,0,7,0,0,5,0,0,0,0,0,0,0,2,6,2,0,0,0,4
‘«—§‹ζ’Φ‚P’–Ϊ,1,0,0,0,0,0,0,0,0,0,0,0,0,0,0,0,0,0,0,0,0,0,0,0,0,0,0,0,0,0,0,1,0,0,0,0,1
‘«—§‹ζ’Φ‚Q’–Ϊ,7,0,0,0,0,0,0,0,0,0,0,0,0,0,0,0,0,0,0,6,0,2,1,0,0,0,0,0,0,2,1,1,1,0,0,0,0
‘«—§‹ζ]–k‚P’–Ϊ,24,0,0,0,4,0,2,1,1,0,0,0,0,0,0,0,0,0,0,15,0,1,10,0,0,0,0,0,0,0,4,5,2,0,0,0,3
‘«—§‹ζ]–k‚Q’–Ϊ,12,0,0,0,2,0,0,2,0,0,0,0,0,0,0,0,0,0,0,7,0,0,4,2,0,0,0,0,0,0,1,3,0,2,0,0,1
‘«—§‹ζ]–k‚R’–Ϊ,8,1,0,1,1,0,1,0,0,0,0,0,0,0,0,0,0,0,0,6,0,1,3,0,0,0,0,0,0,2,0,0,0,0,0,0,0
‘«—§‹ζ]–k‚S’–Ϊ,15,0,0,0,1,0,0,1,0,0,0,0,0,0,0,0,0,0,0,10,0,2,5,0,1,0,0,0,0,0,2,4,1,1,0,0,2
‘«—§‹ζ]–k‚T’–Ϊ,4,0,0,0,0,0,0,0,0,0,0,0,0,0,0,0,0,0,0,3,0,0,1,1,0,0,0,0,0,1,0,1,1,0,0,0,0
‘«—§‹ζ]–k‚U’–Ϊ,22,0,0,0,3,0,3,0,0,0,0,0,0,0,0,0,0,0,0,15,0,1,9,0,0,1,0,0,0,0,4,4,2,0,0,0,2
‘«—§‹ζ]–k‚V’–Ϊ,15,0,0,0,0,0,0,0,0,0,0,0,0,0,0,0,0,0,0,13,0,0,8,0,0,0,0,0,0,1,4,2,0,0,0,0,2
‘«—§‹ζ“ό’J‚P’–Ϊ,8,0,0,0,0,0,0,0,0,0,0,0,0,0,0,0,0,0,0,5,0,0,4,1,0,0,0,0,0,0,0,3,1,0,0,0,2
‘«—§‹ζ“ό’J‚Q’–Ϊ,6,0,0,0,0,0,0,0,0,0,0,0,0,0,0,0,0,0,0,3,2,0,1,0,0,0,0,0,0,0,0,3,0,0,0,0,3
‘«—§‹ζ“ό’J‚R’–Ϊ,4,0,0,0,1,0,1,0,0,0,0,0,0,0,0,0,0,0,0,3,0,0,1,1,0,0,0,0,0,0,1,0,0,0,0,0,0
‘«—§‹ζ“ό’J‚S’–Ϊ,4,0,0,0,0,0,0,0,0,0,0,0,0,0,0,0,0,0,0,3,0,0,0,1,0,0,0,0,0,2,0,1,0,0,0,0,1
‘«—§‹ζ“ό’J‚T’–Ϊ,5,0,0,0,1,0,0,0,1,0,0,0,0,0,0,0,0,0,0,4,0,0,1,1,0,0,0,0,0,1,1,0,0,0,0,0,0
‘«—§‹ζ“ό’J‚U’–Ϊ,4,0,0,0,1,0,1,0,0,0,0,0,0,0,0,0,0,0,0,3,0,0,0,0,0,0,0,0,0,3,0,0,0,0,0,0,0
‘«—§‹ζ“ό’J‚V’–Ϊ,16,0,0,0,1,0,1,0,0,0,0,0,0,0,0,0,0,0,0,13,0,1,8,1,0,0,0,0,0,1,2,2,0,1,0,0,1
‘«—§‹ζ“ό’J‚W’–Ϊ,4,0,0,0,0,0,0,0,0,0,0,0,0,0,0,0,0,0,0,3,0,1,1,0,0,0,0,0,0,0,1,1,1,0,0,0,0
‘«—§‹ζ“ό’J‚X’–Ϊ,8,0,0,0,0,0,0,0,0,0,0,0,0,0,0,0,0,0,0,8,0,1,0,0,0,0,0,0,0,2,5,0,0,0,0,0,0
‘«—§‹ζΙl‚U’–Ϊ,10,0,0,0,0,0,0,0,0,0,0,0,0,0,0,0,0,0,0,7,0,0,5,0,0,0,0,0,0,1,1,3,0,0,0,0,3
‘«—§‹ζΓη’J‚P’–Ϊ,4,0,0,0,0,0,0,0,0,0,0,0,0,0,0,0,0,0,0,2,0,0,2,0,0,0,0,0,0,0,0,2,0,1,0,0,1
‘«—§‹ζΓη’J‚Q’–Ϊ,2,0,0,0,0,0,0,0,0,0,0,0,0,0,0,0,0,0,0,1,0,0,0,0,0,0,0,0,0,0,1,1,0,0,0,0,1
‘«—§‹ζ“Ι‹»‚P’–Ϊ,22,0,0,0,2,0,2,0,0,0,0,0,0,0,0,0,0,0,0,16,0,0,3,1,0,0,0,0,0,10,2,4,2,0,0,0,2
‘«—§‹ζ“Ι‹»‚Q’–Ϊ,4,0,0,0,0,0,0,0,0,0,0,0,0,0,0,0,0,0,0,2,0,0,1,0,0,0,0,0,0,0,1,2,1,1,0,0,0
‘«—§‹ζ“Ι‹»‚R’–Ϊ,32,1,0,1,3,0,2,1,0,0,0,0,0,0,0,0,0,0,0,21,0,0,7,0,0,0,0,0,0,10,4,7,1,0,1,0,5
‘«—§‹ζ“Ι‹»‚S’–Ϊ,1,0,0,0,0,0,0,0,0,0,0,0,0,0,0,0,0,0,0,1,0,0,1,0,0,0,0,0,0,0,0,0,0,0,0,0,0
‘«—§‹ζΌΙ‹»’¬,1,0,0,0,0,0,0,0,0,0,0,0,0,0,0,0,0,0,0,1,0,0,1,0,0,0,0,0,0,0,0,0,0,0,0,0,0
‘«—§‹ζΌ•Ϋ–ΨΤ‚P’–Ϊ,9,0,0,0,1,0,1,0,0,0,0,0,0,0,0,0,0,0,0,6,0,0,5,0,0,0,0,0,0,0,1,2,0,0,0,0,2
‘«—§‹ζΌ•Ϋ–ΨΤ‚Q’–Ϊ,15,0,0,0,0,0,0,0,0,0,1,0,0,0,0,1,0,0,0,9,2,0,2,0,0,2,0,0,0,1,2,5,1,0,0,0,4
‘«—§‹ζΌ•Ϋ–ΨΤ‚R’–Ϊ,7,0,0,0,0,0,0,0,0,0,0,0,0,0,0,0,0,0,0,2,0,1,0,0,0,0,0,0,0,0,1,5,2,2,0,0,1
‘«—§‹ζΌ•Ϋ–ΨΤ‚S’–Ϊ,6,0,0,0,1,0,1,0,0,0,0,0,0,0,0,0,0,0,0,2,0,0,0,0,0,0,0,0,0,0,2,3,1,0,0,0,2
‘«—§‹ζ•Ϋ–ΨΤ‚P’–Ϊ,43,0,0,0,3,0,1,1,1,0,1,0,0,1,0,0,0,0,0,24,0,1,7,0,0,0,0,0,0,9,7,15,3,1,2,0,9
‘«—§‹ζ•Ϋ–ΨΤ‚Q’–Ϊ,16,0,0,0,3,0,0,3,0,0,0,0,0,0,0,0,0,0,0,12,0,1,7,0,0,1,0,0,0,2,1,1,0,0,0,0,1
‘«—§‹ζ•Ϋ–ΨΤ‚R’–Ϊ,14,0,0,0,0,0,0,0,0,0,0,0,0,0,0,0,0,0,0,11,0,0,10,0,0,0,0,0,0,0,1,3,0,1,0,0,2
‘«—§‹ζ•Ϋ–ΨΤ‚S’–Ϊ,18,0,0,0,3,0,2,1,0,0,1,0,0,0,0,0,1,0,0,10,0,0,4,1,0,0,0,0,1,0,4,4,0,1,0,0,3
‘«—§‹ζ•Ϋ–ΨΤ‚T’–Ϊ,20,0,0,0,3,0,1,1,1,0,2,0,0,0,0,1,1,0,0,8,0,1,1,0,0,1,0,0,0,0,5,7,1,1,2,0,3
‘«—§‹ζ’|‚Μ’Λ‚P’–Ϊ,74,2,0,2,17,0,8,9,0,0,2,0,0,0,1,0,1,0,0,42,0,0,31,1,0,1,0,0,0,1,8,11,1,1,0,0,9
‘«—§‹ζ’|‚Μ’Λ‚Q’–Ϊ,23,1,0,1,2,0,1,0,1,0,0,0,0,0,0,0,0,0,0,13,0,0,8,1,0,0,0,0,0,2,2,7,2,0,0,0,5
‘«—§‹ζ’|‚Μ’Λ‚R’–Ϊ,29,0,0,0,3,0,2,1,0,0,0,0,0,0,0,0,0,0,0,21,0,0,17,0,0,0,0,0,0,1,3,5,0,0,1,0,4
‘«—§‹ζ’|‚Μ’Λ‚S’–Ϊ,24,0,0,0,2,0,2,0,0,0,1,0,0,0,0,0,0,0,1,19,0,1,11,0,0,0,0,0,0,0,7,2,0,0,0,0,2
‘«—§‹ζ’|‚Μ’Λ‚T’–Ϊ,42,0,0,0,2,0,0,1,1,0,3,0,0,0,0,0,0,2,1,30,0,0,10,1,0,0,0,0,0,15,4,7,2,0,0,0,5
‘«—§‹ζ’|‚Μ’Λ‚U’–Ϊ,95,0,0,0,4,0,1,1,0,2,1,0,0,0,0,0,0,0,1,78,0,2,59,0,0,0,0,0,0,14,3,12,2,1,0,0,9
‘«—§‹ζ’|‚Μ’Λ‚V’–Ϊ,12,0,0,0,1,0,0,1,0,0,0,0,0,0,0,0,0,0,0,7,0,1,4,0,0,0,0,0,0,1,1,4,2,0,0,0,2
‘«—§‹ζZ‚P’–Ϊ,13,0,0,0,2,0,1,1,0,0,1,1,0,0,0,0,0,0,0,4,0,0,1,0,0,0,0,0,0,0,3,6,2,2,0,0,2
‘«—§‹ζZ‚Q’–Ϊ,6,0,0,0,1,0,1,0,0,0,0,0,0,0,0,0,0,0,0,5,0,0,3,1,0,0,0,0,0,0,1,0,0,0,0,0,0
‘«—§‹ζZ‚R’–Ϊ,10,1,0,1,0,0,0,0,0,0,0,0,0,0,0,0,0,0,0,5,0,0,0,1,0,0,0,0,0,0,4,4,1,0,0,0,3
‘«—§‹ζ‰Τ”¨‚P’–Ϊ,16,0,0,0,2,0,1,0,1,0,1,0,0,1,0,0,0,0,0,8,0,0,4,1,0,0,0,0,0,1,2,5,1,0,1,0,3
‘«—§‹ζ‰Τ”¨‚Q’–Ϊ,12,0,0,0,0,0,0,0,0,0,0,0,0,0,0,0,0,0,0,8,0,1,4,1,0,0,0,0,0,1,1,4,0,0,0,0,4
‘«—§‹ζ‰Τ”¨‚R’–Ϊ,16,2,0,2,1,0,0,0,1,0,1,0,0,0,0,0,1,0,0,7,0,1,5,1,0,0,0,0,0,0,0,5,0,2,1,0,2
‘«—§‹ζ‰Τ”¨‚S’–Ϊ,17,0,0,0,1,0,0,1,0,0,0,0,0,0,0,0,0,0,0,12,0,0,6,3,0,0,0,0,0,2,1,4,2,0,0,0,2
‘«—§‹ζ‰Τ”¨‚T’–Ϊ,45,1,0,1,1,0,1,0,0,0,0,0,0,0,0,0,0,0,0,36,0,3,23,1,0,0,0,0,0,4,5,7,2,0,0,0,5
‘«—§‹ζ‰Τ”¨‚U’–Ϊ,11,0,0,0,2,0,2,0,0,0,1,0,0,0,0,1,0,0,0,6,0,0,4,2,0,0,0,0,0,0,0,2,1,0,0,0,1
‘«—§‹ζ‰Τ”¨‚V’–Ϊ,7,0,0,0,2,0,1,1,0,0,0,0,0,0,0,0,0,0,0,4,0,1,1,0,0,0,0,0,0,0,2,1,0,0,0,0,1
‘«—§‹ζ‰Τ”¨‚W’–Ϊ,14,0,0,0,2,0,0,1,1,0,0,0,0,0,0,0,0,0,0,8,0,0,6,0,2,0,0,0,0,0,0,4,1,0,0,0,3
‘«—§‹ζZ–Ψ‚P’–Ϊ,24,0,0,0,0,0,0,0,0,0,0,0,0,0,0,0,0,0,0,18,0,0,15,0,0,0,0,0,0,0,3,6,2,1,0,0,3
‘«—§‹ζZ–Ψ‚Q’–Ϊ,15,0,0,0,1,0,1,0,0,0,2,0,0,0,0,1,0,0,1,9,0,0,5,1,0,0,0,0,0,1,2,3,2,0,1,0,0
‘«—§‹ζZ–Ψ‚R’–Ϊ,29,1,0,1,3,0,2,1,0,0,2,0,0,1,0,1,0,0,0,21,0,0,15,3,0,0,0,0,0,1,2,2,0,0,0,0,2
‘«—§‹ζZ–Ψ‚S’–Ϊ,2,0,0,0,0,0,0,0,0,0,0,0,0,0,0,0,0,0,0,1,0,0,1,0,0,0,0,0,0,0,0,1,0,0,0,0,1
‘«—§‹ζ‰Α•½‚P’–Ϊ,7,0,0,0,0,0,0,0,0,0,0,0,0,0,0,0,0,0,0,4,0,0,2,0,0,0,0,0,0,1,1,3,1,1,0,0,1
‘«—§‹ζ‰Α•½‚Q’–Ϊ,15,0,0,0,0,0,0,0,0,0,2,0,0,0,0,0,0,0,2,8,0,0,4,0,0,0,0,0,1,1,2,5,3,0,0,0,2
‘«—§‹ζ‰Α•½‚R’–Ϊ,17,0,0,0,2,0,2,0,0,0,0,0,0,0,0,0,0,0,0,8,0,0,4,0,0,0,0,0,0,3,1,7,2,0,1,0,4
‘«—§‹ζ’Cΐ‚P’–Ϊ,7,0,0,0,0,0,0,0,0,0,0,0,0,0,0,0,0,0,0,6,0,0,2,1,0,0,0,0,0,2,1,1,1,0,0,0,0
‘«—§‹ζ’Cΐ‚Q’–Ϊ,4,0,0,0,1,0,0,1,0,0,0,0,0,0,0,0,0,0,0,2,0,0,0,0,0,0,0,0,0,0,2,1,0,0,0,0,1
‘«—§‹ζ‘ε’J“c‚P’–Ϊ,18,0,0,0,1,0,0,0,1,0,1,0,0,0,0,0,1,0,0,12,0,0,6,1,0,0,0,0,0,1,4,4,1,0,1,0,2
‘«—§‹ζ‘ε’J“c‚Q’–Ϊ,4,0,0,0,0,0,0,0,0,0,0,0,0,0,0,0,0,0,0,3,0,1,2,0,0,0,0,0,0,0,0,1,1,0,0,0,0
‘«—§‹ζ‘ε’J“c‚R’–Ϊ,15,0,0,0,1,0,0,0,0,1,0,0,0,0,0,0,0,0,0,10,0,1,7,1,0,0,0,0,0,0,1,4,1,0,0,0,3
‘«—§‹ζ‘ε’J“c‚S’–Ϊ,13,0,0,0,5,0,4,1,0,0,0,0,0,0,0,0,0,0,0,5,0,0,1,1,0,0,0,0,0,1,2,3,1,0,1,0,1
‘«—§‹ζ‘ε’J“c‚T’–Ϊ,14,0,0,0,2,0,1,1,0,0,1,0,0,1,0,0,0,0,0,6,0,0,2,1,0,0,0,0,0,2,1,5,1,2,0,0,2
‘«—§‹ζ’†μ‚P’–Ϊ,4,0,0,0,0,0,0,0,0,0,0,0,0,0,0,0,0,0,0,3,0,0,2,0,0,0,0,0,0,0,1,1,0,0,0,0,1
‘«—§‹ζ’†μ‚Q’–Ϊ,7,1,0,1,0,0,0,0,0,0,2,0,0,0,0,2,0,0,0,1,0,0,1,0,0,0,0,0,0,0,0,3,1,0,0,0,2
‘«—§‹ζ’†μ‚R’–Ϊ,5,0,0,0,1,0,0,1,0,0,0,0,0,0,0,0,0,0,0,3,0,0,3,0,0,0,0,0,0,0,0,1,1,0,0,0,0
‘«—§‹ζ’†μ‚S’–Ϊ,11,0,0,0,1,0,1,0,0,0,0,0,0,0,0,0,0,0,0,6,0,0,2,0,0,0,0,1,0,3,0,4,0,1,0,0,3
‘«—§‹ζ’†μ‚T’–Ϊ,10,0,0,0,0,0,0,0,0,0,0,0,0,0,0,0,0,0,0,6,0,0,5,0,0,0,0,0,0,0,1,4,0,1,0,0,3
‘«—§‹ζ“a‚P’–Ϊ,5,0,0,0,1,0,0,1,0,0,0,0,0,0,0,0,0,0,0,2,0,0,1,0,0,0,0,0,0,0,1,2,0,0,0,0,2
‘«—§‹ζ“a‚Q’–Ϊ,17,1,0,1,0,0,0,0,0,0,1,0,0,0,1,0,0,0,0,10,0,0,9,0,0,0,0,0,0,0,1,5,3,0,1,0,1
‘«—§‹ζ“a‚R’–Ϊ,11,0,0,0,1,0,0,1,0,0,0,0,0,0,0,0,0,0,0,6,0,0,4,0,0,0,0,0,0,1,1,4,2,0,0,0,2
‘«—§‹ζ“a‚S’–Ϊ,17,0,0,0,2,0,0,2,0,0,1,0,0,1,0,0,0,0,0,9,0,1,5,1,0,0,0,0,0,0,2,5,2,0,0,0,3
‘«—§‹ζ“a‚T’–Ϊ,15,1,0,1,2,0,2,0,0,0,0,0,0,0,0,0,0,0,0,9,0,0,7,0,0,0,0,0,0,2,0,3,1,1,0,0,1
‘«—§‹ζ²–μ‚P’–Ϊ,7,0,0,0,0,0,0,0,0,0,1,0,0,0,0,1,0,0,0,5,0,0,3,0,0,0,0,0,0,2,0,1,0,0,0,0,1
‘«—§‹ζ²–μ‚Q’–Ϊ,24,0,0,0,2,0,2,0,0,0,1,0,0,0,0,1,0,0,0,14,0,0,1,0,0,0,0,0,0,11,2,7,1,0,1,0,5
‘«—§‹ζ»£‚P’–Ϊ,20,2,1,1,2,0,0,1,1,0,1,0,0,0,1,0,0,0,0,11,1,1,3,0,0,0,0,1,0,1,4,4,2,1,0,0,1
‘«—§‹ζ»£‚Q’–Ϊ,34,0,0,0,6,0,3,3,0,0,0,0,0,0,0,0,0,0,0,19,0,0,16,2,0,0,0,0,0,0,1,9,0,1,0,0,8
‘«—§‹ζ»£‚R’–Ϊ,101,1,0,1,10,0,6,4,0,0,0,0,0,0,0,0,0,0,0,77,0,2,21,0,0,1,0,0,1,36,16,13,2,2,0,0,9
‘«—§‹ζ»£‚S’–Ϊ,73,0,0,0,2,0,2,0,0,0,1,0,0,0,0,0,0,0,1,61,0,1,14,1,0,0,1,0,0,25,19,9,5,1,0,0,3
‘«—§‹ζ»£‚T’–Ϊ,6,0,0,0,0,0,0,0,0,0,0,0,0,0,0,0,0,0,0,3,0,0,1,0,0,0,0,0,0,1,1,3,0,0,0,0,3
‘«—§‹ζ»£‚U’–Ϊ,10,2,0,2,0,0,0,0,0,0,0,0,0,0,0,0,0,0,0,5,0,0,4,0,0,0,0,0,0,0,1,3,0,1,0,0,2
‘«—§‹ζ»£‚V’–Ϊ,8,0,0,0,1,0,0,1,0,0,1,1,0,0,0,0,0,0,0,5,0,0,3,0,0,0,0,0,0,2,0,1,0,0,0,0,1
‘«—§‹ζO“Ή‚P’–Ϊ,24,0,0,0,2,0,1,0,1,0,0,0,0,0,0,0,0,0,0,18,0,2,7,0,0,0,0,0,0,6,3,4,1,0,0,0,3
‘«—§‹ζO“Ή‚Q’–Ϊ,17,0,0,0,1,0,1,0,0,0,0,0,0,0,0,0,0,0,0,14,0,1,8,1,0,0,0,0,0,3,1,2,0,1,0,0,1
‘«—§‹ζΌ»£‚P’–Ϊ,4,0,0,0,0,0,0,0,0,0,0,0,0,0,0,0,0,0,0,1,0,0,1,0,0,0,0,0,0,0,0,3,1,1,0,0,1
‘«—§‹ζΌ»£‚Q’–Ϊ,15,0,0,0,0,0,0,0,0,0,1,0,0,0,1,0,0,0,0,12,0,0,6,0,0,0,0,0,0,1,5,2,1,0,0,0,1
‘«—§‹ζΌ»£‚R’–Ϊ,17,0,0,0,1,0,0,1,0,0,2,0,0,0,0,0,2,0,0,8,0,1,1,0,0,0,0,0,0,4,2,6,2,1,0,0,3
‘«—§‹ζΌ»£‚S’–Ϊ,2,0,0,0,0,0,0,0,0,0,0,0,0,0,0,0,0,0,0,2,0,0,1,0,0,0,0,0,0,0,1,0,0,0,0,0,0
‘«—§‹ζV“c‚P’–Ϊ,27,0,0,0,2,0,0,2,0,0,0,0,0,0,0,0,0,0,0,13,0,1,9,0,0,0,0,0,0,0,3,12,3,1,2,0,6
‘«—§‹ζV“c‚Q’–Ϊ,10,1,1,0,2,0,0,2,0,0,0,0,0,0,0,0,0,0,0,6,1,0,2,0,1,1,0,0,0,1,0,1,1,0,0,0,0
‘«—§‹ζV“c‚R’–Ϊ,32,0,0,0,0,0,0,0,0,0,1,0,0,0,0,1,0,0,0,23,1,0,11,0,0,0,0,0,0,6,5,8,3,2,0,0,3
‘«—§‹ζ“»£‚P’–Ϊ,12,0,0,0,1,0,0,0,1,0,1,0,0,0,0,1,0,0,0,7,0,0,4,0,0,0,0,0,0,1,2,3,1,0,0,0,2
‘«—§‹ζ“»£‚Q’–Ϊ,18,0,0,0,3,0,2,1,0,0,1,0,0,0,0,0,0,0,1,9,0,0,3,0,0,0,0,0,0,1,5,5,3,1,0,0,1
‘«—§‹ζ“»£‚R’–Ϊ,8,0,0,0,0,0,0,0,0,0,0,0,0,0,0,0,0,0,0,7,0,0,4,1,0,0,0,0,0,1,1,1,0,1,0,0,0
‘«—§‹ζ’J’†‚P’–Ϊ,12,0,0,0,0,0,0,0,0,0,0,0,0,0,0,0,0,0,0,8,0,0,6,1,0,0,0,0,0,0,1,4,0,2,0,0,2
‘«—§‹ζ’J’†‚Q’–Ϊ,42,0,0,0,3,0,2,1,0,0,0,0,0,0,0,0,0,0,0,26,0,0,17,0,0,1,1,0,0,5,2,13,1,5,1,0,6
‘«—§‹ζ’J’†‚R’–Ϊ,8,0,0,0,0,0,0,0,0,0,0,0,0,0,0,0,0,0,0,7,0,0,5,0,0,0,0,0,0,0,2,1,0,1,0,0,0
‘«—§‹ζ’J’†‚S’–Ϊ,25,0,0,0,1,0,0,0,1,0,0,0,0,0,0,0,0,0,0,21,0,0,19,0,0,1,0,0,0,1,0,3,1,0,0,0,2
‘«—§‹ζ’J’†‚T’–Ϊ,5,0,0,0,0,0,0,0,0,0,0,0,0,0,0,0,0,0,0,1,0,0,1,0,0,0,0,0,0,0,0,4,1,1,0,0,2
‘«—§‹ζΒδ‚P’–Ϊ,10,0,0,0,2,0,0,2,0,0,0,0,0,0,0,0,0,0,0,6,0,0,2,1,0,0,0,0,0,3,0,2,2,0,0,0,0
‘«—§‹ζΒδ‚Q’–Ϊ,6,0,0,0,2,0,1,1,0,0,0,0,0,0,0,0,0,0,0,4,0,0,2,2,0,0,0,0,0,0,0,0,0,0,0,0,0
‘«—§‹ζΒδ‚R’–Ϊ,17,0,0,0,3,0,3,0,0,0,0,0,0,0,0,0,0,0,0,9,0,0,4,4,0,0,0,0,0,0,1,5,2,1,0,0,2
‘«—§‹ζΒδ‚S’–Ϊ,22,0,0,0,0,0,0,0,0,0,2,0,0,0,0,0,2,0,0,12,2,1,6,1,0,0,0,0,0,0,2,8,2,2,0,0,4
‘«—§‹ζΒδ‚T’–Ϊ,11,0,0,0,1,0,0,1,0,0,0,0,0,0,0,0,0,0,0,7,0,1,5,1,0,0,0,0,0,0,0,3,0,0,0,0,3
‘«—§‹ζΒδ‚U’–Ϊ,10,0,0,0,0,0,0,0,0,0,0,0,0,0,0,0,0,0,0,7,0,0,4,0,0,0,0,0,0,0,3,3,0,0,0,0,3
‘«—§‹ζ’†‰›–{’¬‚P’–Ϊ,12,0,0,0,1,0,1,0,0,0,0,0,0,0,0,0,0,0,0,9,0,1,4,1,0,1,0,0,0,0,2,2,0,0,0,0,2
‘«—§‹ζ’†‰›–{’¬‚Q’–Ϊ,19,0,0,0,1,0,1,0,0,0,0,0,0,0,0,0,0,0,0,17,0,1,7,2,0,0,0,0,0,5,2,1,1,0,0,0,0
‘«—§‹ζ’†‰›–{’¬‚R’–Ϊ,3,0,0,0,0,0,0,0,0,0,0,0,0,0,0,0,0,0,0,1,0,0,1,0,0,0,0,0,0,0,0,2,1,0,0,0,1
‘«—§‹ζ’†‰›–{’¬‚S’–Ϊ,17,0,0,0,1,0,1,0,0,0,0,0,0,0,0,0,0,0,0,6,0,0,4,1,0,0,0,0,1,0,0,10,5,1,0,0,4
‘«—§‹ζ’†‰›–{’¬‚T’–Ϊ,13,1,1,0,0,0,0,0,0,0,0,0,0,0,0,0,0,0,0,9,0,0,2,2,0,0,0,0,0,5,0,3,2,1,0,0,0
‘«—§‹ζ•½–μ‚P’–Ϊ,4,1,1,0,0,0,0,0,0,0,0,0,0,0,0,0,0,0,0,3,0,0,2,0,0,0,0,0,0,0,1,0,0,0,0,0,0
‘«—§‹ζ•½–μ‚Q’–Ϊ,8,0,0,0,0,0,0,0,0,0,0,0,0,0,0,0,0,0,0,6,0,1,2,0,1,0,0,0,0,2,0,2,2,0,0,0,0
‘«—§‹ζ•½–μ‚R’–Ϊ,5,0,0,0,1,0,0,1,0,0,1,0,0,0,0,0,0,0,1,1,0,0,1,0,0,0,0,0,0,0,0,2,1,1,0,0,0
‘«—§‹ζ‰Α‰κ‚P’–Ϊ,7,0,0,0,0,0,0,0,0,0,1,0,0,0,0,1,0,0,0,5,1,0,3,0,0,0,0,0,0,0,1,1,0,1,0,0,0
‘«—§‹ζ‰Α‰κ‚Q’–Ϊ,25,0,0,0,0,0,0,0,0,0,0,0,0,0,0,0,0,0,0,19,0,2,10,2,0,2,0,0,0,1,2,6,1,2,0,0,3
‘«—§‹ζMΐ‚P’–Ϊ,7,0,0,0,1,0,1,0,0,0,0,0,0,0,0,0,0,0,0,4,0,1,1,1,0,0,0,0,0,0,1,2,1,0,0,0,1
‘«—§‹ζMΐ‚Q’–Ϊ,11,1,0,1,1,0,1,0,0,0,0,0,0,0,0,0,0,0,0,7,1,0,4,1,0,1,0,0,0,0,0,2,1,0,0,0,1
‘«—§‹ζMΐ‚R’–Ϊ,7,0,0,0,1,0,0,1,0,0,0,0,0,0,0,0,0,0,0,2,0,0,1,0,0,0,0,0,0,0,1,4,0,2,0,0,2
‘«—§‹ζΌ‰Α•½‚P’–Ϊ,10,0,0,0,1,0,1,0,0,0,4,0,0,0,0,3,0,1,0,3,0,0,2,0,0,0,0,0,0,0,1,2,2,0,0,0,0
‘«—§‹ζΌ‰Α•½‚Q’–Ϊ,11,0,0,0,0,0,0,0,0,0,0,0,0,0,0,0,0,0,0,10,0,0,0,0,0,3,0,0,0,4,3,1,0,0,0,0,1
‘«—§‹ζκƒc‰Ζ‚P’–Ϊ,6,0,0,0,0,0,0,0,0,0,0,0,0,0,0,0,0,0,0,6,0,0,4,0,0,1,0,0,0,1,0,0,0,0,0,0,0
‘«—§‹ζκƒc‰Ζ‚Q’–Ϊ,11,0,0,0,1,0,1,0,0,0,0,0,0,0,0,0,0,0,0,9,0,1,2,1,0,0,0,0,0,0,5,1,1,0,0,0,0
‘«—§‹ζκƒc‰Ζ‚R’–Ϊ,10,0,0,0,0,0,0,0,0,0,0,0,0,0,0,0,0,0,0,6,0,0,4,2,0,0,0,0,0,0,0,4,2,0,0,0,2
‘«—§‹ζκƒc‰Ζ‚S’–Ϊ,5,0,0,0,0,0,0,0,0,0,0,0,0,0,0,0,0,0,0,5,1,0,3,0,0,0,0,0,0,0,1,0,0,0,0,0,0
‘«—§‹ζZ’¬‚P’–Ϊ,16,0,0,0,0,0,0,0,0,0,0,0,0,0,0,0,0,0,0,8,2,0,6,0,0,0,0,0,0,0,0,8,1,1,0,0,6
‘«—§‹ζZ’¬‚Q’–Ϊ,7,1,0,1,0,0,0,0,0,0,0,0,0,0,0,0,0,0,0,6,0,0,2,1,0,0,0,0,0,0,3,0,0,0,0,0,0
‘«—§‹ζZ’¬‚R’–Ϊ,8,0,0,0,1,0,0,1,0,0,0,0,0,0,0,0,0,0,0,6,0,0,4,1,0,1,0,0,0,0,0,1,0,1,0,0,0
‘«—§‹ζZ’¬‚S’–Ϊ,36,1,0,1,1,0,1,0,0,0,0,0,0,0,0,0,0,0,0,28,1,0,23,1,0,1,0,0,0,0,2,6,1,0,0,0,5
‘«—§‹ζ“μ‰Τ”¨‚P’–Ϊ,6,0,0,0,0,0,0,0,0,0,0,0,0,0,0,0,0,0,0,5,0,0,4,0,0,0,0,0,0,0,1,1,1,0,0,0,0
‘«—§‹ζ“μ‰Τ”¨‚Q’–Ϊ,36,1,1,0,1,0,0,1,0,0,1,0,0,0,0,1,0,0,0,31,0,1,11,0,0,0,0,0,0,17,2,2,1,0,0,0,1
‘«—§‹ζ“μ‰Τ”¨‚R’–Ϊ,15,0,0,0,1,0,1,0,0,0,2,0,1,0,0,1,0,0,0,9,0,0,6,0,0,0,0,0,0,0,3,3,0,0,0,0,3
‘«—§‹ζ“μ‰Τ”¨‚S’–Ϊ,7,0,0,0,2,0,2,0,0,0,0,0,0,0,0,0,0,0,0,5,0,0,5,0,0,0,0,0,0,0,0,0,0,0,0,0,0
‘«—§‹ζ“μ‰Τ”¨‚T’–Ϊ,20,0,0,0,3,0,2,1,0,0,0,0,0,0,0,0,0,0,0,15,0,3,6,1,0,0,0,0,1,0,4,2,1,0,0,0,1
‘«—§‹ζ“•Ϋ–ΨΤ‚P’–Ϊ,19,0,0,0,2,0,0,2,0,0,0,0,0,0,0,0,0,0,0,12,0,0,6,0,0,1,0,0,0,2,3,5,0,2,0,0,3
‘«—§‹ζ“•Ϋ–ΨΤ‚Q’–Ϊ,38,1,1,0,2,0,2,0,0,0,1,0,0,0,0,1,0,0,0,27,1,2,11,1,0,0,0,0,0,6,6,7,1,0,0,0,6
‘«—§‹ζ•Ϋ’Λ’¬,13,0,0,0,1,0,1,0,0,0,2,0,0,1,1,0,0,0,0,8,0,0,2,0,0,0,0,0,0,3,3,2,0,1,0,0,1
‘«—§‹ζ“Z’¬,5,0,0,0,2,0,1,1,0,0,0,0,0,0,0,0,0,0,0,1,0,0,1,0,0,0,0,0,0,0,0,2,0,0,0,0,2
‘«—§‹ζ_–Ύ‚P’–Ϊ,7,0,0,0,0,0,0,0,0,0,0,0,0,0,0,0,0,0,0,4,0,1,2,0,0,0,0,0,0,0,1,3,0,0,0,0,3
‘«—§‹ζ_–Ύ‚Q’–Ϊ,5,0,0,0,0,0,0,0,0,0,1,0,0,0,0,1,0,0,0,3,0,1,2,0,0,0,0,0,0,0,0,1,0,0,0,0,1
‘«—§‹ζ_–Ύ‚R’–Ϊ,8,0,0,0,1,0,0,1,0,0,3,0,0,0,0,3,0,0,0,2,0,0,2,0,0,0,0,0,0,0,0,2,1,0,0,0,1
‘«—§‹ζ_–Ύ“μ‚P’–Ϊ,4,0,0,0,0,0,0,0,0,0,2,0,1,0,0,1,0,0,0,2,0,0,2,0,0,0,0,0,0,0,0,0,0,0,0,0,0
‘«—§‹ζ_–Ύ“μ‚Q’–Ϊ,3,0,0,0,0,0,0,0,0,0,0,0,0,0,0,0,0,0,0,1,0,0,1,0,0,0,0,0,0,0,0,2,1,0,0,0,1
‘«—§‹ζ–k‰Α•½’¬,7,0,0,0,0,0,0,0,0,0,0,0,0,0,0,0,0,0,0,3,0,0,2,0,0,0,0,0,0,0,1,4,0,0,0,0,4
‘«—§‹ζηZ‰Ν΄’¬,16,0,0,0,0,0,0,0,0,0,1,0,0,0,0,1,0,0,0,8,1,0,5,1,0,0,0,0,0,0,1,7,2,0,0,0,5
‘«—§‹ζηZ’‡’¬,12,0,0,0,2,0,1,1,0,0,0,0,0,0,0,0,0,0,0,7,0,1,3,0,0,0,0,0,0,1,2,3,1,1,0,0,1
‘«—§‹ζηZ‚P’–Ϊ,32,1,0,1,6,0,3,3,0,0,1,0,0,1,0,0,0,0,0,20,0,0,8,1,0,0,0,0,1,0,10,4,2,0,0,0,2
‘«—§‹ζηZ‚S’–Ϊ,15,0,0,0,0,0,0,0,0,0,0,0,0,0,0,0,0,0,0,11,0,0,8,0,0,0,0,0,0,0,3,4,3,0,0,0,1
‘«—§‹ζηZ‚T’–Ϊ,3,0,0,0,1,0,0,1,0,0,0,0,0,0,0,0,0,0,0,2,0,0,1,0,0,0,0,0,0,0,1,0,0,0,0,0,0
‘«—§‹ζΙ‹»‚P’–Ϊ,4,1,0,1,0,0,0,0,0,0,0,0,0,0,0,0,0,0,0,3,0,1,2,0,0,0,0,0,0,0,0,0,0,0,0,0,0
‘«—§‹ζΙ‹»‚Q’–Ϊ,18,0,0,0,1,0,1,0,0,0,0,0,0,0,0,0,0,0,0,12,0,0,11,0,0,0,0,0,0,1,0,5,0,1,0,0,4
‘«—§‹ζΙ‹»‚R’–Ϊ,13,0,0,0,0,0,0,0,0,0,1,0,0,0,0,0,0,1,0,12,0,0,10,0,0,0,0,0,0,0,2,0,0,0,0,0,0
‘«—§‹ζΙ‹»‚S’–Ϊ,30,0,0,0,4,0,2,0,2,0,0,0,0,0,0,0,0,0,0,22,0,0,11,0,0,0,0,0,0,9,2,4,1,0,0,0,3
‘«—§‹ζΙ‹»‚T’–Ϊ,10,0,0,0,0,0,0,0,0,0,0,0,0,0,0,0,0,0,0,9,0,0,7,1,0,0,0,0,0,0,1,1,0,0,0,0,1
‘«—§‹ζΌΙ‹»‚P’–Ϊ,12,0,0,0,0,0,0,0,0,0,2,0,0,0,0,0,2,0,0,7,2,0,4,0,1,0,0,0,0,0,0,3,1,1,0,0,1
‘«—§‹ζΌΙ‹»‚Q’–Ϊ,10,0,0,0,0,0,0,0,0,0,0,0,0,0,0,0,0,0,0,5,0,1,3,0,0,0,0,0,0,0,1,5,2,0,0,0,3
‘«—§‹ζΌΙ‹»‚R’–Ϊ,29,0,0,0,0,0,0,0,0,0,5,0,0,0,0,5,0,0,0,2,0,0,2,0,0,0,0,0,0,0,0,22,0,0,0,0,22
‘«—§‹ζΌΙ‹»‚S’–Ϊ,14,0,0,0,0,0,0,0,0,0,0,0,0,0,0,0,0,0,0,12,0,2,6,2,0,0,0,0,0,0,2,2,1,0,0,0,1
‘«—§‹ζΌ’|‚Μ’Λ‚P’–Ϊ,48,0,0,0,3,0,3,0,0,0,0,0,0,0,0,0,0,0,0,40,0,0,22,0,0,0,0,0,1,16,1,5,1,3,0,0,1
‘«—§‹ζΌ’|‚Μ’Λ‚Q’–Ϊ,30,1,0,1,1,0,1,0,0,0,0,0,0,0,0,0,0,0,0,23,0,0,17,0,0,0,0,0,1,2,3,5,0,1,0,0,4
‘«—§‹ζΙl‚P’–Ϊ,13,0,0,0,2,0,1,1,0,0,0,0,0,0,0,0,0,0,0,6,0,0,5,0,0,0,0,0,0,0,1,5,2,0,0,0,3
‘«—§‹ζΙl‚Q’–Ϊ,13,0,0,0,0,0,0,0,0,0,2,0,0,0,0,0,1,1,0,10,0,0,9,0,0,0,0,0,0,0,1,1,0,1,0,0,0
‘«—§‹ζΙl‚R’–Ϊ,8,0,0,0,0,0,0,0,0,0,0,0,0,0,0,0,0,0,0,6,0,0,5,0,0,0,0,0,0,0,1,2,1,0,0,0,1
‘«—§‹ζΙl‚S’–Ϊ,10,0,0,0,0,0,0,0,0,0,0,0,0,0,0,0,0,0,0,10,0,0,9,0,0,0,0,0,0,0,1,0,0,0,0,0,0
‘«—§‹ζΙl‚T’–Ϊ,22,0,0,0,1,0,0,1,0,0,2,0,0,2,0,0,0,0,0,13,0,0,10,0,0,0,0,0,0,0,3,6,2,1,0,0,3
‘«—§‹ζΓη’J–{’¬‚P’–Ϊ,4,0,0,0,0,0,0,0,0,0,0,0,0,0,0,0,0,0,0,4,0,0,0,0,0,0,0,0,0,3,1,0,0,0,0,0,0
‘«—§‹ζΓη’J–{’¬‚Q’–Ϊ,15,0,0,0,1,0,1,0,0,0,0,0,0,0,0,0,0,0,0,10,0,1,6,0,0,0,0,0,0,0,3,4,2,1,0,0,1
‘«—§‹ζΓη’J–{’¬‚R’–Ϊ,4,0,0,0,1,0,0,1,0,0,0,0,0,0,0,0,0,0,0,1,0,0,0,1,0,0,0,0,0,0,0,2,1,0,0,0,1
‘«—§‹ζΓη’J–{’¬‚S’–Ϊ,9,0,0,0,0,0,0,0,0,0,1,0,0,0,0,1,0,0,0,5,1,0,4,0,0,0,0,0,0,0,0,3,0,0,0,0,3
‘«—§‹ζΙlφ‰€,6,0,0,0,1,0,1,0,0,0,0,0,0,0,0,0,0,0,0,2,0,0,1,1,0,0,0,0,0,0,0,3,0,0,0,0,3
‘«—§‹ζΙ‹»–{’¬‚P’–Ϊ,7,0,0,0,0,0,0,0,0,0,0,0,0,0,0,0,0,0,0,6,0,0,4,0,1,0,0,1,0,0,0,1,0,0,0,0,1
‘«—§‹ζΙ‹»–{’¬‚Q’–Ϊ,12,1,0,1,0,0,0,0,0,0,0,0,0,0,0,0,0,0,0,10,0,0,3,0,0,0,0,0,0,4,3,1,1,0,0,0,0
‘«—§‹ζv,4442,45,10,35,347,1,191,120,25,10,127,2,2,9,13,43,24,7,27,2838,29,88,1394,117,17,40,4,4,27,520,598,1085,268,138,24,0,655
‹ό‹ζl‚Β–Ψ‚P’–Ϊ,22,0,0,0,2,0,0,2,0,0,2,0,0,1,1,0,0,0,0,11,0,0,9,1,0,0,0,0,0,0,1,7,1,0,0,0,6
‹ό‹ζl‚Β–Ψ‚Q’–Ϊ,29,1,0,1,1,0,1,0,0,0,0,0,0,0,0,0,0,0,0,21,0,0,9,1,0,0,0,0,0,9,2,6,2,1,0,0,3
‹ό‹ζl‚Β–Ψ‚R’–Ϊ,21,0,0,0,2,0,1,0,1,0,0,0,0,0,0,0,0,0,0,18,1,0,12,0,0,0,0,0,0,0,5,1,0,0,0,0,1
‹ό‹ζl‚Β–Ψ‚S’–Ϊ,31,0,0,0,0,0,0,0,0,0,2,0,0,0,0,0,1,0,1,25,0,0,16,1,0,0,0,0,0,5,3,4,1,0,0,0,3
‹ό‹ζl‚Β–Ψ‚T’–Ϊ,16,0,0,0,2,0,0,2,0,0,0,0,0,0,0,0,0,0,0,9,0,0,5,1,0,0,0,0,0,1,2,5,2,2,0,0,1
‹ό‹ζ•σ’¬‚P’–Ϊ,25,0,0,0,2,0,1,1,0,0,1,0,0,0,0,1,0,0,0,16,1,0,14,0,0,0,0,0,0,0,1,6,1,0,0,0,5
‹ό‹ζ•σ’¬‚Q’–Ϊ,27,0,0,0,2,0,0,1,1,0,0,0,0,0,0,0,0,0,0,18,0,0,14,0,0,0,0,0,0,2,2,7,1,0,0,0,6
‹ό‹ζ“l‚Β–Ψ‚P’–Ϊ,2,0,0,0,0,0,0,0,0,0,0,0,0,0,0,0,0,0,0,2,0,0,1,0,0,0,0,0,0,0,1,0,0,0,0,0,0
‹ό‹ζ“l‚Β–Ψ‚Q’–Ϊ,17,0,0,0,2,0,2,0,0,0,0,0,0,0,0,0,0,0,0,9,0,0,8,1,0,0,0,0,0,0,0,6,4,0,0,0,2
‹ό‹ζ“l‚Β–Ψ‚R’–Ϊ,13,0,0,0,3,0,1,1,1,0,0,0,0,0,0,0,0,0,0,9,0,0,6,0,1,0,0,0,0,1,1,1,0,0,0,0,1
‹ό‹ζ“l‚Β–Ψ‚S’–Ϊ,21,0,0,0,4,0,1,2,1,0,0,0,0,0,0,0,0,0,0,13,0,0,10,0,0,0,0,0,0,2,1,4,3,0,0,0,1
‹ό‹ζ“—§Ξ‚P’–Ϊ,7,0,0,0,1,0,1,0,0,0,0,0,0,0,0,0,0,0,0,4,0,0,4,0,0,0,0,0,0,0,0,2,0,0,0,0,2
‹ό‹ζ“—§Ξ‚Q’–Ϊ,9,0,0,0,1,0,0,1,0,0,0,0,0,0,0,0,0,0,0,7,0,0,2,2,0,0,0,0,0,0,3,1,0,0,0,0,1
‹ό‹ζ“—§Ξ‚R’–Ϊ,5,0,0,0,0,0,0,0,0,0,0,0,0,0,0,0,0,0,0,4,0,0,1,1,0,0,0,0,0,0,2,1,1,0,0,0,0
‹ό‹ζ“—§Ξ‚S’–Ϊ,10,0,0,0,0,0,0,0,0,0,0,0,0,0,0,0,0,0,0,6,0,0,4,2,0,0,0,0,0,0,0,4,2,0,0,0,2
‹ό‹ζ—§Ξ‚P’–Ϊ,37,0,0,0,2,0,1,0,1,0,3,2,0,0,1,0,0,0,0,24,0,0,17,0,1,0,0,0,0,1,5,8,3,1,0,0,4
‹ό‹ζ—§Ξ‚Q’–Ϊ,19,1,0,1,5,0,2,2,0,1,0,0,0,0,0,0,0,0,0,7,0,0,6,0,0,0,0,0,0,0,1,6,2,0,0,0,4
‹ό‹ζ—§Ξ‚R’–Ϊ,6,0,0,0,0,0,0,0,0,0,0,0,0,0,0,0,0,0,0,5,0,0,0,0,0,0,0,0,0,0,5,1,0,0,1,0,0
‹ό‹ζ—§Ξ‚S’–Ϊ,16,0,0,0,1,0,1,0,0,0,0,0,0,0,0,0,0,0,0,13,0,0,5,1,0,0,0,0,0,5,2,2,1,0,0,0,1
‹ό‹ζ—§Ξ‚T’–Ϊ,27,1,0,1,3,0,0,1,1,1,0,0,0,0,0,0,0,0,0,16,0,0,13,1,0,0,0,0,0,2,0,7,2,1,1,0,3
‹ό‹ζ—§Ξ‚U’–Ϊ,19,0,0,0,1,0,0,1,0,0,1,0,0,1,0,0,0,0,0,11,0,1,5,1,0,0,0,0,0,1,3,6,2,1,0,0,3
‹ό‹ζ—§Ξ‚V’–Ϊ,11,0,0,0,0,0,0,0,0,0,0,0,0,0,0,0,0,0,0,5,0,0,4,1,0,0,0,0,0,0,0,6,0,1,0,0,5
‹ό‹ζ—§Ξ‚W’–Ϊ,12,0,0,0,0,0,0,0,0,0,0,0,0,0,0,0,0,0,0,4,0,0,3,0,0,1,0,0,0,0,0,8,6,0,0,0,2
‹ό‹ζ“μ…³‚P’–Ϊ,20,0,0,0,2,0,2,0,0,0,0,0,0,0,0,0,0,0,0,13,0,0,9,0,0,2,0,0,0,0,2,5,1,0,0,0,4
‹ό‹ζ“μ…³‚Q’–Ϊ,20,0,0,0,1,0,1,0,0,0,0,0,0,0,0,0,0,0,0,13,0,1,7,0,0,1,0,0,0,1,3,6,5,0,0,0,1
‹ό‹ζ“μ…³‚R’–Ϊ,7,0,0,0,0,0,0,0,0,0,0,0,0,0,0,0,0,0,0,5,0,0,3,0,0,0,0,0,0,0,2,2,1,0,0,0,1
‹ό‹ζ“μ…³‚S’–Ϊ,23,0,0,0,0,0,0,0,0,0,0,0,0,0,0,0,0,0,0,20,0,0,17,0,0,0,0,0,0,0,3,3,2,0,0,0,1
‹ό‹ζ…³‚P’–Ϊ,18,0,0,0,1,0,1,0,0,0,0,0,0,0,0,0,0,0,0,15,0,0,13,0,0,0,0,0,0,0,2,2,0,0,0,0,2
‹ό‹ζ…³‚Q’–Ϊ,13,0,0,0,0,0,0,0,0,0,0,0,0,0,0,0,0,0,0,9,0,0,6,0,0,0,0,0,0,1,2,4,2,1,0,0,1
‹ό‹ζ…³‚R’–Ϊ,17,0,0,0,1,0,1,0,0,0,0,0,0,0,0,0,0,0,0,14,0,2,9,0,0,0,0,0,0,0,3,2,1,0,0,0,1
‹ό‹ζ…³‚S’–Ϊ,21,0,0,0,0,0,0,0,0,0,0,0,0,0,0,0,0,0,0,19,0,0,11,0,0,2,0,0,0,6,0,2,0,0,0,0,2
‹ό‹ζ…³‚T’–Ϊ,6,0,0,0,2,0,1,1,0,0,0,0,0,0,0,0,0,0,0,2,0,0,2,0,0,0,0,0,0,0,0,2,0,1,0,0,1
‹ό‹ζ“V¬β‚P’–Ϊ,28,0,0,0,2,0,2,0,0,0,0,0,0,0,0,0,0,0,0,21,0,0,12,1,0,0,0,0,0,2,6,5,1,0,0,0,4
‹ό‹ζ“V¬β‚Q’–Ϊ,30,0,0,0,1,0,0,1,0,0,0,0,0,0,0,0,0,0,0,25,0,0,14,1,0,0,0,0,0,6,4,4,1,1,0,0,2
‹ό‹ζ“V¬β‚R’–Ϊ,13,0,0,0,0,0,0,0,0,0,1,0,0,0,0,1,0,0,0,8,0,0,2,0,0,0,0,0,0,1,5,4,0,0,0,0,4
‹ό‹ζ“V¬β‚S’–Ϊ,8,0,0,0,0,0,0,0,0,0,0,0,0,0,0,0,0,0,0,8,0,0,5,0,0,0,0,0,0,0,3,0,0,0,0,0,0
‹ό‹ζ“V¬β‚T’–Ϊ,12,0,0,0,0,0,0,0,0,0,0,0,0,0,0,0,0,0,0,8,0,0,5,1,0,1,0,0,0,0,1,4,3,0,0,0,1
‹ό‹ζ“V¬β‚U’–Ϊ,15,0,0,0,1,0,0,1,0,0,1,0,0,0,0,0,0,0,1,10,0,0,6,2,0,0,0,0,0,0,2,3,2,0,0,0,1
‹ό‹ζ“V¬β‚V’–Ϊ,20,0,0,0,2,0,1,1,0,0,0,0,0,0,0,0,0,0,0,9,0,0,4,0,0,0,0,0,1,1,3,9,3,0,0,0,6
‹ό‹ζ“V¬β‚W’–Ϊ,11,0,0,0,1,0,0,1,0,0,1,0,0,1,0,0,0,0,0,3,0,0,3,0,0,0,0,0,0,0,0,6,3,0,0,0,3
‹ό‹ζΌV¬β‚P’–Ϊ,108,1,1,0,4,0,1,3,0,0,0,0,0,0,0,0,0,0,0,89,0,2,56,2,0,0,0,0,2,17,10,14,8,2,0,0,4
‹ό‹ζΌV¬β‚Q’–Ϊ,5,0,0,0,0,0,0,0,0,0,0,0,0,0,0,0,0,0,0,4,0,0,4,0,0,0,0,0,0,0,0,1,0,0,0,0,1
‹ό‹ζΌV¬β‚R’–Ϊ,21,0,0,0,1,0,0,1,0,0,1,0,0,0,0,0,0,1,0,12,0,1,9,0,0,0,0,0,0,1,1,7,2,1,0,0,4
‹ό‹ζΌV¬β‚S’–Ϊ,18,0,0,0,0,0,0,0,0,0,0,0,0,0,0,0,0,0,0,8,0,0,3,1,0,0,0,0,0,1,3,10,5,0,0,0,5
‹ό‹ζΌV¬β‚T’–Ϊ,10,0,0,0,0,0,0,0,0,0,0,0,0,0,0,0,0,0,0,7,1,1,1,0,0,0,0,0,1,3,0,3,1,0,0,0,2
‹ό‹ζV¬β‚P’–Ϊ,185,2,2,0,21,0,15,4,2,0,2,0,0,2,0,0,0,0,0,117,0,7,65,2,0,0,4,0,0,17,22,43,11,3,0,0,29
‹ό‹ζV¬β‚Q’–Ϊ,43,2,0,2,7,0,5,1,1,0,2,1,0,1,0,0,0,0,0,26,0,0,17,1,0,0,0,0,0,3,5,6,3,0,0,0,3
‹ό‹ζV¬β‚R’–Ϊ,9,1,0,1,0,0,0,0,0,0,1,0,0,0,0,1,0,0,0,5,0,0,4,0,0,0,0,0,0,0,1,2,1,0,0,0,1
‹ό‹ζV¬β‚S’–Ϊ,22,1,0,1,1,0,0,0,1,0,1,0,0,0,0,1,0,0,0,12,0,0,11,0,0,0,0,0,0,0,1,7,3,0,0,0,4
‹ό‹ζ‚»‚P’–Ϊ,2,0,0,0,0,0,0,0,0,0,0,0,0,0,0,0,0,0,0,2,0,0,0,0,2,0,0,0,0,0,0,0,0,0,0,0,0
‹ό‹ζ‚»‚Q’–Ϊ,15,2,2,0,0,0,0,0,0,0,0,0,0,0,0,0,0,0,0,7,0,0,6,0,0,0,0,0,0,0,1,6,3,0,0,0,3
‹ό‹ζ‚»‚R’–Ϊ,31,0,0,0,1,0,0,1,0,0,0,0,0,0,0,0,0,0,0,24,0,1,15,0,0,0,0,0,1,7,0,6,2,1,0,0,3
‹ό‹ζ‚»‚S’–Ϊ,11,0,0,0,2,0,2,0,0,0,0,0,0,0,0,0,0,0,0,5,0,0,4,0,0,0,0,0,0,0,1,4,1,0,0,0,3
‹ό‹ζ‚»‚T’–Ϊ,31,0,0,0,5,0,3,2,0,0,0,0,0,0,0,0,0,0,0,19,0,0,14,0,0,0,0,0,1,0,4,7,1,2,0,0,4
‹ό‹ζ‚»‚U’–Ϊ,11,0,0,0,0,0,0,0,0,0,4,0,0,0,0,0,4,0,0,4,0,0,2,0,0,0,0,0,0,0,2,3,2,0,0,0,1
‹ό‹ζ‚»‚V’–Ϊ,7,0,0,0,0,0,0,0,0,0,1,0,0,0,0,0,0,1,0,2,0,0,1,0,0,1,0,0,0,0,0,4,1,0,1,0,2
‹ό‹ζ‚»‚W’–Ϊ,4,0,0,0,0,0,0,0,0,0,0,0,0,0,0,0,0,0,0,2,0,0,1,0,0,0,0,0,0,1,0,2,1,0,0,0,1
‹ό‹ζ™‘q‚P’–Ϊ,12,0,0,0,0,0,0,0,0,0,1,0,0,0,0,0,0,0,1,9,0,0,3,2,0,1,0,0,0,2,1,2,2,0,0,0,0
‹ό‹ζ™‘q‚Q’–Ϊ,6,1,0,1,0,0,0,0,0,0,0,0,0,0,0,0,0,0,0,1,0,0,1,0,0,0,0,0,0,0,0,4,3,0,0,0,1
‹ό‹ζ™‘q‚R’–Ϊ,22,0,0,0,1,0,0,1,0,0,0,0,0,0,0,0,0,0,0,12,0,0,8,1,0,0,0,0,1,0,2,9,1,2,0,0,6
‹ό‹ζ™‘q‚S’–Ϊ,5,0,0,0,2,0,2,0,0,0,0,0,0,0,0,0,0,0,0,2,0,0,0,0,0,0,0,0,0,0,2,1,0,0,0,0,1
‹ό‹ζΧ“c‚P’–Ϊ,5,0,0,0,0,0,0,0,0,0,0,0,0,0,0,0,0,0,0,4,0,1,2,0,0,0,0,0,0,0,1,1,0,0,0,0,1
‹ό‹ζΧ“c‚Q’–Ϊ,3,0,0,0,0,0,0,0,0,0,0,0,0,0,0,0,0,0,0,2,0,0,1,0,0,0,0,0,0,0,1,1,0,1,0,0,0
‹ό‹ζΧ“c‚R’–Ϊ,15,0,0,0,1,0,0,1,0,0,0,0,0,0,0,0,0,0,0,6,1,0,4,0,0,0,0,0,0,1,0,8,3,0,0,0,5
‹ό‹ζΧ“c‚S’–Ϊ,18,0,0,0,2,0,0,2,0,0,0,0,0,0,0,0,0,0,0,11,1,0,9,0,0,0,0,0,0,0,1,5,2,0,1,0,2
‹ό‹ζΧ“c‚T’–Ϊ,6,0,0,0,1,0,1,0,0,0,2,0,0,1,0,0,1,0,0,2,0,0,2,0,0,0,0,0,0,0,0,1,0,0,1,0,0
‹ό‹ζΒΛ‚P’–Ϊ,5,0,0,0,0,0,0,0,0,0,0,0,0,0,0,0,0,0,0,4,0,0,3,0,0,0,0,0,0,0,1,1,0,0,0,0,1
‹ό‹ζΒΛ‚Q’–Ϊ,8,0,0,0,2,0,2,0,0,0,1,0,0,1,0,0,0,0,0,3,0,0,3,0,0,0,0,0,0,0,0,2,1,1,0,0,0
‹ό‹ζΒΛ‚R’–Ϊ,80,0,0,0,4,0,2,1,1,0,0,0,0,0,0,0,0,0,0,62,0,0,35,3,1,0,0,0,1,9,13,14,4,2,1,0,7
‹ό‹ζΒΛ‚S’–Ϊ,19,0,0,0,2,0,1,1,0,0,0,0,0,0,0,0,0,0,0,14,1,0,10,0,0,0,0,0,0,2,1,3,2,1,0,0,0
‹ό‹ζΒΛ‚T’–Ϊ,10,1,0,1,0,0,0,0,0,0,0,0,0,0,0,0,0,0,0,6,0,0,4,0,0,1,0,0,0,0,1,3,2,0,0,0,1
‹ό‹ζΒΛ‚U’–Ϊ,19,0,0,0,1,0,0,0,1,0,0,0,0,0,0,0,0,0,0,15,0,0,7,0,0,0,0,0,0,1,7,3,1,0,0,0,2
‹ό‹ζΒΛ‚V’–Ϊ,7,0,0,0,0,0,0,0,0,0,0,0,0,0,0,0,0,0,0,4,0,0,2,1,0,0,0,0,0,0,1,3,1,1,0,0,1
‹ό‹ζΒΛ‚W’–Ϊ,16,1,0,1,0,0,0,0,0,0,0,0,0,0,0,0,0,0,0,9,0,0,6,0,0,0,0,0,0,2,1,6,0,0,0,0,6
‹ό‹ζ”’’Ή‚P’–Ϊ,11,0,0,0,0,0,0,0,0,0,0,0,0,0,0,0,0,0,0,7,0,0,5,0,0,0,0,0,0,0,2,4,2,1,0,0,1
‹ό‹ζ”’’Ή‚Q’–Ϊ,5,0,0,0,1,0,0,1,0,0,0,0,0,0,0,0,0,0,0,3,0,1,2,0,0,0,0,0,0,0,0,1,0,0,0,0,1
‹ό‹ζ”’’Ή‚R’–Ϊ,17,0,0,0,1,0,1,0,0,0,3,1,0,1,0,0,0,0,1,7,0,0,7,0,0,0,0,0,0,0,0,6,3,0,0,0,3
‹ό‹ζ”’’Ή‚S’–Ϊ,23,0,0,0,1,0,1,0,0,0,0,0,0,0,0,0,0,0,0,15,0,1,5,2,0,1,0,0,0,4,2,7,3,0,0,0,4
‹ό‹ζ–xΨ‚P’–Ϊ,33,0,0,0,0,0,0,0,0,0,0,0,0,0,0,0,0,0,0,26,1,1,18,1,0,0,0,0,0,1,4,7,3,1,0,0,3
‹ό‹ζ–xΨ‚Q’–Ϊ,36,0,0,0,2,0,0,2,0,0,0,0,0,0,0,0,0,0,0,27,0,0,23,1,0,0,0,0,0,1,2,7,1,1,1,0,4
‹ό‹ζ–xΨ‚R’–Ϊ,30,0,0,0,4,0,1,3,0,0,1,0,0,0,1,0,0,0,0,20,0,0,11,2,0,0,0,0,0,4,3,5,2,0,0,0,3
‹ό‹ζ–xΨ‚S’–Ϊ,30,0,0,0,2,0,2,0,0,0,0,0,0,0,0,0,0,0,0,22,0,0,10,0,0,0,0,0,0,5,7,6,1,0,0,0,5
‹ό‹ζ–xΨ‚T’–Ϊ,16,0,0,0,1,0,1,0,0,0,0,0,0,0,0,0,0,0,0,6,0,0,5,0,0,0,0,0,0,0,1,9,3,1,0,0,5
‹ό‹ζ–xΨ‚U’–Ϊ,9,0,0,0,2,0,2,0,0,0,0,0,0,0,0,0,0,0,0,6,0,1,4,1,0,0,0,0,0,0,0,1,1,0,0,0,0
‹ό‹ζ–xΨ‚V’–Ϊ,11,0,0,0,0,0,0,0,0,0,1,0,0,0,0,1,0,0,0,6,0,0,2,1,0,0,0,0,0,0,3,4,2,1,0,0,1
‹ό‹ζ–xΨ‚W’–Ϊ,6,0,0,0,1,0,0,1,0,0,0,0,0,0,0,0,0,0,0,5,0,0,4,0,1,0,0,0,0,0,0,0,0,0,0,0,0
‹ό‹ζ‰Λ‚P’–Ϊ,5,0,0,0,1,0,0,1,0,0,0,0,0,0,0,0,0,0,0,4,0,0,4,0,0,0,0,0,0,0,0,0,0,0,0,0,0
‹ό‹ζ‰Λ‚Q’–Ϊ,22,0,0,0,3,0,2,1,0,0,1,0,0,0,0,1,0,0,0,12,1,0,8,3,0,0,0,0,0,0,0,6,4,0,0,0,2
‹ό‹ζ‰Λ‚R’–Ϊ,14,0,0,0,0,0,0,0,0,0,0,0,0,0,0,0,0,0,0,11,0,1,3,1,0,0,0,0,0,4,2,3,2,0,0,0,1
‹ό‹ζ‰Λ‚S’–Ϊ,16,1,0,1,1,0,1,0,0,0,0,0,0,0,0,0,0,0,0,10,0,0,3,2,0,0,0,0,0,2,3,4,3,0,0,0,1
‹ό‹ζ‰Λ‚T’–Ϊ,10,0,0,0,2,0,2,0,0,0,0,0,0,0,0,0,0,0,0,7,0,0,3,0,0,0,0,0,0,1,3,1,1,0,0,0,0
‹ό‹ζ‰Λ‚U’–Ϊ,3,0,0,0,0,0,0,0,0,0,0,0,0,0,0,0,0,0,0,2,0,0,2,0,0,0,0,0,0,0,0,1,1,0,0,0,0
‹ό‹ζ‰Λ‚V’–Ϊ,12,0,0,0,0,0,0,0,0,0,2,0,0,1,0,0,0,0,1,7,1,0,4,0,0,0,0,0,0,0,2,3,1,0,0,0,2
‹ό‹ζ‰Λ‚W’–Ϊ,7,0,0,0,0,0,0,0,0,0,0,0,0,0,0,0,0,0,0,3,0,0,0,1,0,0,0,0,0,1,1,4,0,0,1,0,3
‹ό‹ζ‰Λ‚X’–Ϊ,5,0,0,0,0,0,0,0,0,0,1,0,0,0,0,1,0,0,0,4,0,0,3,0,0,0,0,0,0,0,1,0,0,0,0,0,0
‹ό‹ζ‚¨‰Τ’ƒ‰®‚P’–Ϊ,26,1,0,1,3,0,3,0,0,0,0,0,0,0,0,0,0,0,0,16,0,0,15,0,0,0,0,0,0,0,1,6,1,1,0,0,4
‹ό‹ζ‚¨‰Τ’ƒ‰®‚Q’–Ϊ,10,0,0,0,0,0,0,0,0,0,0,0,0,0,0,0,0,0,0,8,0,0,6,0,0,0,0,0,0,1,1,2,0,0,0,0,2
‹ό‹ζ‚¨‰Τ’ƒ‰®‚R’–Ϊ,22,0,0,0,0,0,0,0,0,0,2,1,0,0,0,1,0,0,0,16,0,1,15,0,0,0,0,0,0,0,0,4,1,1,0,0,2
‹ό‹ζ“–xΨ‚P’–Ϊ,13,0,0,0,0,0,0,0,0,0,1,0,0,0,0,1,0,0,0,6,0,0,4,0,0,0,0,0,0,1,1,6,2,1,0,0,3
‹ό‹ζ“–xΨ‚Q’–Ϊ,18,0,0,0,2,0,1,1,0,0,0,0,0,0,0,0,0,0,0,12,0,0,9,1,0,0,0,0,0,0,2,4,2,2,0,0,0
‹ό‹ζ“–xΨ‚R’–Ϊ,8,0,0,0,0,0,0,0,0,0,0,0,0,0,0,0,0,0,0,7,0,0,4,1,0,0,0,0,0,0,2,1,1,0,0,0,0
‹ό‹ζ¬›‚P’–Ϊ,10,0,0,0,2,0,1,1,0,0,2,0,0,0,0,1,1,0,0,3,0,0,1,0,1,0,0,0,0,0,1,3,0,0,1,0,2
‹ό‹ζ¬›‚Q’–Ϊ,14,0,0,0,1,0,1,0,0,0,0,0,0,0,0,0,0,0,0,13,1,0,8,0,0,0,0,0,0,2,2,0,0,0,0,0,0
‹ό‹ζ¬›‚R’–Ϊ,14,1,1,0,0,0,0,0,0,0,0,0,0,0,0,0,0,0,0,11,0,0,6,0,0,0,0,0,0,5,0,2,2,0,0,0,0
‹ό‹ζ¬›‚S’–Ϊ,13,0,0,0,1,0,0,1,0,0,0,0,0,0,0,0,0,0,0,11,0,0,4,0,0,0,0,0,0,1,6,1,0,0,0,0,1
‹ό‹ζΌ‹T—L‚P’–Ϊ,17,0,0,0,0,0,0,0,0,0,0,0,0,0,0,0,0,0,0,12,0,0,8,1,0,0,0,0,0,1,2,5,2,0,0,0,3
‹ό‹ζΌ‹T—L‚Q’–Ϊ,19,0,0,0,2,0,0,2,0,0,0,0,0,0,0,0,0,0,0,12,0,0,11,0,0,0,0,0,0,0,1,5,1,1,0,0,3
‹ό‹ζΌ‹T—L‚R’–Ϊ,24,1,1,0,2,0,1,1,0,0,1,0,0,0,0,1,0,0,0,14,0,0,10,3,0,0,0,0,0,0,1,6,3,1,0,0,2
‹ό‹ζΌ‹T—L‚S’–Ϊ,9,0,0,0,1,0,0,1,0,0,0,0,0,0,0,0,0,0,0,5,0,0,4,0,0,1,0,0,0,0,0,3,3,0,0,0,0
‹ό‹ζ“…³‚P’–Ϊ,13,0,0,0,0,0,0,0,0,0,0,0,0,0,0,0,0,0,0,11,1,0,8,1,0,0,0,0,0,0,1,2,1,0,0,0,1
‹ό‹ζ“…³‚Q’–Ϊ,31,1,1,0,0,0,0,0,0,0,0,0,0,0,0,0,0,0,0,29,0,1,21,0,0,0,0,0,0,0,7,1,0,0,0,0,1
‹ό‹ζ“…³‚R’–Ϊ,8,0,0,0,1,0,1,0,0,0,0,0,0,0,0,0,0,0,0,5,0,0,4,0,0,0,0,0,0,0,1,2,0,1,0,0,1
‹ό‹ζ“…³‚S’–Ϊ,3,0,0,0,0,0,0,0,0,0,0,0,0,0,0,0,0,0,0,2,0,0,1,0,0,0,0,0,0,0,1,1,0,0,1,0,0
‹ό‹ζ“…³‚T’–Ϊ,13,0,0,0,0,0,0,0,0,0,0,0,0,0,0,0,0,0,0,9,0,0,9,0,0,0,0,0,0,0,0,4,1,1,0,0,2
‹ό‹ζ“…³‚U’–Ϊ,3,0,0,0,0,0,0,0,0,0,0,0,0,0,0,0,0,0,0,2,0,0,2,0,0,0,0,0,0,0,0,1,1,0,0,0,0
‹ό‹ζVh‚P’–Ϊ,12,0,0,0,0,0,0,0,0,0,0,0,0,0,0,0,0,0,0,8,0,1,7,0,0,0,0,0,0,0,0,4,2,1,0,0,1
‹ό‹ζVh‚Q’–Ϊ,10,0,0,0,1,0,1,0,0,0,0,0,0,0,0,0,0,0,0,7,0,0,3,0,0,0,0,0,0,0,4,2,2,0,0,0,0
‹ό‹ζVh‚R’–Ϊ,7,0,0,0,1,0,0,0,0,1,1,0,0,0,0,0,1,0,0,2,0,0,2,0,0,0,0,0,0,0,0,3,1,1,0,0,1
‹ό‹ζVh‚S’–Ϊ,22,0,0,0,1,0,0,1,0,0,0,0,0,0,0,0,0,0,0,11,0,0,6,0,0,0,0,0,0,4,1,10,2,0,0,0,8
‹ό‹ζVh‚T’–Ϊ,4,1,1,0,1,0,1,0,0,0,0,0,0,0,0,0,0,0,0,0,0,0,0,0,0,0,0,0,0,0,0,2,1,0,0,0,1
‹ό‹ζVh‚U’–Ϊ,25,0,0,0,1,0,1,0,0,0,0,0,0,0,0,0,0,0,0,20,0,1,15,0,0,0,0,0,0,0,4,4,0,2,0,0,2
‹ό‹ζΔ–”‚P’–Ϊ,7,0,0,0,0,0,0,0,0,0,0,0,0,0,0,0,0,0,0,3,0,0,2,0,0,0,0,0,0,0,1,4,4,0,0,0,0
‹ό‹ζΔ–”‚Q’–Ϊ,9,0,0,0,0,0,0,0,0,0,0,0,0,0,0,0,0,0,0,8,0,0,3,2,0,0,0,0,0,1,2,1,1,0,0,0,0
‹ό‹ζΔ–”‚R’–Ϊ,11,0,0,0,0,0,0,0,0,0,1,0,0,0,0,1,0,0,0,2,0,0,0,0,0,0,0,0,0,0,2,8,5,0,0,0,3
‹ό‹ζΔ–”‚S’–Ϊ,18,1,0,1,0,0,0,0,0,0,0,0,0,0,0,0,0,0,0,13,0,0,5,0,0,0,0,0,0,4,4,4,0,1,0,0,3
‹ό‹ζΔ–”‚T’–Ϊ,17,0,0,0,0,0,0,0,0,0,1,0,0,0,0,0,0,0,1,10,1,0,4,0,0,0,0,0,0,0,5,6,1,0,0,0,5
‹ό‹ζΔ–”‚U’–Ϊ,11,0,0,0,1,0,0,0,0,1,0,0,0,0,0,0,0,0,0,5,0,0,2,0,0,0,0,0,0,0,3,5,2,1,0,0,2
‹ό‹ζΔ–”‚V’–Ϊ,1,0,0,0,0,0,0,0,0,0,0,0,0,0,0,0,0,0,0,1,0,0,1,0,0,0,0,0,0,0,0,0,0,0,0,0,0
‹ό‹ζ‹ΰ’¬‚P’–Ϊ,12,0,0,0,1,0,0,1,0,0,0,0,0,0,0,0,0,0,0,6,0,0,2,0,0,0,0,0,0,3,1,5,4,0,0,0,1
‹ό‹ζ‹ΰ’¬‚Q’–Ϊ,8,0,0,0,1,0,0,1,0,0,0,0,0,0,0,0,0,0,0,4,0,0,2,0,0,1,0,0,0,0,1,3,1,0,0,0,2
‹ό‹ζ‹ΰ’¬‚R’–Ϊ,15,0,0,0,1,0,0,1,0,0,0,0,0,0,0,0,0,0,0,8,0,0,5,0,1,0,0,0,0,0,2,6,5,0,1,0,0
‹ό‹ζ‹ΰ’¬‚S’–Ϊ,12,0,0,0,2,0,2,0,0,0,0,0,0,0,0,0,0,0,0,7,0,0,4,0,0,2,0,0,0,0,1,3,1,1,0,0,1
‹ό‹ζ‹ΰ’¬‚T’–Ϊ,23,0,0,0,2,0,1,1,0,0,0,0,0,0,0,0,0,0,0,17,0,0,13,2,0,0,0,0,0,0,2,4,2,1,0,0,1
‹ό‹ζ‹ΰ’¬‚U’–Ϊ,52,0,0,0,7,0,4,2,1,0,0,0,0,0,0,0,0,0,0,34,0,0,18,2,0,0,0,0,0,7,7,11,3,0,0,0,8
‹ό‹ζ“‹ΰ’¬‚P’–Ϊ,106,0,0,0,7,0,4,3,0,0,3,0,0,0,1,0,0,0,2,84,0,1,57,0,0,0,0,0,1,17,8,12,2,2,0,0,8
‹ό‹ζ“‹ΰ’¬‚Q’–Ϊ,25,0,0,0,1,0,1,0,0,0,0,0,0,0,0,0,0,0,0,20,0,0,17,0,0,0,0,0,0,0,3,4,3,0,0,0,1
‹ό‹ζ“‹ΰ’¬‚R’–Ϊ,8,0,0,0,0,0,0,0,0,0,0,0,0,0,0,0,0,0,0,5,0,0,1,0,0,0,0,0,0,4,0,3,0,0,0,0,3
‹ό‹ζ“‹ΰ’¬‚S’–Ϊ,18,0,0,0,0,0,0,0,0,0,0,0,0,0,0,0,0,0,0,13,0,0,11,0,0,0,0,0,0,0,2,5,0,0,0,0,5
‹ό‹ζ“‹ΰ’¬‚T’–Ϊ,38,0,0,0,1,0,1,0,0,0,0,0,0,0,0,0,0,0,0,35,0,1,31,0,0,0,0,2,0,0,1,2,0,0,0,0,2
‹ό‹ζ“‹ΰ’¬‚U’–Ϊ,8,0,0,0,0,0,0,0,0,0,1,0,0,0,0,0,0,0,1,5,0,0,4,0,0,1,0,0,0,0,0,2,1,0,0,0,1
‹ό‹ζ“‹ΰ’¬‚V’–Ϊ,5,0,0,0,0,0,0,0,0,0,0,0,0,0,0,0,0,0,0,4,0,0,3,0,0,0,0,0,0,0,1,1,1,0,0,0,0
‹ό‹ζ“‹ΰ’¬‚W’–Ϊ,12,0,0,0,1,0,1,0,0,0,0,0,0,0,0,0,0,0,0,3,0,1,0,1,0,0,0,0,0,0,1,8,2,0,0,0,6
‹ό‹ζ‹ΰ’¬ς…κ,2,0,0,0,0,0,0,0,0,0,0,0,0,0,0,0,0,0,0,1,0,0,0,0,0,0,0,0,0,0,1,1,0,0,0,0,1
‹ό‹ζ‹T—L‚P’–Ϊ,24,0,0,0,0,0,0,0,0,0,1,0,0,0,0,0,0,0,1,19,0,0,16,0,0,0,0,0,0,3,0,4,2,0,0,0,2
‹ό‹ζ‹T—L‚Q’–Ϊ,48,0,0,0,2,0,0,2,0,0,0,0,0,0,0,0,0,0,0,44,0,0,26,2,0,0,0,0,0,8,8,2,2,0,0,0,0
‹ό‹ζ‹T—L‚R’–Ϊ,219,1,1,0,11,0,5,5,0,1,0,0,0,0,0,0,0,0,0,172,0,0,86,2,0,1,0,0,1,52,30,35,6,7,1,0,21
‹ό‹ζ‹T—L‚S’–Ϊ,30,0,0,0,1,0,1,0,0,0,0,0,0,0,0,0,0,0,0,19,0,0,8,1,0,3,0,0,0,2,5,10,1,2,0,0,7
‹ό‹ζ‹T—L‚T’–Ϊ,73,0,0,0,5,0,3,2,0,0,3,0,0,0,1,0,0,1,1,56,0,1,32,1,0,0,0,0,0,17,5,9,3,0,0,0,6
‹ό‹ζ…³φ‰€,3,1,0,1,2,0,1,0,0,1,0,0,0,0,0,0,0,0,0,0,0,0,0,0,0,0,0,0,0,0,0,0,0,0,0,0,0
‹ό‹ζΌ…³‚P’–Ϊ,7,0,0,0,0,0,0,0,0,0,1,0,0,0,0,0,0,0,1,6,0,1,4,0,0,0,0,0,0,0,1,0,0,0,0,0,0
‹ό‹ζΌ…³‚Q’–Ϊ,6,0,0,0,0,0,0,0,0,0,0,0,0,0,0,0,0,0,0,4,0,0,1,1,0,1,0,0,0,0,1,2,0,1,0,0,1
‹ό‹ζΌ…³‚R’–Ϊ,12,0,0,0,0,0,0,0,0,0,0,0,0,0,0,0,0,0,0,4,0,0,1,0,0,0,0,0,0,0,3,8,3,1,0,0,4
‹ό‹ζΌ…³‚S’–Ϊ,2,0,0,0,0,0,0,0,0,0,1,0,0,0,0,0,0,0,1,0,0,0,0,0,0,0,0,0,0,0,0,1,1,0,0,0,0
‹ό‹ζΌ…³‚T’–Ϊ,17,0,0,0,2,0,1,1,0,0,1,0,0,0,1,0,0,0,0,13,0,0,12,0,0,0,0,0,0,0,1,1,0,1,0,0,0
‹ό‹ζΌ…³‚U’–Ϊ,16,0,0,0,0,0,0,0,0,0,0,0,0,0,0,0,0,0,0,16,0,1,2,0,0,3,0,0,0,10,0,0,0,0,0,0,0
‹ό‹ζv,3037,24,10,14,196,0,104,73,13,6,57,5,0,10,6,12,8,3,13,2073,12,32,1291,68,8,24,4,2,10,280,342,687,244,63,12,0,368
]Λμ‹ζ“¬Όμ‚P’–Ϊ,12,0,0,0,4,0,1,3,0,0,0,0,0,0,0,0,0,0,0,5,0,0,5,0,0,0,0,0,0,0,0,3,0,1,0,0,2
]Λμ‹ζ“¬Όμ‚Q’–Ϊ,17,0,0,0,3,0,3,0,0,0,1,0,0,0,0,1,0,0,0,9,0,0,4,3,0,0,0,0,0,0,2,4,1,0,0,0,3
]Λμ‹ζ“¬Όμ‚R’–Ϊ,20,0,0,0,3,0,1,2,0,0,0,0,0,0,0,0,0,0,0,12,0,0,6,1,1,0,0,0,0,0,4,5,1,2,0,0,2
]Λμ‹ζ“¬Όμ‚S’–Ϊ,18,0,0,0,1,0,0,1,0,0,2,0,0,0,0,2,0,0,0,11,0,0,9,0,0,1,0,0,0,0,1,4,0,1,0,0,3
]Λμ‹ζΌ¬Όμ’¬,15,1,0,1,1,0,1,0,0,0,3,0,0,0,0,1,0,0,2,6,0,0,2,0,0,0,0,0,0,0,4,4,1,1,0,0,2
]Λμ‹ζΌ‹Ό‚P’–Ϊ,14,1,0,1,0,0,0,0,0,0,1,0,0,0,0,1,0,0,0,8,0,0,2,0,0,0,0,0,0,1,5,4,0,1,0,0,3
]Λμ‹ζΌ‹Ό‚Q’–Ϊ,19,0,0,0,0,0,0,0,0,0,0,0,0,0,0,0,0,0,0,14,4,0,8,0,0,0,0,0,0,1,1,5,3,0,0,0,2
]Λμ‹ζΌ‹Ό‚R’–Ϊ,76,0,0,0,5,0,2,3,0,0,0,0,0,0,0,0,0,0,0,60,0,1,20,1,0,2,0,0,1,25,10,11,2,1,0,0,8
]Λμ‹ζΌ‹Ό‚S’–Ϊ,26,0,0,0,1,0,1,0,0,0,0,0,0,0,0,0,0,0,0,20,0,0,14,0,0,0,0,0,0,1,5,5,2,1,0,0,2
]Λμ‹ζΌ‹Ό‚T’–Ϊ,39,0,0,0,5,0,2,3,0,0,0,0,0,0,0,0,0,0,0,33,0,0,22,0,0,0,0,0,0,4,7,1,0,0,0,0,1
]Λμ‹ζΌ‹Ό‚U’–Ϊ,83,1,0,1,8,0,4,4,0,0,2,0,0,0,1,1,0,0,0,55,1,2,32,2,0,0,0,1,2,5,10,17,3,3,0,0,11
]Λμ‹ζΌ‹Ό‚V’–Ϊ,34,0,0,0,2,0,2,0,0,0,0,0,0,0,0,0,0,0,0,23,3,1,16,1,0,1,0,0,0,0,1,9,2,1,1,0,5
]Λμ‹ζΌ‹Ό‚W’–Ϊ,21,0,0,0,3,0,0,2,1,0,0,0,0,0,0,0,0,0,0,10,0,1,6,0,0,0,0,0,0,0,3,8,6,0,0,0,2
]Λμ‹ζ’†‹Ό‚P’–Ϊ,32,0,0,0,2,0,1,1,0,0,1,0,0,0,0,1,0,0,0,24,0,1,13,3,0,0,0,0,0,2,5,5,3,0,0,0,2
]Λμ‹ζ’†‹Ό‚Q’–Ϊ,18,0,0,0,1,0,1,0,0,0,0,0,0,0,0,0,0,0,0,15,0,0,7,0,0,2,0,0,0,3,3,2,0,0,0,0,2
]Λμ‹ζ’†‹Ό‚R’–Ϊ,53,0,0,0,7,0,4,2,1,0,0,0,0,0,0,0,0,0,0,39,0,0,17,3,0,0,0,0,0,6,13,7,3,1,0,0,3
]Λμ‹ζ’†‹Ό‚S’–Ϊ,16,0,0,0,2,0,1,1,0,0,1,0,0,0,1,0,0,0,0,10,0,1,8,0,0,0,0,0,0,0,1,3,0,1,1,0,1
]Λμ‹ζ’†‹Ό‚T’–Ϊ,80,1,0,1,11,0,9,2,0,0,0,0,0,0,0,0,0,0,0,62,0,0,39,2,0,2,0,0,2,4,13,6,1,3,0,0,2
]Λμ‹ζ’†‹Ό‚U’–Ϊ,23,0,0,0,0,0,0,0,0,0,0,0,0,0,0,0,0,0,0,16,0,0,9,1,0,0,0,0,0,3,3,7,4,0,0,0,3
]Λμ‹ζ’†‹Ό‚V’–Ϊ,18,0,0,0,1,0,0,0,0,1,1,0,0,0,0,1,0,0,0,13,1,0,7,0,0,0,0,0,0,2,3,3,2,0,0,0,1
]Λμ‹ζ’†‹Ό‚W’–Ϊ,22,0,0,0,3,0,1,1,0,1,0,0,0,0,0,0,0,0,0,12,2,0,7,1,0,0,0,0,0,1,1,7,1,1,0,0,5
]Λμ‹ζ–k‹Ό‚P’–Ϊ,17,0,0,0,0,0,0,0,0,0,0,0,0,0,0,0,0,0,0,10,0,0,7,0,1,0,0,0,0,0,2,7,5,0,0,0,2
]Λμ‹ζ–k‹Ό‚Q’–Ϊ,37,1,0,1,0,0,0,0,0,0,0,0,0,0,0,0,0,0,0,22,0,1,6,0,0,0,0,0,0,0,15,14,1,0,1,0,12
]Λμ‹ζ–k‹Ό‚R’–Ϊ,8,0,0,0,1,0,0,0,1,0,0,0,0,0,0,0,0,0,0,4,0,0,2,1,0,0,0,0,0,0,1,3,1,1,0,0,1
]Λμ‹ζ–k‹Ό‚S’–Ϊ,26,0,0,0,0,0,0,0,0,0,0,0,0,0,0,0,0,0,0,24,0,0,11,1,0,0,0,0,0,10,2,2,0,0,0,0,2
]Λμ‹ζ–k‹Ό‚T’–Ϊ,14,0,0,0,0,0,0,0,0,0,0,0,0,0,0,0,0,0,0,11,0,0,8,0,0,0,0,0,1,0,2,3,0,0,0,0,3
]Λμ‹ζ“μ‹Ό‚P’–Ϊ,15,0,0,0,1,0,0,1,0,0,0,0,0,0,0,0,0,0,0,13,0,0,9,0,0,0,0,0,0,2,2,1,0,1,0,0,0
]Λμ‹ζ“μ‹Ό‚Q’–Ϊ,24,0,0,0,3,0,1,1,1,0,4,0,0,0,1,2,0,0,1,12,0,0,8,0,0,0,0,0,0,2,2,5,2,1,0,0,2
]Λμ‹ζ“μ‹Ό‚R’–Ϊ,30,0,0,0,0,0,0,0,0,0,0,0,0,0,0,0,0,0,0,22,1,2,12,3,0,0,0,0,0,0,4,8,2,0,0,0,6
]Λμ‹ζ“μ‹Ό‚S’–Ϊ,32,1,1,0,4,0,3,1,0,0,1,0,0,0,0,0,1,0,0,20,0,0,15,0,0,0,0,0,0,2,3,6,0,0,0,0,6
]Λμ‹ζ“μ‹Ό‚T’–Ϊ,30,0,0,0,2,0,0,2,0,0,0,0,0,0,0,0,0,0,0,19,1,0,15,0,0,0,0,0,0,0,3,9,0,4,0,0,5
]Λμ‹ζ“μ‹Ό‚U’–Ϊ,22,0,0,0,1,0,0,1,0,0,0,0,0,0,0,0,0,0,0,17,1,0,11,0,0,0,0,0,0,1,4,4,1,1,0,0,2
]Λμ‹ζ“μ‹Ό‚V’–Ϊ,15,0,0,0,0,0,0,0,0,0,1,0,0,0,0,1,0,0,0,6,0,0,5,0,0,0,0,0,0,0,1,8,4,1,0,0,3
]Λμ‹ζV–x‚P’–Ϊ,8,0,0,0,1,0,0,1,0,0,0,0,0,0,0,0,0,0,0,5,0,0,2,0,0,0,0,0,0,1,2,2,0,1,0,0,1
]Λμ‹ζV–x‚Q’–Ϊ,9,1,1,0,0,0,0,0,0,0,0,0,0,0,0,0,0,0,0,7,0,0,6,0,0,0,0,0,0,0,1,1,1,0,0,0,0
]Λμ‹ζ“‹Ό‚P’–Ϊ,28,0,0,0,2,0,1,1,0,0,1,0,0,0,0,0,0,0,1,18,0,1,8,0,0,0,0,0,0,4,5,7,3,0,0,0,4
]Λμ‹ζ“‹Ό‚Q’–Ϊ,15,0,0,0,0,0,0,0,0,0,1,0,0,0,0,0,1,0,0,12,0,0,7,0,0,0,0,0,0,0,5,2,1,0,0,0,1
]Λμ‹ζ“‹Ό‚R’–Ϊ,4,0,0,0,0,0,0,0,0,0,0,0,0,0,0,0,0,0,0,4,0,0,3,0,0,0,0,0,0,0,1,0,0,0,0,0,0
]Λμ‹ζ“‹Ό‚S’–Ϊ,35,0,0,0,2,0,2,0,0,0,2,0,0,0,0,2,0,0,0,21,0,2,17,0,0,0,0,0,0,0,2,10,4,1,0,0,5
]Λμ‹ζ“‹Ό‚T’–Ϊ,46,0,0,0,4,0,2,1,1,0,0,0,0,0,0,0,0,0,0,29,0,0,16,1,0,0,0,0,0,6,6,13,3,0,0,0,10
]Λμ‹ζ“‹Ό‚U’–Ϊ,64,0,0,0,6,0,3,0,2,1,0,0,0,0,0,0,0,0,0,48,0,1,32,3,0,1,0,0,0,7,4,10,1,2,0,0,7
]Λμ‹ζ“‹Ό‚V’–Ϊ,25,0,0,0,4,0,1,2,1,0,0,0,0,0,0,0,0,0,0,13,0,0,6,0,0,0,0,0,0,4,3,8,2,2,1,0,3
]Λμ‹ζ“‹Ό‚W’–Ϊ,24,0,0,0,2,0,0,2,0,0,2,0,0,0,0,2,0,0,0,13,1,1,7,0,0,0,0,0,0,0,4,7,1,0,0,0,6
]Λμ‹ζ“‹Ό‚X’–Ϊ,62,0,0,0,4,0,3,1,0,0,0,0,0,0,0,0,0,0,0,47,1,1,29,0,0,0,0,0,0,13,3,11,5,0,2,0,4
]Λμ‹ζ΄V’¬‚P’–Ϊ,35,0,0,0,2,0,1,1,0,0,0,0,0,0,0,0,0,0,0,25,1,0,19,1,0,0,0,0,0,2,2,8,4,0,0,0,4
]Λμ‹ζ΄V’¬‚Q’–Ϊ,13,0,0,0,1,0,0,1,0,0,0,0,0,0,0,0,0,0,0,8,0,0,6,0,0,0,0,0,0,0,2,4,1,0,0,0,3
]Λμ‹ζ—ΥC’¬‚P’–Ϊ,12,0,0,0,0,0,0,0,0,0,0,0,0,0,0,0,0,0,0,8,0,0,7,0,0,0,0,0,0,0,1,4,1,0,0,0,3
]Λμ‹ζ—ΥC’¬‚Q’–Ϊ,28,0,0,0,3,0,2,0,1,0,1,0,1,0,0,0,0,0,0,17,0,0,10,0,0,0,0,0,0,0,7,7,2,0,0,0,5
]Λμ‹ζ—ΥC’¬‚S’–Ϊ,4,0,0,0,0,0,0,0,0,0,0,0,0,0,0,0,0,0,0,2,0,0,1,0,0,0,0,0,0,0,1,2,1,0,0,0,1
]Λμ‹ζ—ΥC’¬‚T’–Ϊ,17,0,0,0,3,0,0,2,0,1,0,0,0,0,0,0,0,0,0,13,0,0,9,1,0,0,0,0,0,2,1,1,0,0,0,0,1
]Λμ‹ζ—ΥC’¬‚U’–Ϊ,33,0,0,0,1,0,0,1,0,0,0,0,0,0,0,0,0,0,0,24,0,4,15,2,0,1,0,0,0,0,2,8,0,2,0,0,6
]Λμ‹ζκ”V]‚T’–Ϊ,13,0,0,0,1,0,1,0,0,0,0,0,0,0,0,0,0,0,0,10,1,0,6,0,0,0,0,0,0,0,3,2,1,1,0,0,0
]Λμ‹ζκ”V]‚U’–Ϊ,11,1,1,0,1,0,0,0,1,0,0,0,0,0,0,0,0,0,0,7,0,1,5,0,0,0,0,0,0,0,1,2,0,0,0,0,2
]Λμ‹ζκ”V]‚V’–Ϊ,31,0,0,0,1,0,1,0,0,0,0,0,0,0,0,0,0,0,0,24,0,1,21,0,0,0,0,0,0,0,2,6,2,3,0,0,1
]Λμ‹ζκ”V]‚W’–Ϊ,20,0,0,0,2,0,1,0,1,0,0,0,0,0,0,0,0,0,0,12,0,0,10,1,0,0,0,0,0,1,0,6,0,2,0,0,4
]Λμ‹ζ‘ε™‚P’–Ϊ,8,0,0,0,0,0,0,0,0,0,0,0,0,0,0,0,0,0,0,6,1,0,4,1,0,0,0,0,0,0,0,2,0,0,0,0,2
]Λμ‹ζ‘ε™‚Q’–Ϊ,7,0,0,0,1,0,0,1,0,0,0,0,0,0,0,0,0,0,0,5,0,0,2,1,0,0,0,0,0,0,2,1,0,0,0,0,1
]Λμ‹ζ‘ε™‚R’–Ϊ,11,0,0,0,2,0,0,2,0,0,0,0,0,0,0,0,0,0,0,8,0,0,6,1,0,0,0,0,0,1,0,1,0,0,0,0,1
]Λμ‹ζ‘ε™‚S’–Ϊ,9,0,0,0,0,0,0,0,0,0,1,0,0,0,0,0,0,0,1,6,0,0,1,0,0,0,0,0,0,1,4,2,1,1,0,0,0
]Λμ‹ζ‘ε™‚T’–Ϊ,12,1,1,0,1,0,1,0,0,0,1,0,0,0,0,0,0,0,1,9,0,0,7,0,0,0,0,0,0,1,1,0,0,0,0,0,0
]Λμ‹ζΌκ”V]‚R’–Ϊ,19,0,0,0,1,0,1,0,0,0,0,0,0,0,0,0,0,0,0,12,0,0,10,1,0,0,0,0,0,0,1,6,0,0,0,0,6
]Λμ‹ζΌκ”V]‚S’–Ϊ,15,0,0,0,0,0,0,0,0,0,0,0,0,0,0,0,0,0,0,11,0,0,4,1,0,0,0,0,0,4,2,4,2,1,0,0,1
]Λμ‹ζ¬Όμ‚P’–Ϊ,20,0,0,0,2,0,2,0,0,0,0,0,0,0,0,0,0,0,0,14,0,1,7,2,0,0,0,0,0,2,2,4,2,1,0,0,1
]Λμ‹ζ¬Όμ‚R’–Ϊ,22,0,0,0,1,0,0,1,0,0,0,0,0,0,0,0,0,0,0,17,0,2,11,0,0,0,0,0,0,0,4,4,1,1,0,0,2
]Λμ‹ζ¬Όμ‚S’–Ϊ,6,0,0,0,0,0,0,0,0,0,0,0,0,0,0,0,0,0,0,5,0,0,4,0,0,0,0,0,0,0,1,1,1,0,0,0,0
]Λμ‹ζ•½δ‚P’–Ϊ,19,0,0,0,1,0,0,0,0,1,1,0,0,0,0,0,0,0,1,10,2,0,7,0,0,0,0,0,0,1,0,7,2,0,0,0,5
]Λμ‹ζ•½δ‚Q’–Ϊ,20,0,0,0,2,0,2,0,0,0,2,0,0,0,0,1,1,0,0,13,0,1,3,1,0,0,0,0,0,8,0,3,1,0,0,0,2
]Λμ‹ζ•½δ‚R’–Ϊ,43,1,0,1,8,0,5,2,1,0,1,0,0,0,0,1,0,0,0,20,0,0,11,0,0,0,0,0,0,3,6,13,3,0,0,0,10
]Λμ‹ζ•½δ‚S’–Ϊ,25,1,0,1,2,0,0,2,0,0,1,0,0,0,0,1,0,0,0,16,0,1,7,0,1,0,0,0,0,1,6,5,2,0,0,0,3
]Λμ‹ζ•½δ‚T’–Ϊ,43,1,1,0,6,0,4,1,1,0,0,0,0,0,0,0,0,0,0,24,0,0,17,0,0,1,0,1,0,0,5,12,1,3,0,0,8
]Λμ‹ζ•½δ‚U’–Ϊ,24,0,0,0,1,0,0,1,0,0,0,0,0,0,0,0,0,0,0,19,1,1,13,0,1,0,0,0,0,0,3,4,3,0,0,0,1
]Λμ‹ζ•½δ‚V’–Ϊ,46,0,0,0,1,0,1,0,0,0,0,0,0,0,0,0,0,0,0,36,0,4,25,1,0,0,0,0,0,0,6,9,0,2,0,0,7
]Λμ‹ζ¬Όμ‚Q’–Ϊ,19,0,0,0,0,0,0,0,0,0,0,0,0,0,0,0,0,0,0,16,2,0,10,0,0,0,0,0,0,0,4,3,1,0,0,0,2
]Λμ‹ζ’†‰›‚P’–Ϊ,32,0,0,0,6,0,5,0,1,0,0,0,0,0,0,0,0,0,0,22,0,1,6,2,0,0,0,0,0,10,3,4,0,2,0,0,2
]Λμ‹ζ’†‰›‚Q’–Ϊ,19,0,0,0,2,0,0,2,0,0,0,0,0,0,0,0,0,0,0,10,0,0,9,0,0,0,0,0,0,0,1,7,2,0,0,0,5
]Λμ‹ζ’†‰›‚R’–Ϊ,17,0,0,0,2,0,1,1,0,0,0,0,0,0,0,0,0,0,0,12,0,0,8,1,0,0,0,0,0,1,2,3,0,0,0,0,3
]Λμ‹ζ’†‰›‚S’–Ϊ,24,0,0,0,2,0,1,1,0,0,1,0,0,0,0,0,0,0,1,17,0,0,14,1,0,0,0,0,0,0,2,4,2,0,0,0,2
]Λμ‹ζΌ“‡‚P’–Ϊ,22,0,0,0,2,0,0,2,0,0,0,0,0,0,0,0,0,0,0,12,0,0,4,0,0,0,0,0,0,5,3,8,1,1,0,0,6
]Λμ‹ζΌ“‡‚Q’–Ϊ,29,0,0,0,1,0,0,1,0,0,0,0,0,0,0,0,0,0,0,15,0,1,7,2,0,0,0,0,0,1,4,13,2,2,0,0,9
]Λμ‹ζΌ“‡‚R’–Ϊ,42,7,1,6,2,0,1,0,1,0,1,0,0,0,0,1,0,0,0,22,1,0,13,1,0,0,0,0,0,6,1,10,2,0,0,0,8
]Λμ‹ζΌ“‡‚S’–Ϊ,25,1,0,1,3,1,1,0,1,0,0,0,0,0,0,0,0,0,0,13,0,0,6,0,0,1,0,0,0,5,1,8,2,2,0,0,4
]Λμ‹ζΌ]‚P’–Ϊ,24,1,1,0,0,0,0,0,0,0,1,0,0,0,1,0,0,0,0,17,0,1,8,1,0,0,0,0,0,3,4,5,0,1,0,0,4
]Λμ‹ζΌ]‚Q’–Ϊ,33,1,1,0,1,0,1,0,0,0,0,0,0,0,0,0,0,0,0,27,0,1,15,0,0,1,0,0,0,7,3,4,1,2,0,0,1
]Λμ‹ζΌ]‚R’–Ϊ,12,0,0,0,2,0,2,0,0,0,0,0,0,0,0,0,0,0,0,7,0,1,3,0,0,0,0,0,0,2,1,3,0,0,0,0,3
]Λμ‹ζΌ]‚S’–Ϊ,8,0,0,0,0,0,0,0,0,0,0,0,0,0,0,0,0,0,0,4,0,0,2,0,0,1,0,0,0,0,1,4,1,0,0,0,3
]Λμ‹ζΌ]‚T’–Ϊ,28,0,0,0,5,0,3,1,1,0,2,0,1,0,0,0,0,0,1,14,1,1,7,1,0,0,0,0,0,1,3,7,2,0,0,0,5
]Λμ‹ζΌ]‚U’–Ϊ,2,0,0,0,0,0,0,0,0,0,0,0,0,0,0,0,0,0,0,2,0,0,1,0,0,1,0,0,0,0,0,0,0,0,0,0,0
]Λμ‹ζΌ]‚V’–Ϊ,12,0,0,0,1,0,0,1,0,0,0,0,0,0,0,0,0,0,0,3,0,0,1,0,0,0,0,0,0,0,2,8,1,1,1,0,5
]Λμ‹ζΌκ”V]‚P’–Ϊ,5,0,0,0,1,0,0,1,0,0,0,0,0,0,0,0,0,0,0,3,0,0,2,0,0,0,0,0,0,0,1,1,0,0,0,0,1
]Λμ‹ζΌκ”V]‚Q’–Ϊ,10,0,0,0,1,0,1,0,0,0,0,0,0,0,0,0,0,0,0,8,0,0,6,1,0,0,0,0,0,0,1,1,0,0,0,0,1
]Λμ‹ζκ”V]‚P’–Ϊ,6,0,0,0,0,0,0,0,0,0,0,0,0,0,0,0,0,0,0,5,0,0,3,1,0,0,0,0,0,0,1,1,0,1,0,0,0
]Λμ‹ζκ”V]‚Q’–Ϊ,6,0,0,0,0,0,0,0,0,0,0,0,0,0,0,0,0,0,0,4,0,0,2,0,0,0,0,0,0,0,2,2,0,0,0,0,2
]Λμ‹ζκ”V]‚R’–Ϊ,24,1,0,1,1,0,1,0,0,0,2,0,0,0,0,1,1,0,0,16,0,0,11,3,0,1,0,0,0,0,1,4,0,0,3,0,1
]Λμ‹ζκ”V]‚S’–Ϊ,10,1,0,1,0,0,0,0,0,0,0,0,0,0,0,0,0,0,0,7,0,0,4,0,0,0,0,0,0,1,2,2,0,1,0,0,1
]Λμ‹ζt]’¬‚P’–Ϊ,6,0,0,0,0,0,0,0,0,0,0,0,0,0,0,0,0,0,0,4,0,0,4,0,0,0,0,0,0,0,0,2,0,0,0,0,2
]Λμ‹ζt]’¬‚Q’–Ϊ,23,0,0,0,1,0,0,1,0,0,1,0,0,0,0,0,0,0,1,18,0,3,10,0,0,0,0,0,0,4,1,3,0,0,1,0,2
]Λμ‹ζt]’¬‚R’–Ϊ,11,0,0,0,1,0,0,1,0,0,0,0,0,0,0,0,0,0,0,8,0,0,4,0,0,0,0,0,0,1,3,2,0,1,0,0,1
]Λμ‹ζt]’¬‚S’–Ϊ,1,0,0,0,0,0,0,0,0,0,0,0,0,0,0,0,0,0,0,1,0,0,1,0,0,0,0,0,0,0,0,0,0,0,0,0,0
]Λμ‹ζt]’¬‚T’–Ϊ,13,0,0,0,1,0,0,1,0,0,1,0,0,0,1,0,0,0,0,7,0,0,5,0,0,0,0,0,0,1,1,4,2,1,0,0,1
]Λμ‹ζΌ]‚R’–Ϊ,29,0,0,0,0,0,0,0,0,0,1,0,0,0,0,1,0,0,0,23,0,1,13,2,0,0,0,0,0,2,5,5,1,0,0,0,4
]Λμ‹ζΌ]‚S’–Ϊ,23,1,0,1,1,0,1,0,0,0,2,0,0,0,0,1,0,0,1,15,0,0,9,1,0,0,0,0,0,1,4,4,0,1,0,0,3
]Λμ‹ζΌ]‚T’–Ϊ,13,0,0,0,0,0,0,0,0,0,1,0,0,0,0,1,0,0,0,8,0,0,4,0,0,0,0,0,0,0,4,4,2,2,0,0,0
]Λμ‹ζ]Λμ‚P’–Ϊ,12,1,0,1,0,0,0,0,0,0,0,0,0,0,0,0,0,0,0,10,0,0,6,0,0,0,0,0,0,1,3,1,1,0,0,0,0
]Λμ‹ζ]Λμ‚Q’–Ϊ,27,0,0,0,1,0,0,1,0,0,0,0,0,0,0,0,0,0,0,15,0,0,14,0,0,0,0,0,0,0,1,11,3,0,0,0,8
]Λμ‹ζ]Λμ‚R’–Ϊ,11,1,0,1,1,0,1,0,0,0,0,0,0,0,0,0,0,0,0,7,0,2,3,0,0,0,0,0,0,0,2,2,1,0,0,0,1
]Λμ‹ζ]Λμ‚S’–Ϊ,4,0,0,0,0,0,0,0,0,0,0,0,0,0,0,0,0,0,0,2,0,0,1,0,0,0,0,0,0,0,1,2,0,0,0,0,2
]Λμ‹ζ]Λμ‚T’–Ϊ,15,0,0,0,2,0,1,0,1,0,1,0,0,0,0,1,0,0,0,7,0,1,4,2,0,0,0,0,0,0,0,5,0,2,0,0,3
]Λμ‹ζ]Λμ‚U’–Ϊ,16,0,0,0,2,0,1,1,0,0,0,0,0,0,0,0,0,0,0,13,0,1,8,2,0,0,0,0,0,1,1,1,0,1,0,0,0
]Λμ‹ζ]‚P’–Ϊ,17,0,0,0,0,0,0,0,0,0,0,0,0,0,0,0,0,0,0,14,0,1,12,0,0,0,0,0,0,0,1,3,0,1,0,0,2
]Λμ‹ζ]‚Q’–Ϊ,116,3,0,3,6,0,5,1,0,0,1,0,0,0,0,0,0,0,1,89,0,2,64,3,1,0,0,0,0,10,9,17,0,3,0,0,14
]Λμ‹ζ]‚R’–Ϊ,14,0,0,0,1,0,0,1,0,0,0,0,0,0,0,0,0,0,0,12,0,1,4,4,0,0,0,0,0,2,1,1,0,0,0,0,1
]Λμ‹ζ]‚S’–Ϊ,10,0,0,0,0,0,0,0,0,0,1,0,0,0,0,0,0,0,1,9,0,0,4,0,0,1,0,0,0,1,3,0,0,0,0,0,0
]Λμ‹ζΌ–{‚P’–Ϊ,21,1,0,1,3,0,1,2,0,0,2,0,0,1,0,0,0,0,1,13,0,0,7,3,0,0,0,0,0,1,2,2,0,2,0,0,0
]Λμ‹ζΌ–{‚Q’–Ϊ,15,1,1,0,2,0,1,1,0,0,0,0,0,0,0,0,0,0,0,9,0,0,2,0,0,0,0,0,0,5,2,3,1,2,0,0,0
]Λμ‹ζγκF‚P’–Ϊ,12,0,0,0,0,0,0,0,0,0,0,0,0,0,0,0,0,0,0,9,0,1,7,0,0,0,0,0,0,0,1,3,1,1,0,0,1
]Λμ‹ζγκF‚Q’–Ϊ,3,0,0,0,0,0,0,0,0,0,0,0,0,0,0,0,0,0,0,2,0,0,2,0,0,0,0,0,0,0,0,1,0,0,0,0,1
]Λμ‹ζγκF‚R’–Ϊ,7,0,0,0,1,0,1,0,0,0,0,0,0,0,0,0,0,0,0,4,0,0,2,0,0,0,0,0,0,0,2,2,0,0,0,0,2
]Λμ‹ζ–{κF‚P’–Ϊ,17,1,1,0,1,0,1,0,0,0,1,0,0,0,0,0,0,0,1,13,0,1,7,1,0,0,0,0,0,3,1,1,0,1,0,0,0
]Λμ‹ζ–{κF‚Q’–Ϊ,13,0,0,0,0,0,0,0,0,0,1,0,0,0,0,1,0,0,0,7,0,0,3,1,0,0,0,0,0,0,3,5,0,0,0,0,5
]Λμ‹ζ–{κF‚R’–Ϊ,8,0,0,0,0,0,0,0,0,0,0,0,0,0,0,0,0,0,0,4,1,0,1,0,0,0,0,0,0,1,1,4,3,0,0,0,1
]Λμ‹ζ‹»‹{’¬,14,0,0,0,0,0,0,0,0,0,0,0,0,0,0,0,0,0,0,9,0,1,2,0,0,1,0,0,0,0,5,5,2,1,0,0,2
]Λμ‹ζκ”V]’¬,2,0,0,0,0,0,0,0,0,0,0,0,0,0,0,0,0,0,0,2,0,0,2,0,0,0,0,0,0,0,0,0,0,0,0,0,0
]Λμ‹ζ“ρ”V]’¬,4,0,0,0,0,0,0,0,0,0,0,0,0,0,0,0,0,0,0,4,0,0,0,0,0,0,0,0,0,0,4,0,0,0,0,0,0
]Λμ‹ζ‘D–x‚P’–Ϊ,71,1,1,0,5,0,2,2,0,1,0,0,0,0,0,0,0,0,0,53,0,0,23,1,0,0,0,0,1,24,4,12,1,0,0,0,11
]Λμ‹ζ‘D–x‚Q’–Ϊ,20,0,0,0,0,0,0,0,0,0,0,0,0,0,0,0,0,0,0,15,0,0,9,0,0,0,0,0,0,0,6,5,3,1,0,0,1
]Λμ‹ζ‘D–x‚R’–Ϊ,56,0,0,0,4,0,3,1,0,0,0,0,0,0,0,0,0,0,0,45,0,0,38,0,0,0,1,0,0,2,4,7,2,1,1,0,3
]Λμ‹ζ‘D–x‚S’–Ϊ,29,0,0,0,1,0,0,1,0,0,0,0,0,0,0,0,0,0,0,23,0,0,22,0,0,0,0,0,0,1,0,5,1,2,0,0,2
]Λμ‹ζ‘D–x‚T’–Ϊ,9,0,0,0,0,0,0,0,0,0,0,0,0,0,0,0,0,0,0,6,0,0,4,0,0,0,0,0,0,0,2,3,0,0,0,0,3
]Λμ‹ζ‘D–x‚U’–Ϊ,16,0,0,0,1,0,0,1,0,0,0,0,0,0,0,0,0,0,0,15,0,1,8,3,0,0,0,0,0,0,3,0,0,0,0,0,0
]Λμ‹ζ‘D–x‚V’–Ϊ,17,0,0,0,1,0,0,1,0,0,0,0,0,0,0,0,0,0,0,14,0,0,8,1,0,0,0,0,0,3,2,2,0,0,0,0,2
]Λμ‹ζ‰Fμ“c’¬,6,0,0,0,1,0,0,0,0,1,1,0,0,0,0,0,0,0,1,3,0,0,2,0,0,0,0,0,0,0,1,1,1,0,0,0,0
]Λμ‹ζγΒθ‚P’–Ϊ,10,0,0,0,2,0,0,1,1,0,0,0,0,0,0,0,0,0,0,7,0,0,0,2,0,0,0,0,0,1,4,1,0,0,0,0,1
]Λμ‹ζγΒθ‚Q’–Ϊ,7,0,0,0,0,0,0,0,0,0,0,0,0,0,0,0,0,0,0,5,0,0,0,2,0,0,0,0,0,0,3,2,0,0,0,0,2
]Λμ‹ζγΒθ‚R’–Ϊ,6,0,0,0,1,0,0,1,0,0,0,0,0,0,0,0,0,0,0,3,0,0,2,0,0,0,0,0,0,1,0,2,1,0,0,0,1
]Λμ‹ζγΒθ‚S’–Ϊ,10,0,0,0,0,0,0,0,0,0,0,0,0,0,0,0,0,0,0,6,0,0,4,0,0,1,0,0,0,0,1,4,0,2,0,0,2
]Λμ‹ζ“¬β‚P’–Ϊ,26,0,0,0,2,0,0,1,1,0,0,0,0,0,0,0,0,0,0,15,0,0,6,0,0,0,0,0,0,1,8,9,3,0,0,0,6
]Λμ‹ζ“¬β‚Q’–Ϊ,11,0,0,0,0,0,0,0,0,0,0,0,0,0,0,0,0,0,0,7,0,0,2,0,0,0,0,0,0,0,5,4,3,1,0,0,0
]Λμ‹ζ“¬β‚R’–Ϊ,16,0,0,0,2,0,1,1,0,0,0,0,0,0,0,0,0,0,0,8,0,0,6,0,0,0,0,0,0,0,2,6,2,1,0,0,3
]Λμ‹ζ“¬β‚S’–Ϊ,12,0,0,0,2,0,1,0,1,0,1,0,0,0,0,1,0,0,0,8,2,0,2,0,0,0,0,0,0,2,2,1,1,0,0,0,0
]Λμ‹ζ“¬β‚T’–Ϊ,15,0,0,0,1,0,1,0,0,0,0,0,0,0,0,0,0,0,0,10,0,0,7,1,0,1,0,0,0,0,1,4,1,0,0,0,3
]Λμ‹ζ“¬β‚U’–Ϊ,13,0,0,0,1,0,1,0,0,0,1,0,0,0,0,1,0,0,0,9,0,0,2,0,0,0,0,0,0,2,5,2,0,0,0,0,2
]Λμ‹ζΌ¬β‚P’–Ϊ,124,3,0,3,11,0,7,4,0,0,0,0,0,0,0,0,0,0,0,90,0,1,45,5,0,0,1,0,2,17,19,20,7,2,0,0,11
]Λμ‹ζΌ¬β‚Q’–Ϊ,8,0,0,0,1,0,0,1,0,0,0,0,0,0,0,0,0,0,0,5,0,0,4,0,0,1,0,0,0,0,0,2,0,0,0,0,2
]Λμ‹ζΌ¬β‚R’–Ϊ,24,1,0,1,2,0,0,2,0,0,0,0,0,0,0,0,0,0,0,16,0,0,9,1,0,0,0,0,0,1,5,5,2,2,0,0,1
]Λμ‹ζΌ¬β‚S’–Ϊ,19,0,0,0,1,0,1,0,0,0,0,0,0,0,0,0,0,0,0,10,0,1,6,0,0,0,0,0,0,1,2,8,4,2,1,0,1
]Λμ‹ζΌ¬β‚T’–Ϊ,20,2,0,2,3,0,2,1,0,0,2,0,0,0,0,2,0,0,0,7,0,0,5,0,0,0,0,0,0,0,2,6,1,0,0,0,5
]Λμ‹ζ“μ¬β‚P’–Ϊ,7,0,0,0,0,0,0,0,0,0,0,0,0,0,0,0,0,0,0,5,0,1,3,0,0,0,0,0,0,1,0,2,1,1,0,0,0
]Λμ‹ζ“μ¬β‚Q’–Ϊ,17,0,0,0,0,0,0,0,0,0,0,0,0,0,0,0,0,0,0,12,0,1,8,0,0,0,0,0,0,1,2,5,1,1,0,0,3
]Λμ‹ζ“μ¬β‚R’–Ϊ,13,0,0,0,1,0,0,0,1,0,0,0,0,0,0,0,0,0,0,12,0,0,4,1,0,0,0,0,0,0,7,0,0,0,0,0,0
]Λμ‹ζ“μ¬β‚S’–Ϊ,9,0,0,0,2,0,1,0,1,0,0,0,0,0,0,0,0,0,0,5,0,0,5,0,0,0,0,0,0,0,0,2,2,0,0,0,0
]Λμ‹ζ“μ¬β‚T’–Ϊ,15,0,0,0,1,0,1,0,0,0,0,0,0,0,0,0,0,0,0,11,0,1,9,0,0,0,0,0,0,0,1,3,0,1,0,0,2
]Λμ‹ζ“μ¬β‚U’–Ϊ,64,0,0,0,2,0,1,1,0,0,0,0,0,0,0,0,0,0,0,51,0,1,31,1,0,1,0,0,0,8,9,11,4,0,0,0,7
]Λμ‹ζ“μ¬β‚V’–Ϊ,129,0,0,0,16,0,7,6,2,1,1,0,0,0,0,0,1,0,0,84,0,1,51,4,0,1,1,0,0,10,16,28,4,2,1,0,21
]Λμ‹ζ“μ¬β‚W’–Ϊ,62,1,0,1,8,0,2,6,0,0,1,0,0,0,0,0,0,0,1,44,0,1,37,0,0,0,1,0,0,2,3,8,1,0,0,0,7
]Λμ‹ζ–k¬β‚P’–Ϊ,17,0,0,0,1,0,1,0,0,0,1,0,0,0,0,1,0,0,0,13,0,0,7,0,0,0,0,0,0,0,6,2,1,0,0,0,1
]Λμ‹ζ–k¬β‚Q’–Ϊ,33,0,0,0,2,0,0,2,0,0,0,0,0,0,0,0,0,0,0,22,0,0,21,0,0,0,0,0,0,0,1,9,6,0,0,0,3
]Λμ‹ζ–k¬β‚R’–Ϊ,18,0,0,0,2,0,1,0,1,0,0,0,0,0,0,0,0,0,0,12,0,0,10,0,0,0,0,0,0,0,2,4,3,0,0,0,1
]Λμ‹ζ–k¬β‚S’–Ϊ,21,0,0,0,1,0,0,1,0,0,0,0,0,0,0,0,0,0,0,11,0,0,5,0,0,0,0,0,0,2,4,9,5,0,0,0,4
]Λμ‹ζ–k¬β‚T’–Ϊ,13,0,0,0,1,0,1,0,0,0,0,0,0,0,0,0,0,0,0,9,0,0,4,1,0,0,0,0,0,0,4,3,1,1,0,0,1
]Λμ‹ζ–k¬β‚U’–Ϊ,35,0,0,0,3,0,0,2,1,0,1,0,0,0,0,0,1,0,0,27,0,0,20,0,0,0,0,0,0,1,6,4,2,1,0,0,1
]Λμ‹ζ–k¬β‚V’–Ϊ,10,0,0,0,1,0,1,0,0,0,0,0,0,0,0,0,0,0,0,4,0,0,3,0,0,0,0,0,0,1,0,5,4,0,0,0,1
]Λμ‹ζ–k¬β‚W’–Ϊ,10,0,0,0,0,0,0,0,0,0,0,0,0,0,0,0,0,0,0,5,0,0,1,0,0,0,0,0,0,0,4,5,1,1,0,0,3
]Λμ‹ζΒθ’¬‚P’–Ϊ,10,0,0,0,1,0,0,0,1,0,0,0,0,0,0,0,0,0,0,4,0,0,2,1,0,0,0,0,0,1,0,5,3,0,0,0,2
]Λμ‹ζΒθ’¬‚Q’–Ϊ,35,1,1,0,1,0,1,0,0,0,0,0,0,0,0,0,0,0,0,28,0,1,19,1,0,0,0,0,0,5,2,5,0,2,0,0,3
]Λμ‹ζΒθ’¬‚R’–Ϊ,19,0,0,0,3,0,1,2,0,0,0,0,0,0,0,0,0,0,0,9,0,1,7,0,0,0,0,0,0,0,1,7,0,2,0,0,5
]Λμ‹ζΒθ’¬‚S’–Ϊ,19,1,0,1,0,0,0,0,0,0,0,0,0,0,0,0,0,0,0,14,0,1,8,0,0,0,0,0,0,1,4,4,1,0,0,0,3
]Λμ‹ζΒθ’¬‚T’–Ϊ,13,0,0,0,1,0,0,1,0,0,0,0,0,0,0,0,0,0,0,10,0,3,5,0,0,0,0,0,0,1,1,2,0,0,0,0,2
]Λμ‹ζΒθ’¬‚U’–Ϊ,13,0,0,0,1,0,1,0,0,0,0,0,0,0,0,0,0,0,0,10,0,1,6,1,0,0,0,0,0,0,2,2,2,0,0,0,0
]Λμ‹ζΒθ’¬‚V’–Ϊ,60,0,0,0,2,0,2,0,0,0,0,0,0,0,0,0,0,0,0,50,0,0,35,0,0,0,0,0,0,5,10,8,2,1,0,0,5
]Λμ‹ζΒθ’¬‚W’–Ϊ,3,0,0,0,0,0,0,0,0,0,0,0,0,0,0,0,0,0,0,1,0,0,1,0,0,0,0,0,0,0,0,2,1,0,0,0,1
]Λμ‹ζ–kΒθ‚P’–Ϊ,1,0,0,0,0,0,0,0,0,0,0,0,0,0,0,0,0,0,0,1,0,0,1,0,0,0,0,0,0,0,0,0,0,0,0,0,0
]Λμ‹ζ–kΒθ‚Q’–Ϊ,14,0,0,0,3,0,0,2,1,0,0,0,0,0,0,0,0,0,0,10,1,0,5,0,0,0,0,0,0,0,4,1,0,0,0,0,1
]Λμ‹ζ“]‚P’–Ϊ,23,0,0,0,1,0,1,0,0,0,0,0,0,0,0,0,0,0,0,21,0,0,10,3,0,0,1,0,0,4,3,1,0,0,0,0,1
]Λμ‹ζ“]‚Q’–Ϊ,19,0,0,0,0,0,0,0,0,0,0,0,0,0,0,0,0,0,0,12,0,1,10,0,0,0,0,0,0,0,1,7,0,0,0,0,7
]Λμ‹ζ“]‚R’–Ϊ,9,0,0,0,1,0,0,1,0,0,0,0,0,0,0,0,0,0,0,8,1,1,2,0,1,0,0,0,0,0,3,0,0,0,0,0,0
]Λμ‹ζ­‚P’–Ϊ,24,0,0,0,2,0,1,0,1,0,0,0,0,0,0,0,0,0,0,14,0,0,9,2,0,0,0,0,0,2,1,8,3,0,0,0,5
]Λμ‹ζ­‚Q’–Ϊ,13,0,0,0,0,0,0,0,0,0,0,0,0,0,0,0,0,0,0,10,0,1,7,2,0,0,0,0,0,0,0,3,2,0,0,0,1
]Λμ‹ζ­‚S’–Ϊ,12,0,0,0,3,0,1,1,1,0,0,0,0,0,0,0,0,0,0,7,0,1,4,0,0,0,0,0,0,0,2,2,1,1,0,0,0
]Λμ‹ζ­‚U’–Ϊ,2,0,0,0,0,0,0,0,0,0,0,0,0,0,0,0,0,0,0,2,0,0,1,0,0,0,0,0,0,0,1,0,0,0,0,0,0
]Λμ‹ζ­‚R’–Ϊ,8,0,0,0,0,0,0,0,0,0,0,0,0,0,0,0,0,0,0,5,0,2,1,0,0,0,0,0,0,0,2,3,0,0,0,0,3
]Λμ‹ζ­‚T’–Ϊ,11,0,0,0,0,0,0,0,0,0,0,0,0,0,0,0,0,0,0,7,0,0,5,0,0,0,0,0,0,2,0,4,1,0,0,0,3
]Λμ‹ζ’J‰Ν“ΰ‚P’–Ϊ,7,0,0,0,0,0,0,0,0,0,1,0,0,0,0,0,0,0,1,4,0,0,3,0,0,0,0,0,0,0,1,2,0,0,1,0,1
]Λμ‹ζ’J‰Ν“ΰ‚Q’–Ϊ,11,0,0,0,1,0,1,0,0,0,0,0,0,0,0,0,0,0,0,8,0,2,4,0,0,0,0,0,0,0,2,2,0,0,0,0,2
]Λμ‹ζ“Βθ‚P’–Ϊ,29,0,0,0,1,0,0,1,0,0,0,0,0,0,0,0,0,0,0,23,1,4,10,0,0,0,0,0,0,1,7,5,0,0,0,0,5
]Λμ‹ζ“Βθ‚Q’–Ϊ,2,0,0,0,0,0,0,0,0,0,0,0,0,0,0,0,0,0,0,2,0,0,2,0,0,0,0,0,0,0,0,0,0,0,0,0,0
]Λμ‹ζ“μΒθ’¬‚Q’–Ϊ,19,0,0,0,1,0,0,1,0,0,0,0,0,0,0,0,0,0,0,13,0,0,9,2,0,0,0,1,0,0,1,5,0,0,0,0,5
]Λμ‹ζ“μΒθ’¬‚P’–Ϊ,24,1,1,0,2,0,1,1,0,0,0,0,0,0,0,0,0,0,0,18,1,1,12,0,0,0,0,0,0,2,2,3,2,1,0,0,0
]Λμ‹ζ“μΒθ’¬‚R’–Ϊ,23,1,0,1,2,0,1,0,1,0,0,0,0,0,0,0,0,0,0,20,0,0,14,0,0,0,0,0,0,5,1,0,0,0,0,0,0
]Λμ‹ζ“μΒθ’¬‚S’–Ϊ,15,0,0,0,0,0,0,0,0,0,0,0,0,0,0,0,0,0,0,11,0,1,7,0,0,0,0,0,0,0,3,4,0,1,0,0,3
]Λμ‹ζ“μΒθ’¬‚T’–Ϊ,30,1,0,1,0,0,0,0,0,0,0,0,0,0,0,0,0,0,0,24,0,5,13,0,0,0,0,0,0,1,5,5,0,0,0,0,5
]Λμ‹ζ‰ΊΒθ’¬,16,0,0,0,1,0,0,1,0,0,0,0,0,0,0,0,0,0,0,11,0,1,8,0,0,0,0,0,0,1,1,4,2,0,0,0,2
]Λμ‹ζ“Ό–{‚P’–Ϊ,8,0,0,0,0,0,0,0,0,0,0,0,0,0,0,0,0,0,0,7,0,0,4,0,0,0,0,0,0,0,3,1,0,0,0,0,1
]Λμ‹ζ“Ό–{‚Q’–Ϊ,4,0,0,0,0,0,0,0,0,0,0,0,0,0,0,0,0,0,0,2,0,0,2,0,0,0,0,0,0,0,0,2,1,0,0,0,1
]Λμ‹ζΌΒθ‚P’–Ϊ,5,0,0,0,0,0,0,0,0,0,2,0,0,0,0,1,0,0,1,2,0,0,1,0,0,0,0,0,0,0,1,1,0,0,0,0,1
]Λμ‹ζΌΒθ‚Q’–Ϊ,5,0,0,0,0,0,0,0,0,0,0,0,0,0,0,0,0,0,0,3,0,0,1,1,0,0,0,0,0,0,1,2,1,1,0,0,0
]Λμ‹ζv,4222,46,13,33,310,1,148,121,32,8,64,0,2,1,5,31,6,0,19,2907,33,89,1751,110,6,23,5,3,9,326,552,895,228,113,15,0,539
”ª‰¤qs‰΅R’¬,35,0,0,0,5,0,3,2,0,0,1,0,0,0,1,0,0,0,0,20,0,1,11,1,0,1,0,0,0,2,4,9,2,1,0,0,6
”ª‰¤qs”ª“ϊ’¬,16,0,0,0,0,0,0,0,0,0,0,0,0,0,0,0,0,0,0,12,0,0,3,0,0,0,0,0,0,3,6,4,0,0,0,0,4
”ª‰¤qs”ª”¦’¬,8,0,0,0,0,0,0,0,0,0,1,0,0,0,0,0,0,0,1,3,0,0,1,0,0,0,1,0,0,0,1,4,1,0,0,0,3
”ª‰¤qs”ª–Ψ’¬,9,0,0,0,0,0,0,0,0,0,0,0,0,0,0,0,0,0,0,7,0,0,3,0,0,0,0,0,0,4,0,2,0,0,0,0,2
”ª‰¤qs’Η•ª’¬,2,0,0,0,1,0,0,1,0,0,0,0,0,0,0,0,0,0,0,1,0,0,0,0,0,1,0,0,0,0,0,0,0,0,0,0,0
”ª‰¤qsηl’¬‚P’–Ϊ,2,0,0,0,0,0,0,0,0,0,0,0,0,0,0,0,0,0,0,2,0,0,1,0,0,0,0,0,0,0,1,0,0,0,0,0,0
”ª‰¤qsηl’¬‚Q’–Ϊ,20,0,0,0,4,0,3,1,0,0,0,0,0,0,0,0,0,0,0,10,0,0,6,0,0,0,0,0,1,0,3,6,1,1,0,0,4
”ª‰¤qsηl’¬‚R’–Ϊ,29,0,0,0,0,0,0,0,0,0,0,0,0,0,0,0,0,0,0,25,0,0,20,0,1,0,0,0,0,1,3,4,0,0,0,0,4
”ª‰¤qsηl’¬‚S’–Ϊ,9,0,0,0,0,0,0,0,0,0,0,0,0,0,0,0,0,0,0,7,0,0,2,0,0,0,0,0,0,5,0,2,0,1,0,0,1
”ª‰¤qs“ϊ‹g’¬,4,0,0,0,0,0,0,0,0,0,1,0,0,0,0,1,0,0,0,2,0,0,1,0,0,1,0,0,0,0,0,1,1,0,0,0,0
”ª‰¤qs³–{‹½’¬‚P’–Ϊ,4,0,0,0,1,0,1,0,0,0,0,0,0,0,0,0,0,0,0,2,0,0,2,0,0,0,0,0,0,0,0,1,0,0,0,0,1
”ª‰¤qs³–{‹½’¬‚Q’–Ϊ,8,0,0,0,0,0,0,0,0,0,0,0,0,0,0,0,0,0,0,6,0,1,3,1,0,0,0,0,0,0,1,2,1,0,0,0,1
”ª‰¤qs³–{‹½’¬‚R’–Ϊ,6,0,0,0,0,0,0,0,0,0,0,0,0,0,0,0,0,0,0,3,0,0,3,0,0,0,0,0,0,0,0,3,2,0,0,0,1
”ª‰¤qs³–{‹½’¬‚S’–Ϊ,6,0,0,0,1,0,0,1,0,0,0,0,0,0,0,0,0,0,0,4,0,0,3,0,0,0,0,0,0,0,1,1,1,0,0,0,0
”ª‰¤qs•½‰ª’¬,3,0,0,0,2,0,1,1,0,0,0,0,0,0,0,0,0,0,0,1,0,0,1,0,0,0,0,0,0,0,0,0,0,0,0,0,0
”ª‰¤qs–{‹½’¬,1,0,0,0,0,0,0,0,0,0,0,0,0,0,0,0,0,0,0,1,0,0,0,0,0,0,0,0,0,0,1,0,0,0,0,0,0
”ª‰¤qs‘ε‰΅’¬,11,1,1,0,1,0,0,1,0,0,0,0,0,0,0,0,0,0,0,5,0,0,1,0,0,0,0,0,0,4,0,4,1,0,1,0,2
”ª‰¤qs–{’¬,6,0,0,0,0,0,0,0,0,0,0,0,0,0,0,0,0,0,0,5,0,0,4,0,0,0,0,0,0,0,1,1,0,0,0,0,1
”ª‰¤qs³‰΅R’¬‚P’–Ϊ,6,0,0,0,0,0,0,0,0,0,0,0,0,0,0,0,0,0,0,6,0,0,4,1,0,0,0,0,0,0,1,0,0,0,0,0,0
”ª‰¤qs³‰΅R’¬‚Q’–Ϊ,12,1,0,1,1,0,0,1,0,0,0,0,0,0,0,0,0,0,0,8,0,0,4,0,0,0,0,0,0,3,1,2,2,0,0,0,0
”ª‰¤qs³‰΅R’¬‚R’–Ϊ,16,0,0,0,0,0,0,0,0,0,1,0,0,0,0,1,0,0,0,8,0,0,5,1,0,0,0,0,0,0,2,7,1,1,0,0,5
”ª‰¤qs“c’¬,5,0,0,0,1,0,0,1,0,0,0,0,0,0,0,0,0,0,0,2,0,0,0,0,0,0,0,0,0,1,1,2,1,0,0,0,1
”ª‰¤qsV’¬,1,0,0,0,0,0,0,0,0,0,0,0,0,0,0,0,0,0,0,1,0,0,1,0,0,0,0,0,0,0,0,0,0,0,0,0,0
”ª‰¤qs–Ύ_’¬‚P’–Ϊ,1,0,0,0,0,0,0,0,0,0,0,0,0,0,0,0,0,0,0,1,0,0,0,0,0,1,0,0,0,0,0,0,0,0,0,0,0
”ª‰¤qs–Ύ_’¬‚Q’–Ϊ,9,0,0,0,1,0,1,0,0,0,0,0,0,0,0,0,0,0,0,5,0,1,1,0,0,1,0,0,0,1,1,3,1,0,0,0,2
”ª‰¤qs–Ύ_’¬‚R’–Ϊ,40,0,0,0,3,0,2,1,0,0,0,0,0,0,0,0,0,0,0,29,0,0,20,0,0,0,0,0,1,3,5,8,1,1,0,0,6
”ª‰¤qs–Ύ_’¬‚S’–Ϊ,17,0,0,0,2,0,1,0,1,0,0,0,0,0,0,0,0,0,0,12,0,1,6,0,0,0,0,0,0,0,5,3,1,0,1,0,1
”ª‰¤qsqΐ’¬‚P’–Ϊ,16,0,0,0,1,0,0,1,0,0,1,0,0,0,1,0,0,0,0,13,0,1,6,0,0,0,0,0,0,0,6,1,0,0,0,0,1
”ª‰¤qsqΐ’¬‚Q’–Ϊ,10,0,0,0,0,0,0,0,0,0,0,0,0,0,0,0,0,0,0,5,0,0,1,1,0,1,0,0,1,0,1,5,0,0,0,0,5
”ª‰¤qsqΐ’¬‚R’–Ϊ,6,0,0,0,1,0,1,0,0,0,0,0,0,0,0,0,0,0,0,5,0,0,4,0,0,0,0,0,0,0,1,0,0,0,0,0,0
”ª‰¤qsqΐ’¬‚S’–Ϊ,37,1,1,0,2,0,2,0,0,0,1,0,0,0,0,0,0,0,1,28,0,0,6,1,0,0,0,1,0,19,1,5,2,0,1,0,2
”ª‰¤qs“’¬,41,0,0,0,5,0,4,1,0,0,0,0,0,0,0,0,0,0,0,30,0,1,12,1,0,0,0,0,1,8,7,6,3,1,0,0,2
”ª‰¤qs®’¬,198,4,3,1,21,0,16,5,0,0,0,0,0,0,0,0,0,0,0,133,0,5,35,1,0,0,1,0,4,64,23,40,3,7,0,0,30
”ª‰¤qsOθ’¬,15,0,0,0,6,0,3,2,1,0,1,0,0,0,1,0,0,0,0,2,0,0,0,0,0,0,0,0,1,1,0,6,0,1,0,0,5
”ª‰¤qs’†’¬,70,4,1,3,6,0,2,3,0,1,0,0,0,0,0,0,0,0,0,49,0,0,23,2,0,0,0,0,1,12,11,11,1,3,1,0,6
”ª‰¤qs“μ’¬,6,0,0,0,0,0,0,0,0,0,0,0,0,0,0,0,0,0,0,4,0,0,3,0,0,0,0,0,0,0,1,2,1,0,0,0,1
”ª‰¤qs›’¬,11,0,0,0,1,0,1,0,0,0,0,0,0,0,0,0,0,0,0,9,0,2,4,1,0,0,0,0,0,0,2,1,0,0,0,0,1
”ª‰¤qs–’¬,15,0,0,0,1,0,1,0,0,0,0,0,0,0,0,0,0,0,0,9,0,0,6,0,0,0,0,0,0,1,2,5,1,0,0,0,4
”ª‰¤qsγ–μ’¬,7,0,0,0,0,0,0,0,0,0,0,0,0,0,0,0,0,0,0,3,0,0,3,0,0,0,0,0,0,0,0,4,1,0,0,0,3
”ª‰¤qs“V_’¬,4,0,0,0,1,0,0,1,0,0,0,0,0,0,0,0,0,0,0,3,0,0,3,0,0,0,0,0,0,0,0,0,0,0,0,0,0
”ª‰¤qs¬–ε’¬,5,0,0,0,0,0,0,0,0,0,0,0,0,0,0,0,0,0,0,0,0,0,0,0,0,0,0,0,0,0,0,5,1,0,0,0,4
”ª‰¤qs‘δ’¬‚P’–Ϊ,8,0,0,0,1,0,0,1,0,0,0,0,0,0,0,0,0,0,0,5,0,0,1,0,0,0,0,0,0,0,4,2,0,0,0,0,2
”ª‰¤qs‘δ’¬‚Q’–Ϊ,13,0,0,0,1,0,0,1,0,0,0,0,0,0,0,0,0,0,0,10,0,0,2,0,0,0,0,0,1,2,5,2,0,0,0,0,2
”ª‰¤qs‘δ’¬‚R’–Ϊ,24,0,0,0,0,0,0,0,0,0,1,0,1,0,0,0,0,0,0,20,0,0,8,1,0,1,0,0,0,3,7,3,0,0,0,0,3
”ª‰¤qs‘δ’¬‚S’–Ϊ,18,0,0,0,0,0,0,0,0,0,0,0,0,0,0,0,0,0,0,10,0,0,7,1,0,0,0,0,0,1,1,8,0,0,0,0,8
”ª‰¤qs’†–μ’¬,25,0,0,0,2,0,1,0,1,0,1,0,0,0,0,1,0,0,0,19,0,1,16,0,0,0,0,0,0,1,1,3,0,0,0,0,3
”ª‰¤qs‘εa“c’¬‚Q’–Ϊ,4,0,0,0,0,0,0,0,0,0,0,0,0,0,0,0,0,0,0,4,0,0,1,0,0,0,0,0,0,2,1,0,0,0,0,0,0
”ª‰¤qs‘εa“c’¬‚R’–Ϊ,2,0,0,0,0,0,0,0,0,0,0,0,0,0,0,0,0,0,0,1,0,0,1,0,0,0,0,0,0,0,0,1,0,0,0,0,1
”ª‰¤qs‘εa“c’¬‚S’–Ϊ,6,1,0,1,0,0,0,0,0,0,0,0,0,0,0,0,0,0,0,5,0,0,2,0,0,0,0,0,0,3,0,0,0,0,0,0,0
”ª‰¤qs‘εa“c’¬‚T’–Ϊ,15,1,1,0,0,0,0,0,0,0,0,0,0,0,0,0,0,0,0,12,0,0,3,0,0,1,0,0,0,6,2,2,1,0,0,0,1
”ª‰¤qs‘εa“c’¬‚U’–Ϊ,7,1,1,0,0,0,0,0,0,0,0,0,0,0,0,0,0,0,0,5,0,0,3,0,0,0,0,0,0,1,1,1,0,0,0,0,1
”ª‰¤qs‘εa“c’¬‚V’–Ϊ,7,0,0,0,0,0,0,0,0,0,1,0,0,0,0,0,0,0,1,6,0,1,3,0,0,0,0,0,0,0,2,0,0,0,0,0,0
”ª‰¤qs‚‘q’¬,29,0,0,0,1,0,1,0,0,0,0,0,0,0,0,0,0,0,0,24,0,0,7,0,0,0,0,0,1,8,8,4,1,1,0,0,2
”ª‰¤qsΞμ’¬,36,1,1,0,3,0,3,0,0,0,0,0,0,0,0,0,0,0,0,23,0,0,17,2,0,0,0,0,0,2,2,9,2,1,0,0,6
”ª‰¤qs‰F’Γ–Ψ’¬,15,1,0,1,1,0,0,0,1,0,2,0,0,0,1,1,0,0,0,6,0,0,4,0,1,0,0,0,0,0,1,5,2,0,0,0,3
”ª‰¤qs¬‹{’¬,26,0,0,0,0,0,0,0,0,0,1,0,0,0,0,0,0,0,1,20,1,1,15,0,0,0,0,0,0,3,0,5,0,0,0,0,5
”ª‰¤qs‘ε’J’¬,11,2,0,2,0,0,0,0,0,0,1,0,0,0,0,0,0,0,1,6,0,0,2,0,0,0,0,0,0,0,4,2,1,0,0,0,1
”ª‰¤qs•xm©’¬,3,0,0,0,0,0,0,0,0,0,0,0,0,0,0,0,0,0,0,2,0,0,1,0,0,0,0,0,0,0,1,1,1,0,0,0,0
”ª‰¤qs—Ξ’¬,20,0,0,0,2,0,2,0,0,0,0,0,0,0,0,0,0,0,0,7,0,0,7,0,0,0,0,0,0,0,0,11,0,0,0,0,11
”ª‰¤qs΄μ’¬,3,0,0,0,0,0,0,0,0,0,1,0,0,0,0,0,1,0,0,1,0,0,1,0,0,0,0,0,0,0,0,1,0,0,0,0,1
”ª‰¤qs“σμ’¬,86,2,0,2,1,0,0,1,0,0,5,0,0,0,0,1,0,0,4,64,0,1,20,4,0,0,0,0,2,32,5,14,6,3,0,0,5
”ª‰¤qs–ψ…‚Q’–Ϊ,21,0,0,0,2,0,2,0,0,0,1,0,1,0,0,0,0,0,0,9,0,0,4,0,0,0,0,0,0,5,0,9,4,0,0,0,5
”ª‰¤qs‰‘ς’¬,37,1,0,1,1,0,0,1,0,0,0,0,0,0,0,0,0,0,0,22,0,1,17,0,0,0,0,0,0,2,2,13,2,4,0,0,7
”ª‰¤qs‚”φ’¬,37,1,0,1,7,0,5,2,0,0,0,0,0,0,0,0,0,0,0,15,0,0,9,0,0,0,0,0,3,0,3,14,1,5,0,0,8
”ª‰¤qs“μσμ’¬,2,0,0,0,0,0,0,0,0,0,0,0,0,0,0,0,0,0,0,2,0,0,0,0,0,0,0,0,0,0,2,0,0,0,0,0,0
”ª‰¤qsΌσμ’¬,2,0,0,0,0,0,0,0,0,0,0,0,0,0,0,0,0,0,0,0,0,0,0,0,0,0,0,0,0,0,0,2,0,0,0,0,2
”ª‰¤qs— ‚”φ’¬,5,0,0,0,0,0,0,0,0,0,1,0,0,0,0,1,0,0,0,1,0,0,0,0,0,0,0,0,0,0,1,3,1,0,0,0,2
”ª‰¤qs‰Ί—M–Ψ,7,0,0,0,1,0,0,0,1,0,3,0,0,0,0,0,0,0,3,0,0,0,0,0,0,0,0,0,0,0,0,3,1,0,0,0,2
”ª‰¤qs‰Ί—M–Ψ‚Q’–Ϊ,28,0,0,0,1,0,0,1,0,0,0,0,0,0,0,0,0,0,0,19,0,0,10,1,0,0,0,0,0,4,4,8,2,1,0,0,5
”ª‰¤qs‰Ί—M–Ψ‚R’–Ϊ,12,0,0,0,1,0,1,0,0,0,0,0,0,0,0,0,0,0,0,6,0,0,4,1,0,0,0,0,0,0,1,5,3,0,0,0,2
”ª‰¤qsγ—M–Ψ,11,2,0,2,2,0,0,0,2,0,0,0,0,0,0,0,0,0,0,2,0,0,1,0,0,0,0,0,0,0,1,5,1,0,1,0,3
”ª‰¤qsγ—M–Ψ‚Q’–Ϊ,8,0,0,0,2,0,1,1,0,0,0,0,0,0,0,0,0,0,0,1,0,0,1,0,0,0,0,0,0,0,0,5,2,0,0,0,3
”ª‰¤qsγ—M–Ψ‚R’–Ϊ,21,0,0,0,2,0,1,1,0,0,0,0,0,0,0,0,0,0,0,6,0,1,3,0,0,0,0,0,0,0,2,13,7,1,0,0,5
”ª‰¤qs’†R,6,0,0,0,0,0,0,0,0,0,1,0,0,0,0,0,0,0,1,4,0,1,0,0,0,2,0,0,0,0,1,1,1,0,0,0,0
”ª‰¤qs–ψ…,7,0,0,0,1,0,1,0,0,0,0,0,0,0,0,0,0,0,0,2,0,0,0,0,0,0,0,0,0,0,2,4,2,0,0,0,2
”ª‰¤qs“μ‘ε‘ς‚P’–Ϊ,77,0,0,0,2,0,0,0,1,1,1,0,0,0,0,1,0,0,0,70,0,0,56,2,1,0,0,0,0,8,3,4,3,1,0,0,0
”ª‰¤qs“μ‘ε‘ς‚Q’–Ϊ,80,1,1,0,1,0,0,1,0,0,0,0,0,0,0,0,0,0,0,56,0,0,11,3,0,0,0,0,1,28,13,22,5,1,0,0,16
”ª‰¤qs“μ‘ε‘ς‚R’–Ϊ,6,0,0,0,2,0,0,1,1,0,0,0,0,0,0,0,0,0,0,1,0,0,0,0,0,0,0,0,0,0,1,3,2,0,0,0,1
”ª‰¤qs“μ‘ε‘ς‚S’–Ϊ,5,0,0,0,0,0,0,0,0,0,0,0,0,0,0,0,0,0,0,2,0,0,1,0,0,0,0,0,0,0,1,3,3,0,0,0,0
”ª‰¤qs“μ‘ε‘ς‚T’–Ϊ,18,0,0,0,1,0,1,0,0,0,0,0,0,0,0,0,0,0,0,5,0,0,2,0,0,0,0,0,0,1,2,12,4,1,0,0,7
”ª‰¤qs‰z–μ,16,0,0,0,1,0,0,1,0,0,0,0,0,0,0,0,0,0,0,8,0,0,4,0,0,0,0,0,0,3,1,7,4,0,0,0,3
”ª‰¤qsΌ–Ψ,45,0,0,0,3,0,1,2,0,0,0,0,0,0,0,0,0,0,0,29,3,0,9,0,0,0,0,0,0,11,6,13,5,3,1,0,4
”ª‰¤qs•Κ‚P’–Ϊ,20,0,0,0,3,0,2,1,0,0,0,0,0,0,0,0,0,0,0,7,0,2,1,0,0,0,0,0,0,1,3,10,10,0,0,0,0
”ª‰¤qs•Κ‚Q’–Ϊ,50,1,0,1,0,0,0,0,0,0,1,0,0,0,0,1,0,0,0,35,0,0,4,2,0,0,0,0,0,25,4,13,8,0,0,0,5
”ª‰¤qs–x”V“ΰ,17,0,0,0,0,0,0,0,0,0,0,0,0,0,0,0,0,0,0,10,0,0,4,0,0,0,0,0,1,2,3,7,3,0,0,0,4
”ª‰¤qs–x”V“ΰ‚Q’–Ϊ,19,0,0,0,2,0,1,1,0,0,0,0,0,0,0,0,0,0,0,15,0,0,12,1,0,0,0,0,0,2,0,2,1,1,0,0,0
”ª‰¤qs–x”V“ΰ‚R’–Ϊ,43,0,0,0,4,0,2,1,1,0,1,0,0,0,0,0,0,0,1,21,0,0,12,2,0,0,0,0,1,4,2,17,8,1,0,0,8
”ª‰¤qs“’†–μ,47,0,0,0,4,0,2,2,0,0,5,0,5,0,0,0,0,0,0,29,0,0,26,0,0,0,0,0,0,0,3,9,3,2,1,0,3
”ª‰¤qs‘ε’Λ,87,1,1,0,3,0,2,0,0,1,0,0,0,0,0,0,0,0,0,60,0,2,44,4,0,0,0,0,1,2,7,23,6,9,0,0,8
”ª‰¤qs•ΐ–Ψ’¬,40,0,0,0,1,0,1,0,0,0,1,0,0,0,0,1,0,0,0,26,0,0,12,0,0,0,0,0,0,6,8,12,1,0,0,0,11
”ª‰¤qsU“c’¬‚P’–Ϊ,9,0,0,0,0,0,0,0,0,0,2,0,0,0,0,1,1,0,0,5,0,0,2,1,0,0,0,0,0,1,1,2,0,0,0,0,2
”ª‰¤qsU“c’¬‚Q’–Ϊ,5,0,0,0,0,0,0,0,0,0,1,0,0,0,0,0,0,0,1,3,0,0,0,2,0,0,0,0,0,0,1,1,1,0,0,0,0
”ª‰¤qsU“c’¬‚R’–Ϊ,18,0,0,0,0,0,0,0,0,0,1,0,0,0,0,1,0,0,0,13,0,0,2,0,0,0,1,0,0,8,2,4,3,0,0,0,1
”ª‰¤qsU“c’¬‚S’–Ϊ,10,0,0,0,0,0,0,0,0,0,1,0,0,0,0,1,0,0,0,4,0,0,4,0,0,0,0,0,0,0,0,5,2,1,0,0,2
”ª‰¤qsU“c’¬‚T’–Ϊ,13,0,0,0,1,0,1,0,0,0,0,0,0,0,0,0,0,0,0,7,0,0,6,0,0,0,0,0,0,0,1,5,1,1,1,0,2
”ª‰¤qsR“c’¬,7,0,0,0,0,0,0,0,0,0,1,0,0,0,0,1,0,0,0,4,0,0,0,1,0,0,0,0,0,0,3,2,1,0,0,0,1
”ª‰¤qs‚ί‚¶‚λ‘δ‚P’–Ϊ,8,0,0,0,0,0,0,0,0,0,0,0,0,0,0,0,0,0,0,5,0,0,0,0,0,0,0,0,0,1,4,3,1,0,0,0,2
”ª‰¤qs‚ί‚¶‚λ‘δ‚Q’–Ϊ,7,0,0,0,0,0,0,0,0,0,0,0,0,0,0,0,0,0,0,5,0,0,4,0,0,0,0,0,0,1,0,2,2,0,0,0,0
”ª‰¤qs‚ί‚¶‚λ‘δ‚R’–Ϊ,4,0,0,0,0,0,0,0,0,0,0,0,0,0,0,0,0,0,0,4,0,1,2,0,0,0,0,0,0,0,1,0,0,0,0,0,0
”ª‰¤qs‚ί‚¶‚λ‘δ‚S’–Ϊ,3,0,0,0,1,0,1,0,0,0,1,0,0,0,0,0,0,0,1,0,0,0,0,0,0,0,0,0,0,0,0,1,1,0,0,0,0
”ª‰¤qs’·–[’¬,61,1,0,1,3,0,2,1,0,0,5,0,2,0,0,0,0,0,3,32,0,4,14,0,0,0,0,0,0,10,4,20,3,2,0,0,15
”ª‰¤qs‹·Τ’¬,27,0,0,0,0,0,0,0,0,0,2,0,0,0,0,0,2,0,0,20,0,0,12,0,0,0,0,0,0,5,3,5,3,0,0,0,2
”ª‰¤qs­“c’¬,39,0,0,0,1,0,1,0,0,0,2,0,0,0,0,2,0,0,0,28,0,1,15,1,0,0,0,0,0,6,5,8,0,2,0,0,6
”ª‰¤qsΩ’¬,40,2,0,2,0,0,0,0,0,0,1,0,0,0,0,1,0,0,0,29,0,3,15,1,0,1,0,0,0,1,8,8,2,0,0,0,6
”ª‰¤qs›“c’¬,17,0,0,0,1,0,0,1,0,0,1,0,0,0,0,0,1,0,0,8,1,0,1,1,0,0,0,0,0,0,5,7,2,2,0,0,3
”ª‰¤qs‘ε‘D’¬,5,1,0,1,0,0,0,0,0,0,0,0,0,0,0,0,0,0,0,3,0,1,0,0,0,1,0,0,0,1,0,1,0,0,0,0,1
”ª‰¤qs‘εy›’¬,18,0,0,0,2,0,2,0,0,0,1,1,0,0,0,0,0,0,0,13,0,2,2,0,0,0,0,0,0,6,3,2,0,1,0,0,1
”ª‰¤qsγλ•ª•ϋ’¬,5,0,0,0,0,0,0,0,0,0,0,0,0,0,0,0,0,0,0,3,0,0,3,0,0,0,0,0,0,0,0,2,1,1,0,0,0
”ª‰¤qsz–K’¬,21,0,0,0,1,0,0,1,0,0,1,0,0,0,1,0,0,0,0,14,0,2,3,1,0,0,0,0,0,2,6,5,3,0,0,0,2
”ª‰¤qsl’J’¬,15,0,0,0,1,0,1,0,0,0,1,0,0,0,0,0,0,0,1,11,0,1,0,0,0,0,0,0,1,6,3,2,1,0,0,0,1
”ª‰¤qs’J’¬,25,1,1,0,0,0,0,0,0,0,0,0,0,0,0,0,0,0,0,21,0,0,1,0,0,0,0,0,0,19,1,3,1,0,0,0,2
”ª‰¤qsς’¬,5,0,0,0,3,0,2,1,0,0,0,0,0,0,0,0,0,0,0,2,0,0,0,1,0,0,0,0,0,1,0,0,0,0,0,0,0
”ª‰¤qs‰΅μ’¬,34,0,0,0,2,0,0,2,0,0,3,0,0,1,0,2,0,0,0,17,0,0,9,0,0,0,0,0,0,2,6,12,4,0,0,0,8
”ª‰¤qs“σ•ª•ϋ’¬,13,0,0,0,2,0,0,1,1,0,0,0,0,0,0,0,0,0,0,8,0,0,1,1,0,0,0,0,0,1,5,3,1,0,0,0,2
”ª‰¤qsμ’¬,2,0,0,0,0,0,0,0,0,0,0,0,0,0,0,0,0,0,0,2,0,0,1,0,0,0,0,0,0,0,1,0,0,0,0,0,0
”ª‰¤qs³”ª‰¤q’¬‚P’–Ϊ,7,1,0,1,0,0,0,0,0,0,0,0,0,0,0,0,0,0,0,5,0,0,2,0,0,1,0,0,0,1,1,1,0,0,0,0,1
”ª‰¤qs³”ª‰¤q’¬‚Q’–Ϊ,12,0,0,0,1,0,0,0,1,0,0,0,0,0,0,0,0,0,0,7,0,1,1,1,0,0,0,0,0,0,4,4,2,0,0,0,2
”ª‰¤qs³”ª‰¤q’¬‚R’–Ϊ,8,0,0,0,1,0,1,0,0,0,1,0,0,0,0,0,0,0,1,0,0,0,0,0,0,0,0,0,0,0,0,6,2,0,0,0,4
”ª‰¤qs‰Ί‰¶•ϋ’¬,13,0,0,0,3,0,2,1,0,0,1,0,0,0,0,1,0,0,0,8,0,0,4,0,0,0,0,0,0,0,4,1,0,0,0,0,1
”ª‰¤qsγ‰¶•ϋ’¬,1,0,0,0,0,0,0,0,0,0,0,0,0,0,0,0,0,0,0,1,0,0,0,1,0,0,0,0,0,0,0,0,0,0,0,0,0
”ª‰¤qsΌ›•ϋ’¬,15,0,0,0,3,0,1,2,0,0,1,0,0,0,0,1,0,0,0,6,0,0,0,1,0,0,0,0,0,2,3,5,0,1,0,0,4
”ª‰¤qsμϋ’¬,37,0,0,0,3,0,0,3,0,0,2,0,0,0,0,0,0,0,2,19,0,1,6,0,0,0,0,0,0,6,6,13,6,0,0,0,7
”ª‰¤qsγμ’¬,6,0,0,0,0,0,0,0,0,0,0,0,0,0,0,0,0,0,0,3,0,0,0,1,0,0,0,0,0,0,2,3,0,0,1,0,2
”ª‰¤qsΆ–Ϊ’¬,18,0,0,0,2,0,1,1,0,0,3,0,0,1,0,0,0,0,2,6,0,0,5,1,0,0,0,0,0,0,0,7,1,1,1,0,4
”ª‰¤qs“θ΄’¬,50,0,0,0,4,0,2,1,1,0,0,0,0,0,0,0,0,0,0,40,0,4,13,2,0,0,0,0,0,17,4,6,2,1,0,0,3
”ª‰¤qs”όR’¬,4,0,0,0,0,0,0,0,0,0,0,0,0,0,0,0,0,0,0,2,0,0,0,0,0,0,0,0,0,0,2,2,2,0,0,0,0
”ª‰¤qs¶“ό’¬,11,0,0,0,0,0,0,0,0,0,0,0,0,0,0,0,0,0,0,8,0,1,3,0,0,0,0,0,0,1,3,3,0,0,0,0,3
”ª‰¤qs‘κR’¬‚P’–Ϊ,3,0,0,0,0,0,0,0,0,0,0,0,0,0,0,0,0,0,0,3,0,0,0,0,0,1,0,0,0,2,0,0,0,0,0,0,0
”ª‰¤qs‘κR’¬‚Q’–Ϊ,1,0,0,0,0,0,0,0,0,0,1,0,0,1,0,0,0,0,0,0,0,0,0,0,0,0,0,0,0,0,0,0,0,0,0,0,0
”ª‰¤qs”~’Ψ’¬,2,0,0,0,0,0,0,0,0,0,1,0,0,0,0,0,0,0,1,0,0,0,0,0,0,0,0,0,0,0,0,1,0,1,0,0,0
”ª‰¤qs’J–μ’¬,6,0,0,0,1,0,1,0,0,0,0,0,0,0,0,0,0,0,0,3,0,1,0,0,0,0,0,0,0,0,2,2,0,0,0,0,2
”ª‰¤qs’O–Ψ’¬‚P’–Ϊ,7,0,0,0,0,0,0,0,0,0,0,0,0,0,0,0,0,0,0,5,0,0,4,1,0,0,0,0,0,0,0,2,0,1,0,0,1
”ª‰¤qs’O–Ψ’¬‚Q’–Ϊ,3,0,0,0,1,0,0,0,1,0,0,0,0,0,0,0,0,0,0,2,0,0,0,0,0,0,0,0,0,0,2,0,0,0,0,0,0
”ª‰¤qs’O–Ψ’¬‚R’–Ϊ,5,0,0,0,0,0,0,0,0,0,0,0,0,0,0,0,0,0,0,3,0,0,0,0,0,0,0,0,0,0,3,2,1,0,0,0,1
”ª‰¤qs‰ΑZ’¬‚P’–Ϊ,2,0,0,0,0,0,0,0,0,0,0,0,0,0,0,0,0,0,0,1,0,0,0,0,0,0,0,0,0,0,1,1,0,0,0,0,1
”ª‰¤qs‹{‰Ί’¬,4,0,0,0,0,0,0,0,0,0,2,0,0,0,0,0,2,0,0,1,0,0,1,0,0,0,0,0,0,0,0,1,0,0,0,0,1
”ª‰¤qsΛ’¬,11,1,1,0,0,0,0,0,0,0,1,0,0,0,0,1,0,0,0,8,0,0,1,0,0,0,0,0,0,2,5,1,0,1,0,0,0
”ª‰¤qs‚’¬,2,0,0,0,0,0,0,0,0,0,0,0,0,0,0,0,0,0,0,2,0,0,0,0,0,1,0,0,0,0,1,0,0,0,0,0,0
”ª‰¤qs¬”δι’¬,23,0,0,0,3,0,2,1,0,0,0,0,0,0,0,0,0,0,0,7,0,0,2,2,0,0,0,0,0,1,2,13,7,0,0,0,6
”ª‰¤qs•Π‘q’¬,62,0,0,0,4,0,2,1,1,0,3,0,0,0,0,0,1,0,2,33,0,0,18,3,0,0,0,0,1,4,7,22,7,2,0,0,13
”ª‰¤qs‰F’ΓΡ’¬,3,0,0,0,0,0,0,0,0,0,0,0,0,0,0,0,0,0,0,1,0,0,0,0,0,0,0,0,0,0,1,2,0,0,0,0,2
”ª‰¤qs–k–μ’¬,59,0,0,0,3,0,1,2,0,0,7,0,0,0,0,2,1,0,4,36,0,0,14,2,0,0,0,1,0,10,9,13,4,1,0,0,8
”ª‰¤qs‘Ε‰z’¬,43,0,0,0,2,0,2,0,0,0,1,0,0,0,0,0,0,0,1,18,0,0,7,0,0,0,0,0,0,3,8,22,14,0,0,0,8
”ª‰¤qs’·ΐ’¬,32,0,0,0,2,0,2,0,0,0,2,0,0,1,1,0,0,0,0,17,0,0,1,1,0,0,1,0,0,10,4,11,3,1,0,0,7
”ª‰¤qs’†–μγ’¬‚P’–Ϊ,3,0,0,0,0,0,0,0,0,0,0,0,0,0,0,0,0,0,0,3,0,0,2,0,0,0,0,0,0,0,1,0,0,0,0,0,0
”ª‰¤qs’†–μγ’¬‚Q’–Ϊ,6,0,0,0,0,0,0,0,0,0,1,0,0,0,0,1,0,0,0,3,0,1,0,0,0,1,0,0,0,0,1,2,2,0,0,0,0
”ª‰¤qs’†–μγ’¬‚R’–Ϊ,2,0,0,0,0,0,0,0,0,0,0,0,0,0,0,0,0,0,0,2,0,0,2,0,0,0,0,0,0,0,0,0,0,0,0,0,0
”ª‰¤qs’†–μγ’¬‚S’–Ϊ,8,0,0,0,2,0,1,0,1,0,3,0,0,0,0,0,3,0,0,1,0,0,1,0,0,0,0,0,0,0,0,2,1,0,0,0,1
”ª‰¤qs’†–μγ’¬‚T’–Ϊ,4,0,0,0,0,0,0,0,0,0,0,0,0,0,0,0,0,0,0,3,0,1,1,0,0,0,0,0,0,0,1,1,1,0,0,0,0
”ª‰¤qs’†–μR‰¤‚P’–Ϊ,10,0,0,0,0,0,0,0,0,0,0,0,0,0,0,0,0,0,0,10,0,2,3,0,0,0,0,0,0,2,3,0,0,0,0,0,0
”ª‰¤qs’†–μR‰¤‚Q’–Ϊ,8,1,0,1,1,0,0,0,1,0,0,0,0,0,0,0,0,0,0,5,0,1,2,0,0,0,0,0,0,0,2,1,1,0,0,0,0
”ª‰¤qs’†–μR‰¤‚R’–Ϊ,7,0,0,0,1,0,0,1,0,0,0,0,0,0,0,0,0,0,0,3,0,0,2,0,0,0,0,0,0,0,1,3,0,1,0,0,2
”ª‰¤qsΫR’¬,5,0,0,0,0,0,0,0,0,0,0,0,0,0,0,0,0,0,0,0,0,0,0,0,0,0,0,0,0,0,0,5,2,0,0,0,3
”ª‰¤qs‹Ε’¬‚P’–Ϊ,16,0,0,0,1,0,0,0,1,0,1,0,0,0,0,0,0,0,1,6,0,0,1,0,0,0,0,0,0,4,1,8,1,1,0,0,6
”ª‰¤qs‹Ε’¬‚Q’–Ϊ,4,0,0,0,0,0,0,0,0,0,0,0,0,0,0,0,0,0,0,2,0,0,1,0,0,0,0,0,0,0,1,2,1,0,0,0,1
”ª‰¤qs‹Ε’¬‚R’–Ϊ,1,0,0,0,0,0,0,0,0,0,0,0,0,0,0,0,0,0,0,1,0,0,0,0,0,0,0,0,0,0,1,0,0,0,0,0,0
”ª‰¤qs­“‡,7,0,0,0,1,0,1,0,0,0,0,0,0,0,0,0,0,0,0,4,0,0,2,1,0,0,0,0,0,0,1,2,2,0,0,0,0
”ª‰¤qsΌ‚ª’J,14,1,0,1,2,0,0,1,1,0,0,0,0,0,0,0,0,0,0,9,0,2,7,0,0,0,0,0,0,0,0,2,1,0,0,0,1
”ª‰¤qs“ω—Ά’¬,4,0,0,0,0,0,0,0,0,0,2,0,0,0,0,0,0,0,2,1,0,0,0,0,0,0,0,0,0,0,1,1,0,0,0,0,1
”ª‰¤qs¦ƒP‹u‚P’–Ϊ,6,0,0,0,1,0,1,0,0,0,0,0,0,0,0,0,0,0,0,1,0,0,0,0,0,0,0,0,0,0,1,4,3,0,0,0,1
”ª‰¤qs¦ƒP‹u‚Q’–Ϊ,10,0,0,0,1,0,0,0,0,1,2,0,0,0,0,0,0,0,2,3,0,0,1,2,0,0,0,0,0,0,0,4,3,0,0,0,1
”ª‰¤qs¦ƒP‹u‚R’–Ϊ,3,0,0,0,0,0,0,0,0,0,1,0,0,0,0,1,0,0,0,0,0,0,0,0,0,0,0,0,0,0,0,2,1,0,0,0,1
”ª‰¤qs‘εa“c’¬‚P’–Ϊ,14,1,0,1,0,0,0,0,0,0,0,0,0,0,0,0,0,0,0,9,0,2,3,2,0,0,0,0,0,0,2,4,1,0,0,0,3
”ª‰¤qs“μ—z‘δ‚P’–Ϊ,3,0,0,0,1,0,0,0,1,0,0,0,0,0,0,0,0,0,0,2,1,0,0,0,0,0,0,0,0,0,1,0,0,0,0,0,0
”ª‰¤qs“μ—z‘δ‚Q’–Ϊ,4,0,0,0,1,0,0,1,0,0,0,0,0,0,0,0,0,0,0,1,0,0,0,0,0,0,0,0,0,0,1,2,2,0,0,0,0
”ª‰¤qs“μ—z‘δ‚R’–Ϊ,2,0,0,0,0,0,0,0,0,0,1,0,0,0,0,0,0,0,1,1,0,0,0,0,0,0,0,0,0,0,1,0,0,0,0,0,0
”ª‰¤qs‹v•ΫR’¬‚P’–Ϊ,5,0,0,0,0,0,0,0,0,0,0,0,0,0,0,0,0,0,0,4,0,0,0,0,0,0,0,0,0,4,0,1,1,0,0,0,0
”ª‰¤qs‹v•ΫR’¬‚Q’–Ϊ,4,0,0,0,0,0,0,0,0,0,0,0,0,0,0,0,0,0,0,2,0,1,1,0,0,0,0,0,0,0,0,2,1,0,0,0,1
”ª‰¤qs–k–μ‘δ‚P’–Ϊ,7,0,0,0,0,0,0,0,0,0,3,0,0,0,0,2,0,0,1,1,0,1,0,0,0,0,0,0,0,0,0,3,2,0,0,0,1
”ª‰¤qs–k–μ‘δ‚Q’–Ϊ,7,0,0,0,2,0,1,1,0,0,1,0,0,0,0,0,0,0,1,1,0,0,0,0,0,0,0,0,0,0,1,3,2,0,0,0,1
”ª‰¤qs–k–μ‘δ‚S’–Ϊ,1,0,0,0,0,0,0,0,0,0,0,0,0,0,0,0,0,0,0,0,0,0,0,0,0,0,0,0,0,0,0,1,1,0,0,0,0
”ª‰¤qs–k–μ‘δ‚T’–Ϊ,4,0,0,0,0,0,0,0,0,0,0,0,0,0,0,0,0,0,0,3,0,0,1,0,0,0,0,0,0,0,2,1,1,0,0,0,0
”ª‰¤qs‚έ‚Β‚Ά‘δ‚P’–Ϊ,1,0,0,0,0,0,0,0,0,0,0,0,0,0,0,0,0,0,0,0,0,0,0,0,0,0,0,0,0,0,0,1,1,0,0,0,0
”ª‰¤qs‚έ‚Β‚Ά‘δ‚Q’–Ϊ,1,0,0,0,0,0,0,0,0,0,0,0,0,0,0,0,0,0,0,1,0,0,0,0,0,0,0,0,0,0,1,0,0,0,0,0,0
”ª‰¤qs‚έ‚Θ‚έ–μ‚P’–Ϊ,59,0,0,0,2,0,1,1,0,0,0,0,0,0,0,0,0,0,0,49,0,0,30,0,0,0,0,0,1,15,3,8,6,1,0,0,1
”ª‰¤qs‚έ‚Θ‚έ–μ‚Q’–Ϊ,3,1,0,1,0,0,0,0,0,0,0,0,0,0,0,0,0,0,0,2,0,0,0,0,0,0,0,0,0,0,2,0,0,0,0,0,0
”ª‰¤qs‚έ‚Θ‚έ–μ‚R’–Ϊ,1,0,0,0,0,0,0,0,0,0,0,0,0,0,0,0,0,0,0,0,0,0,0,0,0,0,0,0,0,0,0,1,0,1,0,0,0
”ª‰¤qs‚έ‚Θ‚έ–μ‚S’–Ϊ,3,0,0,0,0,0,0,0,0,0,0,0,0,0,0,0,0,0,0,2,0,0,2,0,0,0,0,0,0,0,0,1,1,0,0,0,0
”ª‰¤qs‚έ‚Θ‚έ–μ‚T’–Ϊ,7,0,0,0,0,0,0,0,0,0,0,0,0,0,0,0,0,0,0,4,0,2,1,0,0,0,0,0,0,1,0,3,2,0,0,0,1
”ª‰¤qs‚έ‚Θ‚έ–μ‚U’–Ϊ,2,0,0,0,0,0,0,0,0,0,0,0,0,0,0,0,0,0,0,0,0,0,0,0,0,0,0,0,0,0,0,2,1,0,0,0,1
”ª‰¤qsΌ•Π‘q‚Q’–Ϊ,5,0,0,0,0,0,0,0,0,0,0,0,0,0,0,0,0,0,0,4,0,0,4,0,0,0,0,0,0,0,0,1,1,0,0,0,0
”ª‰¤qsΌ•Π‘q‚R’–Ϊ,5,0,0,0,0,0,0,0,0,0,0,0,0,0,0,0,0,0,0,4,0,0,0,1,0,0,0,0,0,0,3,1,0,0,0,0,1
”ª‰¤qs•Ί‰q‚P’–Ϊ,3,0,0,0,0,0,0,0,0,0,0,0,0,0,0,0,0,0,0,3,0,0,0,2,0,0,0,0,0,0,1,0,0,0,0,0,0
”ª‰¤qs•Ί‰q‚Q’–Ϊ,1,0,0,0,0,0,0,0,0,0,0,0,0,0,0,0,0,0,0,0,0,0,0,0,0,0,0,0,0,0,0,1,1,0,0,0,0
”ª‰¤qsµ‘‚P’–Ϊ,3,0,0,0,1,0,0,0,0,1,0,0,0,0,0,0,0,0,0,0,0,0,0,0,0,0,0,0,0,0,0,2,0,0,0,0,2
”ª‰¤qsµ‘‚Q’–Ϊ,2,0,0,0,0,0,0,0,0,0,0,0,0,0,0,0,0,0,0,0,0,0,0,0,0,0,0,0,0,0,0,2,1,0,0,0,1
”ª‰¤qsµ‘‚R’–Ϊ,2,0,0,0,0,0,0,0,0,0,0,0,0,0,0,0,0,0,0,2,1,0,0,1,0,0,0,0,0,0,0,0,0,0,0,0,0
”ª‰¤qsµ‘‚S’–Ϊ,4,0,0,0,1,0,0,1,0,0,1,0,0,0,0,1,0,0,0,0,0,0,0,0,0,0,0,0,0,0,0,2,1,0,0,0,1
”ª‰¤qsµ‘‚T’–Ϊ,4,0,0,0,1,0,1,0,0,0,0,0,0,0,0,0,0,0,0,0,0,0,0,0,0,0,0,0,0,0,0,3,3,0,0,0,0
”ª‰¤qsµ‘‚U’–Ϊ,4,0,0,0,0,0,0,0,0,0,3,0,0,0,0,2,0,0,1,1,0,0,0,0,0,0,0,0,0,0,1,0,0,0,0,0,0
”ª‰¤qsΘ‰Ί•sΪ,5,0,0,0,0,0,0,0,0,0,0,0,0,0,0,0,0,0,0,2,0,0,0,0,0,0,0,0,0,0,2,3,0,1,0,0,2
”ª‰¤qsv,3004,38,13,25,197,0,105,67,20,5,104,1,9,4,6,30,12,0,42,1855,7,60,826,70,3,16,4,2,24,456,387,810,269,77,10,0,454
—§μs•xm©’¬‚P’–Ϊ,18,0,0,0,0,0,0,0,0,0,2,0,0,0,0,2,0,0,0,10,0,0,5,0,0,2,0,0,0,2,1,6,4,1,0,0,1
—§μs•xm©’¬‚Q’–Ϊ,18,0,0,0,0,0,0,0,0,0,0,0,0,0,0,0,0,0,0,15,0,0,13,1,0,0,0,0,0,0,1,3,0,1,0,0,2
—§μs•xm©’¬‚R’–Ϊ,4,0,0,0,0,0,0,0,0,0,0,0,0,0,0,0,0,0,0,2,0,0,0,0,0,0,0,0,0,2,0,2,2,0,0,0,0
—§μs•xm©’¬‚S’–Ϊ,8,0,0,0,1,0,1,0,0,0,0,0,0,0,0,0,0,0,0,3,0,0,1,0,0,0,0,0,0,0,2,4,1,0,0,0,3
—§μs•xm©’¬‚T’–Ϊ,9,0,0,0,1,0,0,0,1,0,1,0,0,0,0,0,0,1,0,4,0,0,4,0,0,0,0,0,0,0,0,3,0,1,0,0,2
—§μs•xm©’¬‚U’–Ϊ,14,0,0,0,0,0,0,0,0,0,0,0,0,0,0,0,0,0,0,8,0,0,5,0,0,0,0,0,1,0,2,6,3,0,0,0,3
—§μs•xm©’¬‚V’–Ϊ,8,0,0,0,0,0,0,0,0,0,0,0,0,0,0,0,0,0,0,6,0,0,3,0,0,0,0,0,0,0,3,2,0,0,0,0,2
—§μsΔθ’¬‚P’–Ϊ,10,0,0,0,0,0,0,0,0,0,0,0,0,0,0,0,0,0,0,5,0,0,3,0,0,0,0,0,0,0,2,5,0,1,0,0,4
—§μsΔθ’¬‚Q’–Ϊ,38,0,0,0,3,0,2,1,0,0,2,1,0,0,1,0,0,0,0,23,0,1,12,1,0,0,0,0,0,2,7,10,3,2,0,0,5
—§μsΔθ’¬‚R’–Ϊ,200,0,0,0,11,0,7,3,1,0,2,0,0,0,2,0,0,0,0,150,0,0,73,2,0,0,1,0,3,34,37,37,6,8,1,0,22
—§μsΔθ’¬‚S’–Ϊ,3,0,0,0,0,0,0,0,0,0,0,0,0,0,0,0,0,0,0,1,0,0,1,0,0,0,0,0,0,0,0,2,1,0,0,0,1
—§μsΔθ’¬‚T’–Ϊ,3,1,0,1,0,0,0,0,0,0,0,0,0,0,0,0,0,0,0,1,0,0,1,0,0,0,0,0,0,0,0,1,0,0,0,0,1
—§μsΔθ’¬‚U’–Ϊ,14,0,0,0,0,0,0,0,0,0,0,0,0,0,0,0,0,0,0,10,0,0,9,0,0,0,0,0,0,0,1,4,1,2,0,0,1
—§μs‹Ρ’¬‚P’–Ϊ,43,4,0,4,6,0,4,2,0,0,0,0,0,0,0,0,0,0,0,22,0,1,16,0,0,0,0,0,0,1,4,11,3,0,0,0,8
—§μs‹Ρ’¬‚Q’–Ϊ,17,0,0,0,2,0,0,2,0,0,0,0,0,0,0,0,0,0,0,9,0,0,6,0,0,0,0,0,0,2,1,6,2,0,0,0,4
—§μs‹Ρ’¬‚R’–Ϊ,19,0,0,0,2,0,2,0,0,0,1,0,0,0,0,0,1,0,0,14,0,0,10,0,0,2,0,0,0,0,2,2,0,0,0,0,2
—§μs‹Ρ’¬‚S’–Ϊ,9,0,0,0,0,0,0,0,0,0,0,0,0,0,0,0,0,0,0,7,0,0,3,0,0,0,0,0,0,0,4,2,0,1,0,0,1
—§μs‹Ρ’¬‚T’–Ϊ,15,0,0,0,0,0,0,0,0,0,1,0,0,0,0,1,0,0,0,10,0,0,9,0,0,0,0,0,0,1,0,4,2,1,0,0,1
—§μs‹Ρ’¬‚U’–Ϊ,20,0,0,0,1,0,1,0,0,0,0,0,0,0,0,0,0,0,0,16,0,0,9,1,1,1,0,0,0,1,3,3,2,0,0,0,1
—§μs‰Hί’¬‚P’–Ϊ,23,0,0,0,6,0,2,3,1,0,0,0,0,0,0,0,0,0,0,14,0,1,8,0,0,0,1,0,1,3,0,3,2,1,0,0,0
—§μs‰Hί’¬‚Q’–Ϊ,11,0,0,0,1,0,1,0,0,0,0,0,0,0,0,0,0,0,0,6,0,0,6,0,0,0,0,0,0,0,0,4,0,2,0,0,2
—§μs‰Hί’¬‚R’–Ϊ,7,0,0,0,0,0,0,0,0,0,0,0,0,0,0,0,0,0,0,7,0,0,6,0,0,0,0,0,0,0,1,0,0,0,0,0,0
—§μs’¬‚P’–Ϊ,25,2,0,2,2,0,2,0,0,0,0,0,0,0,0,0,0,0,0,14,0,0,9,0,1,0,0,0,0,1,3,7,1,0,0,0,6
—§μs’¬‚Q’–Ϊ,312,4,2,2,30,0,19,8,2,1,2,1,0,0,0,0,0,0,1,214,0,4,55,4,1,0,1,1,4,105,39,62,10,11,2,0,39
—§μs’¬‚R’–Ϊ,32,2,0,2,0,0,0,0,0,0,2,0,0,0,0,1,0,0,1,20,0,0,11,0,0,0,0,0,0,6,3,8,2,1,0,0,5
—§μs‚Ό’¬‚P’–Ϊ,15,0,0,0,0,0,0,0,0,0,0,0,0,0,0,0,0,0,0,12,0,0,12,0,0,0,0,0,0,0,0,3,0,0,0,0,3
—§μs‚Ό’¬‚Q’–Ϊ,15,0,0,0,2,0,1,0,1,0,0,0,0,0,0,0,0,0,0,9,0,0,2,0,0,0,0,0,0,0,7,4,0,1,0,0,3
—§μs‚Ό’¬‚R’–Ϊ,14,0,0,0,1,0,1,0,0,0,0,0,0,0,0,0,0,0,0,9,0,0,8,0,0,0,0,0,0,0,1,4,2,0,0,0,2
—§μs—Ξ’¬,61,0,0,0,8,0,3,3,1,1,0,0,0,0,0,0,0,0,0,32,0,0,14,3,0,0,0,0,4,8,3,21,3,3,0,0,15
—§μs»μ’¬‚P’–Ϊ,3,0,0,0,0,0,0,0,0,0,0,0,0,0,0,0,0,0,0,3,0,0,3,0,0,0,0,0,0,0,0,0,0,0,0,0,0
—§μs»μ’¬‚Q’–Ϊ,7,0,0,0,0,0,0,0,0,0,0,0,0,0,0,0,0,0,0,5,0,0,1,0,0,0,0,0,0,4,0,2,0,0,0,0,2
—§μs»μ’¬‚R’–Ϊ,9,0,0,0,1,0,1,0,0,0,2,0,0,0,0,0,2,0,0,6,0,0,5,0,0,0,0,0,0,0,1,0,0,0,0,0,0
—§μs»μ’¬‚S’–Ϊ,6,0,0,0,0,0,0,0,0,0,0,0,0,0,0,0,0,0,0,2,0,0,1,0,0,0,0,0,0,0,1,4,1,2,0,0,1
—§μs»μ’¬‚T’–Ϊ,4,0,0,0,0,0,0,0,0,0,1,0,0,0,0,0,1,0,0,3,0,1,0,0,0,0,0,0,0,2,0,0,0,0,0,0,0
—§μs»μ’¬‚U’–Ϊ,11,0,0,0,1,0,1,0,0,0,0,0,0,0,0,0,0,0,0,5,1,0,1,2,0,1,0,0,0,0,0,5,3,0,0,0,2
—§μs»μ’¬‚V’–Ϊ,4,0,0,0,0,0,0,0,0,0,0,0,0,0,0,0,0,0,0,2,0,0,2,0,0,0,0,0,0,0,0,2,2,0,0,0,0
—§μs»μ’¬‚W’–Ϊ,10,0,0,0,0,0,0,0,0,0,1,0,0,0,0,1,0,0,0,9,0,0,6,1,0,0,0,0,0,0,2,0,0,0,0,0,0
—§μs‰h’¬‚P’–Ϊ,2,0,0,0,0,0,0,0,0,0,0,0,0,0,0,0,0,0,0,0,0,0,0,0,0,0,0,0,0,0,0,2,0,0,0,0,2
—§μs‰h’¬‚Q’–Ϊ,12,0,0,0,0,0,0,0,0,0,0,0,0,0,0,0,0,0,0,9,0,0,6,1,0,0,0,0,0,0,2,3,0,0,0,0,3
—§μs‰h’¬‚R’–Ϊ,6,0,0,0,1,0,1,0,0,0,0,0,0,0,0,0,0,0,0,4,0,0,3,0,0,0,0,0,0,1,0,1,1,0,0,0,0
—§μs‰h’¬‚S’–Ϊ,7,0,0,0,1,0,1,0,0,0,1,0,0,0,0,0,0,0,1,4,0,0,4,0,0,0,0,0,0,0,0,1,1,0,0,0,0
—§μs‰h’¬‚T’–Ϊ,17,0,0,0,1,0,0,1,0,0,0,0,0,0,0,0,0,0,0,14,0,0,10,0,0,0,0,0,0,4,0,2,0,0,0,0,2
—§μs‰h’¬‚U’–Ϊ,9,0,0,0,0,0,0,0,0,0,0,0,0,0,0,0,0,0,0,7,0,1,5,0,0,0,0,0,0,1,0,2,1,0,0,0,1
—§μsα—t’¬‚P’–Ϊ,20,1,0,1,0,0,0,0,0,0,0,0,0,0,0,0,0,0,0,15,0,0,10,0,0,0,0,0,0,1,4,4,1,0,0,0,3
—§μsα—t’¬‚Q’–Ϊ,5,0,0,0,1,0,1,0,0,0,0,0,0,0,0,0,0,0,0,1,0,0,1,0,0,0,0,0,0,0,0,3,1,0,0,0,2
—§μsα—t’¬‚R’–Ϊ,3,0,0,0,1,0,0,1,0,0,0,0,0,0,0,0,0,0,0,1,0,0,0,0,0,0,0,0,0,0,1,1,0,0,0,0,1
—§μsα—t’¬‚S’–Ϊ,15,0,0,0,1,0,1,0,0,0,0,0,0,0,0,0,0,0,0,9,0,0,8,0,0,0,0,0,0,0,1,5,3,0,0,0,2
—§μsK’¬‚P’–Ϊ,19,0,0,0,2,0,1,1,0,0,0,0,0,0,0,0,0,0,0,13,0,0,12,0,0,0,0,0,0,0,1,4,1,2,0,0,1
—§μsK’¬‚Q’–Ϊ,12,0,0,0,1,0,0,1,0,0,1,0,0,0,0,1,0,0,0,7,0,0,7,0,0,0,0,0,0,0,0,3,1,0,0,0,2
—§μsK’¬‚R’–Ϊ,4,0,0,0,1,0,0,1,0,0,0,0,0,0,0,0,0,0,0,2,0,0,0,0,0,0,0,0,0,0,2,1,0,0,0,0,1
—§μsK’¬‚S’–Ϊ,17,0,0,0,2,0,1,0,1,0,1,0,0,0,0,0,0,0,1,5,0,0,5,0,0,0,0,0,0,0,0,9,5,1,0,0,3
—§μsK’¬‚T’–Ϊ,14,0,0,0,2,0,0,2,0,0,2,0,0,1,0,1,0,0,0,9,0,0,5,1,0,0,0,1,0,0,2,1,0,0,0,0,1
—§μsK’¬‚U’–Ϊ,28,0,0,0,0,0,0,0,0,0,0,0,0,0,0,0,0,0,0,25,0,0,22,0,0,0,0,0,0,0,3,3,0,1,0,0,2
—§μs”’¬‚P’–Ϊ,16,0,0,0,1,0,1,0,0,0,0,0,0,0,0,0,0,0,0,9,0,0,7,0,0,1,0,0,0,0,1,6,1,0,0,0,5
—§μs”’¬‚Q’–Ϊ,5,0,0,0,0,0,0,0,0,0,0,0,0,0,0,0,0,0,0,5,0,0,3,0,0,0,0,0,0,1,1,0,0,0,0,0,0
—§μs”’¬‚R’–Ϊ,12,0,0,0,0,0,0,0,0,0,1,0,0,0,0,0,0,0,1,8,0,0,7,0,0,0,0,0,0,0,1,3,1,2,0,0,0
—§μs”’¬‚S’–Ϊ,45,0,0,0,3,0,1,2,0,0,0,0,0,0,0,0,0,0,0,37,0,0,19,0,0,0,0,0,0,3,15,5,2,0,0,0,3
—§μs”’¬‚T’–Ϊ,7,0,0,0,0,0,0,0,0,0,0,0,0,0,0,0,0,0,0,7,0,0,6,0,0,0,0,0,0,0,1,0,0,0,0,0,0
—§μsς’¬,126,0,0,0,4,0,3,1,0,0,0,0,0,0,0,0,0,0,0,116,0,0,36,10,0,0,0,0,0,57,13,6,0,0,0,0,6
—§μsγ»’¬‚P’–Ϊ,13,0,0,0,1,0,0,1,0,0,0,0,0,0,0,0,0,0,0,10,0,0,6,1,0,0,0,0,0,0,3,2,1,0,0,0,1
—§μsγ»’¬‚Q’–Ϊ,7,0,0,0,2,0,0,1,0,1,0,0,0,0,0,0,0,0,0,4,0,0,3,0,0,0,0,0,0,0,1,1,0,0,0,0,1
—§μsγ»’¬‚R’–Ϊ,3,0,0,0,1,0,0,0,1,0,0,0,0,0,0,0,0,0,0,2,0,0,1,1,0,0,0,0,0,0,0,0,0,0,0,0,0
—§μsγ»’¬‚S’–Ϊ,7,0,0,0,0,0,0,0,0,0,0,0,0,0,0,0,0,0,0,6,0,0,6,0,0,0,0,0,0,0,0,1,1,0,0,0,0
—§μsγ»’¬‚T’–Ϊ,18,0,0,0,0,0,0,0,0,0,0,0,0,0,0,0,0,0,0,14,0,0,12,0,0,0,0,0,0,0,2,4,1,1,0,0,2
—§μsγ»’¬‚V’–Ϊ,1,0,0,0,0,0,0,0,0,0,0,0,0,0,0,0,0,0,0,0,0,0,0,0,0,0,0,0,0,0,0,1,0,0,0,0,1
—§μsκ”Τ’¬‚P’–Ϊ,6,0,0,0,0,0,0,0,0,0,0,0,0,0,0,0,0,0,0,4,0,0,3,0,0,0,0,0,0,0,1,2,0,0,0,0,2
—§μsκ”Τ’¬‚Q’–Ϊ,5,0,0,0,0,0,0,0,0,0,1,0,0,0,0,0,0,0,1,2,0,0,2,0,0,0,0,0,0,0,0,2,0,0,0,0,2
—§μsκ”Τ’¬‚R’–Ϊ,1,0,0,0,0,0,0,0,0,0,0,0,0,0,0,0,0,0,0,0,0,0,0,0,0,0,0,0,0,0,0,1,1,0,0,0,0
—§μsκ”Τ’¬‚S’–Ϊ,6,0,0,0,0,0,0,0,0,0,0,0,0,0,0,0,0,0,0,2,0,0,2,0,0,0,0,0,0,0,0,4,1,1,0,0,2
—§μsκ”Τ’¬‚T’–Ϊ,7,0,0,0,1,0,1,0,0,0,0,0,0,0,0,0,0,0,0,4,0,0,2,0,0,1,0,0,0,0,1,2,1,0,0,0,1
—§μsκ”Τ’¬‚U’–Ϊ,10,0,0,0,0,0,0,0,0,0,0,0,0,0,0,0,0,0,0,6,0,0,3,0,0,0,0,0,0,0,3,4,3,0,0,0,1
—§μsΌ»’¬‚P’–Ϊ,43,0,0,0,1,0,1,0,0,0,0,0,0,0,0,0,0,0,0,30,0,0,28,0,0,0,0,0,0,0,2,12,0,0,0,0,12
—§μsΌ»’¬‚Q’–Ϊ,7,0,0,0,1,0,1,0,0,0,0,0,0,0,0,0,0,0,0,4,0,0,3,0,0,0,0,0,0,1,0,2,0,0,0,0,2
—§μsΌ»’¬‚R’–Ϊ,6,0,0,0,0,0,0,0,0,0,0,0,0,0,0,0,0,0,0,6,0,1,5,0,0,0,0,0,0,0,0,0,0,0,0,0,0
—§μsΌ»’¬‚S’–Ϊ,4,1,0,1,1,0,0,0,1,0,1,0,0,1,0,0,0,0,0,0,0,0,0,0,0,0,0,0,0,0,0,1,0,0,0,0,1
—§μsΌ»’¬‚T’–Ϊ,7,0,0,0,0,0,0,0,0,0,0,0,0,0,0,0,0,0,0,4,0,0,3,1,0,0,0,0,0,0,0,3,0,0,0,0,3
—§μsΌ»’¬‚U’–Ϊ,5,0,0,0,0,0,0,0,0,0,0,0,0,0,0,0,0,0,0,3,0,1,2,0,0,0,0,0,0,0,0,2,0,0,0,0,2
—§μsv,1596,15,2,13,109,0,62,34,10,3,25,2,0,2,3,7,4,1,6,1096,1,11,590,30,3,8,3,2,13,243,192,351,84,47,3,0,217
•‘ –μs‹gΛ›“’¬‚P’–Ϊ,35,0,0,0,1,0,1,0,0,0,0,0,0,0,0,0,0,0,0,28,0,0,4,0,0,0,0,0,1,23,0,6,1,0,0,0,5
•‘ –μs‹gΛ›“’¬‚Q’–Ϊ,12,0,0,0,0,0,0,0,0,0,0,0,0,0,0,0,0,0,0,6,0,0,6,0,0,0,0,0,0,0,0,6,5,0,0,0,1
•‘ –μs‹gΛ›“’¬‚R’–Ϊ,10,0,0,0,1,0,1,0,0,0,0,0,0,0,0,0,0,0,0,6,0,0,4,0,0,0,0,0,0,0,2,3,3,0,0,0,0
•‘ –μs‹gΛ›“’¬‚S’–Ϊ,4,0,0,0,0,0,0,0,0,0,1,0,0,0,0,1,0,0,0,0,0,0,0,0,0,0,0,0,0,0,0,3,3,0,0,0,0
•‘ –μs‹gΛ›“μ’¬‚P’–Ϊ,127,0,0,0,16,0,10,4,2,0,0,0,0,0,0,0,0,0,0,92,0,0,32,3,0,0,1,0,1,38,17,19,5,6,1,0,7
•‘ –μs‹gΛ›“μ’¬‚Q’–Ϊ,95,2,0,2,10,0,7,2,0,1,0,0,0,0,0,0,0,0,0,65,0,0,21,1,0,0,0,0,1,35,7,18,1,3,0,0,14
•‘ –μs‹gΛ›“μ’¬‚R’–Ϊ,8,0,0,0,1,0,1,0,0,0,2,0,0,0,0,2,0,0,0,3,0,0,2,0,0,0,0,0,0,0,1,2,2,0,0,0,0
•‘ –μs‹gΛ›“μ’¬‚S’–Ϊ,12,0,0,0,1,0,0,1,0,0,1,0,0,0,0,1,0,0,0,1,0,0,1,0,0,0,0,0,0,0,0,9,5,0,0,0,4
•‘ –μs‹gΛ›“μ’¬‚T’–Ϊ,6,0,0,0,0,0,0,0,0,0,0,0,0,0,0,0,0,0,0,2,0,0,2,0,0,0,0,0,0,0,0,4,4,0,0,0,0
•‘ –μsδ“aR‚P’–Ϊ,78,0,0,0,1,0,1,0,0,0,0,0,0,0,0,0,0,0,0,74,0,0,67,1,0,0,0,0,0,3,3,3,2,1,0,0,0
•‘ –μsδ“aR‚Q’–Ϊ,4,0,0,0,0,0,0,0,0,0,0,0,0,0,0,0,0,0,0,2,0,0,2,0,0,0,0,0,0,0,0,2,2,0,0,0,0
•‘ –μs‹gΛ›–{’¬‚P’–Ϊ,271,0,0,0,15,0,10,5,0,0,5,1,0,0,4,0,0,0,0,204,0,3,69,2,0,0,1,0,8,87,34,47,9,6,0,0,32
•‘ –μs‹gΛ›–{’¬‚Q’–Ϊ,67,1,0,1,4,0,1,2,1,0,1,0,0,0,1,0,0,0,0,50,0,0,20,0,0,0,0,0,0,26,4,11,5,0,1,0,5
•‘ –μs‹gΛ›–{’¬‚R’–Ϊ,10,0,0,0,2,0,0,2,0,0,0,0,0,0,0,0,0,0,0,4,0,0,4,0,0,0,0,0,0,0,0,4,3,1,0,0,0
•‘ –μs‹gΛ›–{’¬‚S’–Ϊ,15,0,0,0,1,0,0,0,1,0,1,0,0,0,0,1,0,0,0,5,0,0,3,1,0,0,0,0,0,1,0,8,7,0,0,0,1
•‘ –μs‹gΛ›–k’¬‚P’–Ϊ,8,0,0,0,2,0,1,0,1,0,0,0,0,0,0,0,0,0,0,4,0,0,4,0,0,0,0,0,0,0,0,2,1,0,0,0,1
•‘ –μs‹gΛ›–k’¬‚Q’–Ϊ,6,0,0,0,0,0,0,0,0,0,0,0,0,0,0,0,0,0,0,3,0,0,1,0,0,0,0,0,0,1,1,3,1,0,0,0,2
•‘ –μs‹gΛ›–k’¬‚R’–Ϊ,18,0,0,0,2,0,2,0,0,0,2,0,0,0,0,0,1,0,1,9,0,0,7,0,0,0,0,0,0,0,2,5,0,1,0,0,4
•‘ –μs‹gΛ›–k’¬‚S’–Ϊ,9,0,0,0,0,0,0,0,0,0,0,0,0,0,0,0,0,0,0,7,0,0,7,0,0,0,0,0,0,0,0,2,1,0,0,0,1
•‘ –μs‹gΛ›–k’¬‚T’–Ϊ,13,0,0,0,1,0,1,0,0,0,0,0,0,0,0,0,0,0,0,7,0,0,6,0,0,0,0,0,0,1,0,5,3,1,0,0,1
•‘ –μs’†’¬‚P’–Ϊ,61,0,0,0,2,0,2,0,0,0,0,0,0,0,0,0,0,0,0,48,0,0,41,0,0,0,0,0,1,0,6,11,2,1,2,0,6
•‘ –μs’†’¬‚Q’–Ϊ,24,0,0,0,1,0,0,0,1,0,0,0,0,0,0,0,0,0,0,13,0,0,11,0,0,0,0,0,0,1,1,10,2,1,1,0,6
•‘ –μs’†’¬‚R’–Ϊ,22,0,0,0,1,0,0,1,0,0,0,0,0,0,0,0,0,0,0,15,0,0,9,1,0,0,0,0,0,0,5,6,5,0,0,0,1
•‘ –μsΌ‹v•Ϋ‚P’–Ϊ,11,0,0,0,1,0,1,0,0,0,1,0,0,0,0,1,0,0,0,6,0,0,2,1,0,0,0,0,0,1,2,3,2,0,0,0,1
•‘ –μsΌ‹v•Ϋ‚Q’–Ϊ,21,0,0,0,1,0,1,0,0,0,0,0,0,0,0,0,0,0,0,16,0,0,9,0,0,0,0,0,1,4,2,4,2,0,1,0,1
•‘ –μsΌ‹v•Ϋ‚R’–Ϊ,18,0,0,0,1,0,0,0,1,0,0,0,0,0,0,0,0,0,0,12,0,0,6,0,0,0,0,0,0,0,6,5,5,0,0,0,0
•‘ –μs—Ξ’¬‚P’–Ϊ,12,0,0,0,1,0,0,1,0,0,0,0,0,0,0,0,0,0,0,6,0,0,5,0,0,0,0,0,0,1,0,5,4,1,0,0,0
•‘ –μs—Ξ’¬‚Q’–Ϊ,25,0,0,0,0,0,0,0,0,0,0,0,0,0,0,0,0,0,0,13,0,1,5,1,0,1,0,0,0,0,5,12,5,0,0,0,7
•‘ –μs—Ξ’¬‚R’–Ϊ,4,0,0,0,0,0,0,0,0,0,0,0,0,0,0,0,0,0,0,0,0,0,0,0,0,0,0,0,0,0,0,4,0,0,0,0,4
•‘ –μsΦ‘O‚P’–Ϊ,4,0,0,0,0,0,0,0,0,0,0,0,0,0,0,0,0,0,0,4,0,0,4,0,0,0,0,0,0,0,0,0,0,0,0,0,0
•‘ –μsΦ‘O‚Q’–Ϊ,10,0,0,0,0,0,0,0,0,0,0,0,0,0,0,0,0,0,0,9,0,0,8,0,0,0,0,0,0,0,1,1,1,0,0,0,0
•‘ –μsΦ‘O‚R’–Ϊ,9,0,0,0,0,0,0,0,0,0,0,0,0,0,0,0,0,0,0,8,0,0,2,1,0,0,0,0,0,4,1,1,1,0,0,0,0
•‘ –μsΦ‘O‚S’–Ϊ,8,0,0,0,1,0,1,0,0,0,0,0,0,0,0,0,0,0,0,2,0,0,2,0,0,0,0,0,0,0,0,5,4,0,0,0,1
•‘ –μsΦ‘O‚T’–Ϊ,3,0,0,0,0,0,0,0,0,0,0,0,0,0,0,0,0,0,0,3,0,0,1,0,0,0,0,0,0,0,2,0,0,0,0,0,0
•‘ –μs”ª”¦’¬‚P’–Ϊ,7,1,1,0,0,0,0,0,0,0,0,0,0,0,0,0,0,0,0,3,0,0,1,0,0,0,0,0,0,0,2,3,2,0,0,0,1
•‘ –μs”ª”¦’¬‚Q’–Ϊ,8,0,0,0,1,0,1,0,0,0,0,0,0,0,0,0,0,0,0,5,0,0,3,0,0,0,0,0,0,0,2,2,0,0,0,0,2
•‘ –μs”ª”¦’¬‚R’–Ϊ,5,0,0,0,0,0,0,0,0,0,0,0,0,0,0,0,0,0,0,1,0,0,1,0,0,0,0,0,0,0,0,4,3,0,0,0,1
•‘ –μs‹«“μ’¬‚P’–Ϊ,11,0,0,0,0,0,0,0,0,0,1,0,0,0,0,0,0,0,1,8,0,0,4,1,0,0,0,0,0,0,3,2,2,0,0,0,0
•‘ –μs‹«“μ’¬‚Q’–Ϊ,72,0,0,0,1,0,1,0,0,0,0,0,0,0,0,0,0,0,0,56,0,0,36,0,0,0,1,0,2,10,7,15,6,4,0,0,5
•‘ –μs‹«“μ’¬‚R’–Ϊ,19,0,0,0,1,0,1,0,0,0,0,0,0,0,0,0,0,0,0,12,0,0,9,0,0,0,0,0,0,1,2,6,1,0,0,0,5
•‘ –μs‹«“μ’¬‚S’–Ϊ,10,1,0,1,1,0,1,0,0,0,0,0,0,0,0,0,0,0,0,5,0,0,1,0,0,1,0,0,0,0,3,3,1,1,0,0,1
•‘ –μs‹«“μ’¬‚T’–Ϊ,7,0,0,0,0,0,0,0,0,0,0,0,0,0,0,0,0,0,0,6,0,0,5,0,0,0,0,0,0,0,1,1,0,0,0,0,1
•‘ –μs‹«‚P’–Ϊ,73,0,0,0,5,0,3,2,0,0,0,0,0,0,0,0,0,0,0,43,0,1,21,1,0,1,0,0,1,2,16,25,2,1,0,0,22
•‘ –μs‹«‚Q’–Ϊ,45,0,0,0,2,0,2,0,0,0,0,0,0,0,0,0,0,0,0,40,0,0,33,0,0,0,0,0,0,3,4,3,0,1,0,0,2
•‘ –μs‹«‚R’–Ϊ,8,0,0,0,0,0,0,0,0,0,0,0,0,0,0,0,0,0,0,4,0,0,4,0,0,0,0,0,0,0,0,4,3,0,0,0,1
•‘ –μs‹«‚S’–Ϊ,5,0,0,0,0,0,0,0,0,0,0,0,0,0,0,0,0,0,0,3,0,0,2,0,0,0,0,0,0,1,0,2,2,0,0,0,0
•‘ –μs‹«‚T’–Ϊ,18,0,0,0,0,0,0,0,0,0,0,0,0,0,0,0,0,0,0,14,0,0,5,0,0,0,0,0,0,1,8,4,1,0,0,0,3
•‘ –μsχ’η‚P’–Ϊ,12,0,0,0,1,0,1,0,0,0,0,0,0,0,0,0,0,0,0,3,0,1,2,0,0,0,0,0,0,0,0,8,5,1,0,0,2
•‘ –μsχ’η‚Q’–Ϊ,4,0,0,0,0,0,0,0,0,0,0,0,0,0,0,0,0,0,0,2,0,1,0,0,0,0,0,0,0,1,0,2,2,0,0,0,0
•‘ –μsχ’η‚R’–Ϊ,4,0,0,0,0,0,0,0,0,0,0,0,0,0,0,0,0,0,0,2,0,0,1,0,0,0,0,0,0,0,1,2,1,0,0,0,1
•‘ –μsv,1348,5,1,4,79,0,51,20,7,1,15,1,0,0,5,6,1,0,2,934,0,7,495,14,0,3,3,0,16,245,151,315,127,30,6,0,152
O‘ιs‰ΊA‚P’–Ϊ,25,0,0,0,3,0,1,2,0,0,0,0,0,0,0,0,0,0,0,18,0,0,12,1,0,1,0,0,2,0,2,4,1,1,0,0,2
O‘ιs‰ΊA‚Q’–Ϊ,9,0,0,0,0,0,0,0,0,0,1,0,0,0,0,0,0,0,1,3,0,0,3,0,0,0,0,0,0,0,0,5,3,1,0,0,1
O‘ιs‰ΊA‚R’–Ϊ,140,1,1,0,22,0,13,7,2,0,2,1,0,0,1,0,0,0,0,94,0,0,44,1,0,0,2,1,2,17,27,21,7,7,0,0,7
O‘ιs‰ΊA‚S’–Ϊ,30,0,0,0,2,0,2,0,0,0,0,0,0,0,0,0,0,0,0,22,0,0,17,0,0,0,0,1,0,3,1,6,4,0,0,0,2
O‘ιs‰ΊA‚T’–Ϊ,8,0,0,0,0,0,0,0,0,0,0,0,0,0,0,0,0,0,0,5,0,0,5,0,0,0,0,0,0,0,0,3,1,1,0,0,1
O‘ιs‰ΊA‚U’–Ϊ,8,0,0,0,0,0,0,0,0,0,0,0,0,0,0,0,0,0,0,5,0,0,2,0,0,0,0,0,0,0,3,3,1,0,0,0,2
O‘ιs‰ΊA‚V’–Ϊ,16,0,0,0,0,0,0,0,0,0,0,0,0,0,0,0,0,0,0,11,0,0,10,0,0,0,0,0,0,0,1,5,1,0,0,0,4
O‘ιs‰ΊA‚W’–Ϊ,9,0,0,0,2,0,0,2,0,0,0,0,0,0,0,0,0,0,0,4,0,0,2,0,0,0,0,0,0,0,2,3,2,0,0,0,1
O‘ιs‰ΊA‚X’–Ϊ,9,1,0,1,0,0,0,0,0,0,0,0,0,0,0,0,0,0,0,3,0,0,3,0,0,0,0,0,0,0,0,5,3,0,0,0,2
O‘ιs–΄—η‚P’–Ϊ,1,0,0,0,0,0,0,0,0,0,0,0,0,0,0,0,0,0,0,1,0,0,0,0,0,0,0,0,0,0,1,0,0,0,0,0,0
O‘ιs–΄—η‚Q’–Ϊ,19,0,0,0,1,0,1,0,0,0,0,0,0,0,0,0,0,0,0,15,0,0,13,0,0,0,0,0,0,2,0,3,1,1,0,0,1
O‘ιs–΄—η‚R’–Ϊ,4,0,0,0,1,0,1,0,0,0,0,0,0,0,0,0,0,0,0,3,0,0,1,1,0,0,0,0,0,0,1,0,0,0,0,0,0
O‘ιs–΄—η‚S’–Ϊ,16,0,0,0,2,0,0,2,0,0,1,0,1,0,0,0,0,0,0,8,0,0,4,1,0,0,0,0,0,0,3,5,1,0,0,0,4
O‘ιs–΄—η‚T’–Ϊ,15,0,0,0,1,0,0,0,1,0,0,0,0,0,0,0,0,0,0,9,0,0,4,0,0,0,0,0,1,4,0,5,3,0,0,0,2
O‘ιs–΄—η‚U’–Ϊ,19,0,0,0,0,0,0,0,0,0,0,0,0,0,0,0,0,0,0,11,0,0,7,0,0,0,0,0,0,0,4,8,4,0,0,0,4
O‘ιs–΄—η‚V’–Ϊ,4,0,0,0,0,0,0,0,0,0,0,0,0,0,0,0,0,0,0,2,0,0,0,0,0,0,0,0,0,1,1,2,1,1,0,0,0
O‘ιsδ‚Μ“ª‚P’–Ϊ,24,0,0,0,1,0,1,0,0,0,1,0,0,0,0,1,0,0,0,12,0,1,5,1,0,0,0,0,0,1,4,10,4,0,0,0,6
O‘ιsδ‚Μ“ª‚Q’–Ϊ,10,0,0,0,0,0,0,0,0,0,2,0,0,0,0,0,0,0,2,5,0,0,3,0,0,0,0,0,0,1,1,3,2,0,0,0,1
O‘ιsδ‚Μ“ª‚R’–Ϊ,6,0,0,0,1,0,0,1,0,0,0,0,0,0,0,0,0,0,0,3,0,0,3,0,0,0,0,0,0,0,0,2,0,0,0,0,2
O‘ιsδ‚Μ“ª‚S’–Ϊ,23,0,0,0,1,0,1,0,0,0,2,0,0,1,0,0,0,0,1,17,0,1,9,0,0,0,0,0,2,0,5,3,0,1,0,0,2
O‘ιsδ‚Μ“ª‚T’–Ϊ,12,0,0,0,2,0,2,0,0,0,0,0,0,0,0,0,0,0,0,5,0,0,4,0,0,0,0,0,0,0,1,5,5,0,0,0,0
O‘ιs’†΄‚P’–Ϊ,8,0,0,0,1,0,1,0,0,0,1,0,0,0,0,0,0,0,1,3,0,0,0,0,0,0,0,0,0,1,2,3,0,0,0,0,3
O‘ιs’†΄‚Q’–Ϊ,7,0,0,0,0,0,0,0,0,0,0,0,0,0,0,0,0,0,0,3,0,0,2,0,0,0,0,0,0,1,0,4,1,1,0,0,2
O‘ιs’†΄‚R’–Ϊ,8,0,0,0,1,0,0,1,0,0,0,0,0,0,0,0,0,0,0,4,0,0,3,0,0,0,0,0,0,0,1,3,1,1,0,0,1
O‘ιs’†΄‚S’–Ϊ,10,0,0,0,0,0,0,0,0,0,1,0,0,0,0,0,0,0,1,4,0,0,3,1,0,0,0,0,0,0,0,5,3,0,0,0,2
O‘ιs–k–μ‚P’–Ϊ,4,0,0,0,0,0,0,0,0,0,0,0,0,0,0,0,0,0,0,2,0,0,2,0,0,0,0,0,0,0,0,2,1,0,0,0,1
O‘ιs–k–μ‚Q’–Ϊ,6,0,0,0,0,0,0,0,0,0,0,0,0,0,0,0,0,0,0,1,0,0,0,0,0,0,0,0,0,0,1,5,2,1,0,0,2
O‘ιs–k–μ‚R’–Ϊ,7,0,0,0,0,0,0,0,0,0,1,0,0,0,0,1,0,0,0,3,0,0,2,0,0,0,0,0,0,0,1,3,2,0,0,0,1
O‘ιs–k–μ‚S’–Ϊ,9,0,0,0,0,0,0,0,0,0,0,0,0,0,0,0,0,0,0,7,0,0,4,0,0,0,0,0,0,1,2,2,0,0,0,0,2
O‘ιsVμ‚P’–Ϊ,7,0,0,0,1,0,1,0,0,0,0,0,0,0,0,0,0,0,0,4,0,1,3,0,0,0,0,0,0,0,0,2,0,0,0,0,2
O‘ιsVμ‚Q’–Ϊ,13,0,0,0,1,0,0,1,0,0,0,0,0,0,0,0,0,0,0,7,0,0,7,0,0,0,0,0,0,0,0,5,3,0,0,0,2
O‘ιsVμ‚R’–Ϊ,9,0,0,0,0,0,0,0,0,0,0,0,0,0,0,0,0,0,0,3,0,1,1,0,0,0,0,0,0,1,0,6,2,0,1,0,3
O‘ιsVμ‚S’–Ϊ,11,0,0,0,0,0,0,0,0,0,1,0,0,1,0,0,0,0,0,5,0,0,4,1,0,0,0,0,0,0,0,5,1,0,1,0,3
O‘ιsVμ‚T’–Ϊ,12,0,0,0,1,0,0,1,0,0,1,0,0,0,0,0,0,0,1,8,0,0,4,1,0,0,0,0,0,3,0,2,0,0,0,0,2
O‘ιsVμ‚U’–Ϊ,27,0,0,0,4,0,3,1,0,0,1,0,0,0,0,0,0,0,1,18,0,0,15,0,0,0,0,0,0,3,0,4,3,0,0,0,1
O‘ιsγA‚P’–Ϊ,17,0,0,0,0,0,0,0,0,0,0,0,0,0,0,0,0,0,0,14,1,0,9,1,0,0,0,0,0,0,3,3,2,0,0,0,1
O‘ιsγA‚Q’–Ϊ,7,0,0,0,0,0,0,0,0,0,0,0,0,0,0,0,0,0,0,4,0,0,3,0,0,0,0,0,0,0,1,3,3,0,0,0,0
O‘ιsγA‚R’–Ϊ,11,0,0,0,0,0,0,0,0,0,0,0,0,0,0,0,0,0,0,8,0,0,6,1,0,0,0,0,0,0,1,3,1,1,0,0,1
O‘ιsγA‚S’–Ϊ,7,0,0,0,0,0,0,0,0,0,0,0,0,0,0,0,0,0,0,5,0,0,4,1,0,0,0,0,0,0,0,2,2,0,0,0,0
O‘ιsγA‚T’–Ϊ,2,0,0,0,0,0,0,0,0,0,0,0,0,0,0,0,0,0,0,0,0,0,0,0,0,0,0,0,0,0,0,2,2,0,0,0,0
O‘ιsγA‚U’–Ϊ,16,0,0,0,2,0,1,1,0,0,0,0,0,0,0,0,0,0,0,9,0,0,7,0,0,0,0,0,0,1,1,5,2,1,0,0,2
O‘ιsγA‚V’–Ϊ,12,0,0,0,0,0,0,0,0,0,1,0,0,0,0,1,0,0,0,3,0,0,1,1,0,0,0,0,0,0,1,8,2,0,0,0,6
O‘ιsγA‚W’–Ϊ,8,0,0,0,0,0,0,0,0,0,1,0,0,0,0,0,0,0,1,4,0,0,3,0,0,0,0,0,0,1,0,3,2,1,0,0,0
O‘ιsγA‚X’–Ϊ,9,0,0,0,0,0,0,0,0,0,0,0,0,0,0,0,0,0,0,5,0,0,3,0,0,0,0,0,0,0,2,4,3,0,0,0,1
O‘ιsδϋ‚P’–Ϊ,12,0,0,0,1,0,0,0,1,0,0,0,0,0,0,0,0,0,0,9,0,0,9,0,0,0,0,0,0,0,0,2,0,0,0,0,2
O‘ιsδϋ‚Q’–Ϊ,3,0,0,0,0,0,0,0,0,0,0,0,0,0,0,0,0,0,0,2,0,0,2,0,0,0,0,0,0,0,0,1,1,0,0,0,0
O‘ιsδϋ‚R’–Ϊ,9,0,0,0,1,0,0,1,0,0,0,0,0,0,0,0,0,0,0,7,0,0,6,0,0,0,0,0,0,1,0,1,1,0,0,0,0
O‘ιsδϋ‚S’–Ϊ,10,0,0,0,3,0,0,1,2,0,0,0,0,0,0,0,0,0,0,4,0,0,4,0,0,0,0,0,0,0,0,3,0,1,0,0,2
O‘ιsδϋ‚T’–Ϊ,1,0,0,0,0,0,0,0,0,0,0,0,0,0,0,0,0,0,0,0,0,0,0,0,0,0,0,0,0,0,0,1,0,0,0,0,1
O‘ιs[‘ε›‚P’–Ϊ,13,0,0,0,0,0,0,0,0,0,0,0,0,0,0,0,0,0,0,11,0,0,4,0,0,0,0,0,0,5,2,2,1,0,0,0,1
O‘ιs[‘ε›‚Q’–Ϊ,10,0,0,0,2,0,0,2,0,0,0,0,0,0,0,0,0,0,0,5,0,1,2,2,0,0,0,0,0,0,0,3,2,0,0,0,1
O‘ιs[‘ε›‚R’–Ϊ,6,0,0,0,1,0,0,1,0,0,0,0,0,0,0,0,0,0,0,4,0,0,2,0,0,0,0,0,0,0,2,1,1,0,0,0,0
O‘ιs–μθ‚P’–Ϊ,28,0,0,0,3,0,1,2,0,0,0,0,0,0,0,0,0,0,0,24,0,0,6,3,0,0,0,0,0,13,2,1,1,0,0,0,0
O‘ιs–μθ‚Q’–Ϊ,6,0,0,0,2,0,1,0,1,0,0,0,0,0,0,0,0,0,0,1,0,0,1,0,0,0,0,0,0,0,0,3,3,0,0,0,0
O‘ιs–μθ‚R’–Ϊ,8,0,0,0,1,0,0,0,1,0,0,0,0,0,0,0,0,0,0,5,0,0,3,1,0,0,0,0,0,0,1,2,1,0,1,0,0
O‘ιs–μθ‚S’–Ϊ,2,0,0,0,0,0,0,0,0,0,0,0,0,0,0,0,0,0,0,2,0,0,1,0,0,0,0,0,0,0,1,0,0,0,0,0,0
O‘ιs‘ε‘ς‚P’–Ϊ,6,0,0,0,1,0,1,0,0,0,0,0,0,0,0,0,0,0,0,4,0,0,1,1,0,0,0,0,0,0,2,1,0,0,0,0,1
O‘ιs‘ε‘ς‚Q’–Ϊ,9,1,1,0,2,0,1,1,0,0,0,0,0,0,0,0,0,0,0,3,0,0,2,1,0,0,0,0,0,0,0,3,0,0,0,0,3
O‘ιs‘ε‘ς‚R’–Ϊ,18,0,0,0,0,0,0,0,0,0,0,0,0,0,0,0,0,0,0,12,0,0,9,0,0,0,0,0,0,0,3,6,3,2,1,0,0
O‘ιs‘ε‘ς‚S’–Ϊ,7,0,0,0,0,0,0,0,0,0,0,0,0,0,0,0,0,0,0,4,0,1,0,0,0,0,0,0,0,3,0,3,2,0,0,0,1
O‘ιs‘ε‘ς‚T’–Ϊ,14,1,0,1,1,0,0,1,0,0,0,0,0,0,0,0,0,0,0,3,0,0,2,0,0,0,0,0,0,1,0,9,3,1,0,0,5
O‘ιs‘ε‘ς‚U’–Ϊ,7,0,0,0,0,0,0,0,0,0,0,0,0,0,0,0,0,0,0,5,0,0,1,0,0,0,0,0,0,2,2,2,0,0,0,0,2
O‘ιsv,803,4,2,2,68,0,32,28,8,0,17,1,1,2,1,3,0,0,9,485,1,6,292,20,0,1,2,2,7,66,88,229,101,23,4,0,101
Β”~s“Β”~‚P’–Ϊ,9,0,0,0,1,0,1,0,0,0,0,0,0,0,0,0,0,0,0,4,0,0,3,0,0,0,0,0,0,0,1,4,1,0,0,0,3
Β”~s“Β”~‚Q’–Ϊ,8,0,0,0,1,0,0,1,0,0,0,0,0,0,0,0,0,0,0,5,0,1,3,0,0,0,0,0,0,0,1,2,1,0,0,0,1
Β”~s“Β”~‚R’–Ϊ,11,1,0,1,0,0,0,0,0,0,0,0,0,0,0,0,0,0,0,9,0,1,1,0,0,0,0,0,0,3,4,1,0,0,0,0,1
Β”~s“Β”~‚S’–Ϊ,8,0,0,0,0,0,0,0,0,0,0,0,0,0,0,0,0,0,0,6,0,1,2,0,0,0,0,0,0,1,2,2,0,1,0,0,1
Β”~s“Β”~‚T’–Ϊ,12,0,0,0,2,0,1,1,0,0,2,0,0,0,0,1,0,0,1,8,0,0,3,2,0,0,0,0,0,2,1,0,0,0,0,0,0
Β”~s“Β”~‚U’–Ϊ,2,0,0,0,0,0,0,0,0,0,0,0,0,0,0,0,0,0,0,0,0,0,0,0,0,0,0,0,0,0,0,2,2,0,0,0,0
Β”~sªƒ–•z‚P’–Ϊ,1,0,0,0,0,0,0,0,0,0,0,0,0,0,0,0,0,0,0,1,0,0,0,0,0,0,0,0,0,0,1,0,0,0,0,0,0
Β”~st‰ª’¬‚P’–Ϊ,2,0,0,0,0,0,0,0,0,0,0,0,0,0,0,0,0,0,0,1,0,0,1,0,0,0,0,0,0,0,0,1,0,0,0,0,1
Β”~st‰ª’¬‚Q’–Ϊ,5,0,0,0,0,0,0,0,0,0,0,0,0,0,0,0,0,0,0,4,0,1,3,0,0,0,0,0,0,0,0,1,0,0,0,0,1
Β”~st‰ª’¬‚R’–Ϊ,7,0,0,0,0,0,0,0,0,0,0,0,0,0,0,0,0,0,0,5,0,1,4,0,0,0,0,0,0,0,0,2,1,1,0,0,0
Β”~st‰ª’¬‚S’–Ϊ,11,0,0,0,1,0,1,0,0,0,1,0,0,0,0,0,0,0,1,6,0,0,5,0,0,0,0,0,0,0,1,3,1,1,0,0,1
Β”~sΐ‚P’–Ϊ,6,0,0,0,0,0,0,0,0,0,0,0,0,0,0,0,0,0,0,3,0,0,0,0,0,0,0,0,0,0,3,3,2,0,0,0,1
Β”~sΐ‚Q’–Ϊ,2,0,0,0,0,0,0,0,0,0,0,0,0,0,0,0,0,0,0,1,0,0,0,0,0,0,0,0,0,0,1,1,1,0,0,0,0
Β”~sΐ‚R’–Ϊ,1,0,0,0,0,0,0,0,0,0,0,0,0,0,0,0,0,0,0,1,0,1,0,0,0,0,0,0,0,0,0,0,0,0,0,0,0
Β”~sΌ•ª’¬‚Q’–Ϊ,1,0,0,0,0,0,0,0,0,0,1,0,0,0,1,0,0,0,0,0,0,0,0,0,0,0,0,0,0,0,0,0,0,0,0,0,0
Β”~s“ϊόa“c‚R’–Ϊ,7,0,0,0,0,0,0,0,0,0,0,0,0,0,0,0,0,0,0,5,0,1,4,0,0,0,0,0,0,0,0,2,0,0,0,0,2
Β”~s‹ξ–Ψ’¬‚P’–Ϊ,1,0,0,0,0,0,0,0,0,0,0,0,0,0,0,0,0,0,0,0,0,0,0,0,0,0,0,0,0,0,0,1,0,0,0,0,1
Β”~s‹ξ–Ψ’¬‚Q’–Ϊ,2,0,0,0,0,0,0,0,0,0,0,0,0,0,0,0,0,0,0,0,0,0,0,0,0,0,0,0,0,0,0,2,1,0,0,0,1
Β”~s‹ξ–Ψ’¬‚R’–Ϊ,2,0,0,0,0,0,0,0,0,0,0,0,0,0,0,0,0,0,0,0,0,0,0,0,0,0,0,0,0,0,0,2,0,0,0,0,2
Β”~s’·•£‚P’–Ϊ,1,0,0,0,0,0,0,0,0,0,0,0,0,0,0,0,0,0,0,0,0,0,0,0,0,0,0,0,0,0,0,1,0,0,0,0,1
Β”~s’·•£‚Q’–Ϊ,3,0,0,0,0,0,0,0,0,0,2,0,0,0,0,0,0,0,2,1,0,0,0,1,0,0,0,0,0,0,0,0,0,0,0,0,0
Β”~s’·•£‚R’–Ϊ,1,0,0,0,0,0,0,0,0,0,0,0,0,0,0,0,0,0,0,0,0,0,0,0,0,0,0,0,0,0,0,1,1,0,0,0,0
Β”~s’·•£‚S’–Ϊ,4,0,0,0,0,0,0,0,0,0,0,0,0,0,0,0,0,0,0,3,0,0,2,0,0,0,0,0,0,0,1,1,0,0,0,0,1
Β”~s’·•£‚T’–Ϊ,1,0,0,0,0,0,0,0,0,0,0,0,0,0,0,0,0,0,0,0,0,0,0,0,0,0,0,0,0,0,0,1,1,0,0,0,0
Β”~s’·•£‚U’–Ϊ,2,0,0,0,0,0,0,0,0,0,0,0,0,0,0,0,0,0,0,1,0,0,0,0,0,0,0,0,0,0,1,1,0,0,0,0,1
Β”~s’·•£‚V’–Ϊ,6,0,0,0,0,0,0,0,0,0,0,0,0,0,0,0,0,0,0,1,0,0,0,0,0,0,0,0,0,0,1,5,1,0,0,0,4
Β”~s’·•£‚W’–Ϊ,1,0,0,0,0,0,0,0,0,0,0,0,0,0,0,0,0,0,0,1,0,0,0,0,0,0,0,0,0,0,1,0,0,0,0,0,0
Β”~s—F“c’¬‚P’–Ϊ,3,0,0,0,0,0,0,0,0,0,0,0,0,0,0,0,0,0,0,2,0,0,0,0,0,0,0,0,0,0,2,1,0,0,1,0,0
Β”~s—F“c’¬‚S’–Ϊ,1,0,0,0,0,0,0,0,0,0,0,0,0,0,0,0,0,0,0,0,0,0,0,0,0,0,0,0,0,0,0,1,1,0,0,0,0
Β”~s—F“c’¬‚T’–Ϊ,3,0,0,0,0,0,0,0,0,0,0,0,0,0,0,0,0,0,0,3,0,0,1,0,0,0,0,0,0,2,0,0,0,0,0,0,0
Β”~s‰Ν•Σ’¬‚P‚O’–Ϊ,58,0,0,0,1,0,0,1,0,0,1,0,0,0,1,0,0,0,0,48,0,2,29,0,0,0,0,0,0,11,6,8,1,2,0,0,5
Β”~s‰Ν•Σ’¬‚P’–Ϊ,5,0,0,0,0,0,0,0,0,0,0,0,0,0,0,0,0,0,0,4,0,1,3,0,0,0,0,0,0,0,0,1,1,0,0,0,0
Β”~s‰Ν•Σ’¬‚Q’–Ϊ,3,0,0,0,0,0,0,0,0,0,0,0,0,0,0,0,0,0,0,2,0,0,2,0,0,0,0,0,0,0,0,1,1,0,0,0,0
Β”~s‰Ν•Σ’¬‚R’–Ϊ,3,0,0,0,0,0,0,0,0,0,0,0,0,0,0,0,0,0,0,1,0,0,1,0,0,0,0,0,0,0,0,2,2,0,0,0,0
Β”~s‰Ν•Σ’¬‚S’–Ϊ,8,0,0,0,1,0,1,0,0,0,0,0,0,0,0,0,0,0,0,3,0,0,3,0,0,0,0,0,0,0,0,4,2,0,0,0,2
Β”~s‰Ν•Σ’¬‚T’–Ϊ,31,0,0,0,1,0,0,1,0,0,0,0,0,0,0,0,0,0,0,23,0,1,18,0,0,0,0,0,1,0,3,7,2,1,0,0,4
Β”~s‰Ν•Σ’¬‚U’–Ϊ,24,0,0,0,1,0,0,0,1,0,0,0,0,0,0,0,0,0,0,22,0,2,17,0,0,0,0,0,0,1,2,1,0,0,0,0,1
Β”~s‰Ν•Σ’¬‚V’–Ϊ,13,0,0,0,2,0,2,0,0,0,0,0,0,0,0,0,0,0,0,8,0,0,4,1,0,0,0,0,0,2,1,3,1,1,0,0,1
Β”~s‰Ν•Σ’¬‚W’–Ϊ,13,0,0,0,2,0,1,1,0,0,0,0,0,0,0,0,0,0,0,9,0,3,2,0,0,0,0,0,0,3,1,2,0,1,0,0,1
Β”~s‰Ν•Σ’¬‚X’–Ϊ,18,0,0,0,1,0,0,0,1,0,0,0,0,0,0,0,0,0,0,14,0,2,9,0,0,0,0,0,0,2,1,3,0,0,0,0,3
Β”~sηƒ–£’¬‚P’–Ϊ,3,0,0,0,0,0,0,0,0,0,0,0,0,0,0,0,0,0,0,3,0,0,3,0,0,0,0,0,0,0,0,0,0,0,0,0,0
Β”~sηƒ–£’¬‚Q’–Ϊ,7,0,0,0,1,0,0,1,0,0,0,0,0,0,0,0,0,0,0,4,0,0,1,1,0,0,0,0,0,0,2,2,0,0,0,0,2
Β”~sηƒ–£’¬‚R’–Ϊ,5,0,0,0,0,0,0,0,0,0,0,0,0,0,0,0,0,0,0,5,0,3,1,0,0,0,0,0,0,0,1,0,0,0,0,0,0
Β”~sηƒ–£’¬‚S’–Ϊ,5,0,0,0,0,0,0,0,0,0,0,0,0,0,0,0,0,0,0,4,0,1,1,0,0,0,0,0,0,1,1,1,0,1,0,0,0
Β”~sηƒ–£’¬‚T’–Ϊ,3,0,0,0,0,0,0,0,0,0,0,0,0,0,0,0,0,0,0,2,0,0,1,0,0,0,0,0,0,0,1,1,1,0,0,0,0
Β”~sηƒ–£’¬‚U’–Ϊ,1,0,0,0,0,0,0,0,0,0,0,0,0,0,0,0,0,0,0,0,0,0,0,0,0,0,0,0,0,0,0,1,0,0,0,0,1
Β”~s–μγ’¬‚P’–Ϊ,4,0,0,0,1,0,0,1,0,0,0,0,0,0,0,0,0,0,0,3,0,0,1,0,0,0,0,0,0,0,2,0,0,0,0,0,0
Β”~s–μγ’¬‚Q’–Ϊ,10,0,0,0,0,0,0,0,0,0,0,0,0,0,0,0,0,0,0,6,0,0,1,0,0,0,0,0,0,4,1,4,0,2,0,0,2
Β”~s–μγ’¬‚R’–Ϊ,31,0,0,0,2,0,1,1,0,0,1,0,0,0,0,1,0,0,0,25,1,1,22,0,0,0,0,0,0,0,1,3,2,1,0,0,0
Β”~s–μγ’¬‚S’–Ϊ,9,0,0,0,0,0,0,0,0,0,2,0,0,0,0,0,0,0,2,5,0,0,4,0,0,0,0,0,0,0,1,2,0,0,0,0,2
Β”~s‘ε–ε‚P’–Ϊ,8,0,0,0,2,0,1,1,0,0,0,0,0,0,0,0,0,0,0,2,0,0,2,0,0,0,0,0,0,0,0,4,3,0,0,0,1
Β”~s‘ε–ε‚Q’–Ϊ,8,1,0,1,0,0,0,0,0,0,0,0,0,0,0,0,0,0,0,3,0,0,1,0,0,0,0,0,0,0,2,4,0,0,0,0,4
Β”~s‘ε–ε‚R’–Ϊ,8,0,0,0,1,0,0,1,0,0,0,0,0,0,0,0,0,0,0,5,0,0,3,0,0,0,0,0,0,2,0,2,0,0,0,0,2
Β”~s‰–‘D,5,0,0,0,0,0,0,0,0,0,3,0,0,0,0,3,0,0,0,1,0,0,1,0,0,0,0,0,0,0,0,1,1,0,0,0,0
Β”~s–Ψ–μ‰Ί‚Q’–Ϊ,2,0,0,0,0,0,0,0,0,0,0,0,0,0,0,0,0,0,0,1,0,0,0,1,0,0,0,0,0,0,0,1,0,0,0,0,1
Β”~s΅›‚P’–Ϊ,1,0,0,0,0,0,0,0,0,0,0,0,0,0,0,0,0,0,0,1,0,0,1,0,0,0,0,0,0,0,0,0,0,0,0,0,0
Β”~s΅›‚Q’–Ϊ,1,0,0,0,0,0,0,0,0,0,1,0,0,0,0,1,0,0,0,0,0,0,0,0,0,0,0,0,0,0,0,0,0,0,0,0,0
Β”~s΅›‚R’–Ϊ,1,0,0,0,0,0,0,0,0,0,0,0,0,0,0,0,0,0,0,1,0,0,0,1,0,0,0,0,0,0,0,0,0,0,0,0,0
Β”~s΅›‚S’–Ϊ,3,0,0,0,0,0,0,0,0,0,0,0,0,0,0,0,0,0,0,3,1,0,2,0,0,0,0,0,0,0,0,0,0,0,0,0,0
Β”~s΅›‚T’–Ϊ,10,0,0,0,1,0,1,0,0,0,0,0,0,0,0,0,0,0,0,7,0,1,2,0,0,0,0,0,0,3,1,2,1,0,0,0,1
Β”~sV’¬‚P’–Ϊ,24,0,0,0,0,0,0,0,0,0,0,0,0,0,0,0,0,0,0,22,0,0,12,2,0,4,0,0,0,1,3,2,2,0,0,0,0
Β”~sV’¬‚Q’–Ϊ,11,1,0,1,2,0,1,1,0,0,0,0,0,0,0,0,0,0,0,6,0,0,3,1,0,0,0,0,0,1,1,2,0,0,0,0,2
Β”~sV’¬‚R’–Ϊ,69,1,0,1,5,0,4,1,0,0,1,0,0,1,0,0,0,0,0,59,0,1,47,4,0,0,0,0,0,1,6,3,1,0,0,0,2
Β”~sV’¬‚S’–Ϊ,7,0,0,0,0,0,0,0,0,0,1,0,0,0,1,0,0,0,0,5,0,0,3,0,0,0,0,0,0,1,1,1,0,1,0,0,0
Β”~sV’¬‚T’–Ϊ,18,0,0,0,2,0,1,1,0,0,0,0,0,0,0,0,0,0,0,9,0,0,5,2,0,0,0,0,0,1,1,7,3,0,0,0,4
Β”~sV’¬‚U’–Ϊ,39,0,0,0,0,0,0,0,0,0,0,0,0,0,0,0,0,0,0,37,0,0,0,0,0,0,0,0,0,33,4,2,0,1,0,0,1
Β”~sV’¬‚V’–Ϊ,7,0,0,0,2,0,1,0,1,0,0,0,0,0,0,0,0,0,0,5,0,0,2,0,0,0,0,0,1,1,1,0,0,0,0,0,0
Β”~sV’¬‚W’–Ϊ,6,0,0,0,0,0,0,0,0,0,0,0,0,0,0,0,0,0,0,5,0,0,2,0,0,0,0,0,1,1,1,1,1,0,0,0,0
Β”~sV’¬‚X’–Ϊ,9,0,0,0,0,0,0,0,0,0,0,0,0,0,0,0,0,0,0,4,0,0,4,0,0,0,0,0,0,0,0,5,1,0,0,0,4
Β”~s––L’¬‚P’–Ϊ,1,0,0,0,0,0,0,0,0,0,0,0,0,0,0,0,0,0,0,1,0,0,1,0,0,0,0,0,0,0,0,0,0,0,0,0,0
Β”~s––L’¬‚Q’–Ϊ,2,0,0,0,0,0,0,0,0,0,0,0,0,0,0,0,0,0,0,2,0,0,2,0,0,0,0,0,0,0,0,0,0,0,0,0,0
Β”~s“΅‹΄‚P’–Ϊ,2,0,0,0,0,0,0,0,0,0,0,0,0,0,0,0,0,0,0,2,0,0,1,1,0,0,0,0,0,0,0,0,0,0,0,0,0
Β”~s“΅‹΄‚Q’–Ϊ,3,0,0,0,2,0,0,0,2,0,0,0,0,0,0,0,0,0,0,0,0,0,0,0,0,0,0,0,0,0,0,1,0,0,0,0,1
Β”~s“΅‹΄‚R’–Ϊ,5,0,0,0,0,0,0,0,0,0,0,0,0,0,0,0,0,0,0,3,0,2,0,0,0,0,0,0,0,0,1,2,0,1,0,0,1
Β”~s΅δ‚P’–Ϊ,4,0,0,0,0,0,0,0,0,0,1,0,0,0,0,0,0,0,1,1,0,0,0,0,0,0,0,0,0,0,1,2,1,0,0,0,1
Β”~s΅δ‚Q’–Ϊ,5,0,0,0,0,0,0,0,0,0,0,0,0,0,0,0,0,0,0,4,0,0,0,1,0,0,0,0,0,0,3,1,0,0,0,0,1
Β”~s΅δ‚R’–Ϊ,10,0,0,0,0,0,0,0,0,0,0,0,0,0,0,0,0,0,0,6,0,0,1,0,1,0,0,0,0,1,3,4,1,1,1,0,1
Β”~s΅δ‚S’–Ϊ,3,0,0,0,0,0,0,0,0,0,0,0,0,0,0,0,0,0,0,1,0,0,1,0,0,0,0,0,0,0,0,2,0,0,0,0,2
Β”~s΅δ‚T’–Ϊ,2,0,0,0,0,0,0,0,0,0,0,0,0,0,0,0,0,0,0,1,0,0,0,0,0,1,0,0,0,0,0,1,0,0,0,0,1
Β”~s”¨’†‚P’–Ϊ,2,0,0,0,0,0,0,0,0,0,0,0,0,0,0,0,0,0,0,0,0,0,0,0,0,0,0,0,0,0,0,2,1,0,0,0,1
Β”~s”¨’†‚Q’–Ϊ,2,0,0,0,0,0,0,0,0,0,0,0,0,0,0,0,0,0,0,0,0,0,0,0,0,0,0,0,0,0,0,2,1,0,0,0,1
Β”~s”¨’†‚R’–Ϊ,1,0,0,0,1,0,1,0,0,0,0,0,0,0,0,0,0,0,0,0,0,0,0,0,0,0,0,0,0,0,0,0,0,0,0,0,0
Β”~sa“c’¬‚Q’–Ϊ,1,0,0,0,0,0,0,0,0,0,0,0,0,0,0,0,0,0,0,1,0,0,0,0,0,0,0,0,0,0,1,0,0,0,0,0,0
Β”~s”~‹½‚P’–Ϊ,2,0,0,0,0,0,0,0,0,0,0,0,0,0,0,0,0,0,0,1,0,1,0,0,0,0,0,0,0,0,0,1,0,0,0,0,1
Β”~s”~‹½‚R’–Ϊ,1,0,0,0,0,0,0,0,0,0,0,0,0,0,0,0,0,0,0,0,0,0,0,0,0,0,0,0,0,0,0,1,1,0,0,0,0
Β”~s”~‹½‚S’–Ϊ,6,1,0,1,0,0,0,0,0,0,0,0,0,0,0,0,0,0,0,3,0,0,2,0,0,0,0,0,0,0,1,2,0,0,0,0,2
Β”~s”~‹½‚T’–Ϊ,1,0,0,0,0,0,0,0,0,0,0,0,0,0,0,0,0,0,0,1,0,0,0,0,0,0,0,0,0,0,1,0,0,0,0,0,0
Β”~s”~‹½‚U’–Ϊ,3,0,0,0,0,0,0,0,0,0,0,0,0,0,0,0,0,0,0,1,0,0,0,0,0,0,0,0,0,0,1,2,0,0,0,0,2
Β”~s—M–Ψ’¬‚P’–Ϊ,1,0,0,0,0,0,0,0,0,0,0,0,0,0,0,0,0,0,0,0,0,0,0,0,0,0,0,0,0,0,0,1,0,0,0,0,1
Β”~s—M–Ψ’¬‚Q’–Ϊ,1,0,0,0,1,0,0,1,0,0,0,0,0,0,0,0,0,0,0,0,0,0,0,0,0,0,0,0,0,0,0,0,0,0,0,0,0
Β”~s“ρ–“”φ‚P’–Ϊ,1,0,0,0,0,0,0,0,0,0,0,0,0,0,0,0,0,0,0,1,0,0,0,0,0,0,0,0,0,0,1,0,0,0,0,0,0
Β”~s“ρ–“”φ‚R’–Ϊ,1,0,0,0,0,0,0,0,0,0,0,0,0,0,0,0,0,0,0,1,0,0,0,0,0,0,0,0,0,1,0,0,0,0,0,0,0
Β”~s“ρ–“”φ‚S’–Ϊ,1,0,0,0,0,0,0,0,0,0,0,0,0,0,0,0,0,0,0,1,0,0,1,0,0,0,0,0,0,0,0,0,0,0,0,0,0
Β”~s‘ςδ‚P’–Ϊ,1,0,0,0,0,0,0,0,0,0,0,0,0,0,0,0,0,0,0,1,0,0,0,0,0,0,0,0,0,0,1,0,0,0,0,0,0
Β”~s‘ςδ‚R’–Ϊ,1,0,0,0,0,0,0,0,0,0,0,0,0,0,0,0,0,0,0,1,0,0,0,0,0,0,0,0,0,0,1,0,0,0,0,0,0
Β”~sδx–{’¬,1,0,0,0,0,0,0,0,0,0,0,0,0,0,0,0,0,0,0,1,0,0,1,0,0,0,0,0,0,0,0,0,0,0,0,0,0
Β”~sδx‚P’–Ϊ,1,0,0,0,0,0,0,0,0,0,0,0,0,0,0,0,0,0,0,1,0,0,0,0,0,0,0,0,0,0,1,0,0,0,0,0,0
Β”~s•x‰ª‚P’–Ϊ,1,0,0,0,0,0,0,0,0,0,0,0,0,0,0,0,0,0,0,0,0,0,0,0,0,0,0,0,0,0,0,1,1,0,0,0,0
Β”~s•x‰ª‚R’–Ϊ,1,0,0,0,0,0,0,0,0,0,0,0,0,0,0,0,0,0,0,1,0,0,0,0,0,0,0,0,0,0,1,0,0,0,0,0,0
Β”~s¬‘\–Ψ‚P’–Ϊ,2,1,1,0,0,0,0,0,0,0,0,0,0,0,0,0,0,0,0,1,0,0,0,0,0,0,0,0,0,0,1,0,0,0,0,0,0
Β”~s¬‘\–Ψ‚R’–Ϊ,49,0,0,0,0,0,0,0,0,0,48,0,0,0,0,0,0,0,48,0,0,0,0,0,0,0,0,0,0,0,0,1,1,0,0,0,0
Β”~s•‘ς‚R’–Ϊ,1,0,0,0,0,0,0,0,0,0,1,0,0,0,0,1,0,0,0,0,0,0,0,0,0,0,0,0,0,0,0,0,0,0,0,0,0
Β”~s¬–Ψ‚Q’–Ϊ,1,0,0,0,0,0,0,0,0,0,0,0,0,0,0,0,0,0,0,0,0,0,0,0,0,0,0,0,0,0,0,1,0,0,0,0,1
Β”~s¬–Ψ‚T’–Ϊ,2,0,0,0,0,0,0,0,0,0,0,0,0,0,0,0,0,0,0,0,0,0,0,0,0,0,0,0,0,0,0,2,1,0,0,0,1
Β”~s¬–Ψ‚V’–Ϊ,1,0,0,0,0,0,0,0,0,0,1,0,0,0,0,1,0,0,0,0,0,0,0,0,0,0,0,0,0,0,0,0,0,0,0,0,0
Β”~s¬–Ψ‚W’–Ϊ,1,0,0,0,0,0,0,0,0,0,1,0,0,0,0,1,0,0,0,0,0,0,0,0,0,0,0,0,0,0,0,0,0,0,0,0,0
Β”~sZ]’¬,2,0,0,0,0,0,0,0,0,0,0,0,0,0,0,0,0,0,0,1,0,0,0,0,0,0,0,0,0,0,1,1,1,0,0,0,0
Β”~s–{’¬,17,0,0,0,1,0,0,1,0,0,0,0,0,0,0,0,0,0,0,13,0,1,1,0,0,0,0,0,0,10,1,3,0,0,0,0,3
Β”~s’‡’¬,2,0,0,0,0,0,0,0,0,0,0,0,0,0,0,0,0,0,0,2,0,1,0,0,0,0,0,0,0,0,1,0,0,0,0,0,0
Β”~sγ’¬,1,0,0,0,0,0,0,0,0,0,0,0,0,0,0,0,0,0,0,1,0,0,0,0,0,0,0,0,0,0,1,0,0,0,0,0,0
Β”~sX‰Ί’¬,2,0,0,0,0,0,0,0,0,0,0,0,0,0,0,0,0,0,0,0,0,0,0,0,0,0,0,0,0,0,0,2,0,0,0,0,2
Β”~s— h’¬,3,0,0,0,0,0,0,0,0,0,0,0,0,0,0,0,0,0,0,2,0,0,2,0,0,0,0,0,0,0,0,1,0,0,0,0,1
Β”~s“Vƒ–£’¬,2,0,0,0,0,0,0,0,0,0,0,0,0,0,0,0,0,0,0,0,0,0,0,0,0,0,0,0,0,0,0,2,1,0,0,0,1
Β”~s‘κƒmγ’¬,3,0,0,0,0,0,0,0,0,0,0,0,0,0,0,0,0,0,0,3,0,1,0,1,0,0,0,0,0,0,1,0,0,0,0,0,0
Β”~sv,771,6,1,5,38,0,18,15,5,0,68,0,0,1,3,9,0,0,55,497,2,31,258,19,1,5,0,0,3,89,89,162,50,16,2,0,94
•{’†s‘½–’¬‚P’–Ϊ,2,0,0,0,0,0,0,0,0,0,0,0,0,0,0,0,0,0,0,1,0,0,0,0,0,0,0,0,0,0,1,1,1,0,0,0,0
•{’†s‘½–’¬‚Q’–Ϊ,5,0,0,0,0,0,0,0,0,0,0,0,0,0,0,0,0,0,0,2,0,0,1,1,0,0,0,0,0,0,0,3,1,0,0,0,2
•{’†s‘½–’¬‚R’–Ϊ,3,0,0,0,0,0,0,0,0,0,0,0,0,0,0,0,0,0,0,0,0,0,0,0,0,0,0,0,0,0,0,3,0,0,2,0,1
•{’†s‘½–’¬‚S’–Ϊ,1,0,0,0,0,0,0,0,0,0,0,0,0,0,0,0,0,0,0,1,0,0,0,0,0,0,0,0,0,0,1,0,0,0,0,0,0
•{’†s’©“ϊ’¬‚P’–Ϊ,1,0,0,0,0,0,0,0,0,0,1,0,0,0,0,0,0,0,1,0,0,0,0,0,0,0,0,0,0,0,0,0,0,0,0,0,0
•{’†s’©“ϊ’¬‚Q’–Ϊ,6,0,0,0,0,0,0,0,0,0,1,0,0,0,1,0,0,0,0,4,0,0,4,0,0,0,0,0,0,0,0,1,0,0,0,0,1
•{’†s’©“ϊ’¬‚R’–Ϊ,16,0,0,0,1,0,0,1,0,0,0,0,0,0,0,0,0,0,0,12,0,0,12,0,0,0,0,0,0,0,0,3,0,2,0,0,1
•{’†sg—t‹u‚P’–Ϊ,11,0,0,0,0,0,0,0,0,0,0,0,0,0,0,0,0,0,0,8,0,0,3,2,0,0,0,0,0,2,1,3,2,0,0,0,1
•{’†sg—t‹u‚Q’–Ϊ,5,1,0,1,1,0,1,0,0,0,0,0,0,0,0,0,0,0,0,1,0,0,1,0,0,0,0,0,0,0,0,2,0,0,0,0,2
•{’†sg—t‹u‚R’–Ϊ,9,0,0,0,1,0,0,1,0,0,2,0,0,0,1,0,0,0,1,5,0,0,3,0,0,0,0,0,0,0,2,1,0,0,0,0,1
•{’†s”’…‘δ‚P’–Ϊ,11,0,0,0,0,0,0,0,0,0,1,0,0,0,0,1,0,0,0,8,0,0,6,0,0,0,0,0,0,1,1,2,0,1,0,0,1
•{’†s”’…‘δ‚Q’–Ϊ,8,0,0,0,0,0,0,0,0,0,1,0,0,0,0,1,0,0,0,6,0,0,3,0,0,2,0,0,0,0,1,1,0,0,0,0,1
•{’†s”’…‘δ‚R’–Ϊ,13,0,0,0,2,0,0,1,0,1,0,0,0,0,0,0,0,0,0,9,0,0,5,0,0,0,0,0,0,4,0,2,1,1,0,0,0
•{’†s”’…‘δ‚S’–Ϊ,26,1,0,1,0,0,0,0,0,0,0,0,0,0,0,0,0,0,0,18,1,1,11,0,0,0,0,0,0,1,4,7,3,0,0,0,4
•{’†s”’…‘δ‚T’–Ϊ,9,0,0,0,0,0,0,0,0,0,0,0,0,0,0,0,0,0,0,7,0,0,3,0,0,1,0,0,0,0,3,2,0,0,0,0,2
•{’†s”’…‘δ‚U’–Ϊ,12,0,0,0,0,0,0,0,0,0,0,0,0,0,0,0,0,0,0,10,0,1,9,0,0,0,0,0,0,0,0,2,1,0,0,0,1
•{’†s‰—§’¬‚P’–Ϊ,3,0,0,0,0,0,0,0,0,0,0,0,0,0,0,0,0,0,0,3,0,0,2,0,0,0,0,0,0,1,0,0,0,0,0,0,0
•{’†s‰—§’¬‚Q’–Ϊ,3,0,0,0,1,0,0,0,1,0,0,0,0,0,0,0,0,0,0,1,0,0,1,0,0,0,0,0,0,0,0,1,0,0,0,0,1
•{’†s‰—§’¬‚R’–Ϊ,2,0,0,0,0,0,0,0,0,0,1,0,0,0,0,0,0,0,1,0,0,0,0,0,0,0,0,0,0,0,0,1,1,0,0,0,0
•{’†s‰—§’¬‚S’–Ϊ,5,0,0,0,0,0,0,0,0,0,0,0,0,0,0,0,0,0,0,4,0,0,3,1,0,0,0,0,0,0,0,1,1,0,0,0,0
•{’†s‰—§’¬‚T’–Ϊ,6,0,0,0,1,0,1,0,0,0,1,0,0,0,0,1,0,0,0,3,0,1,1,0,0,1,0,0,0,0,0,1,1,0,0,0,0
•{’†s¬–φ’¬‚P’–Ϊ,5,0,0,0,0,0,0,0,0,0,0,0,0,0,0,0,0,0,0,3,0,1,2,0,0,0,0,0,0,0,0,2,0,0,0,0,2
•{’†s¬–φ’¬‚Q’–Ϊ,9,2,0,2,1,0,0,1,0,0,0,0,0,0,0,0,0,0,0,3,0,0,3,0,0,0,0,0,0,0,0,3,1,0,0,0,2
•{’†s¬–φ’¬‚T’–Ϊ,5,0,0,0,0,0,0,0,0,0,1,0,0,0,0,1,0,0,0,1,0,0,0,1,0,0,0,0,0,0,0,3,0,0,0,0,3
•{’†s¬–φ’¬‚U’–Ϊ,1,0,0,0,0,0,0,0,0,0,0,0,0,0,0,0,0,0,0,0,0,0,0,0,0,0,0,0,0,0,0,1,0,1,0,0,0
•{’†sαΌ’¬‚P’–Ϊ,13,0,0,0,1,0,1,0,0,0,0,0,0,0,0,0,0,0,0,8,1,0,5,0,0,1,0,0,0,1,0,4,2,0,0,0,2
•{’†sαΌ’¬‚Q’–Ϊ,28,0,0,0,2,0,2,0,0,0,0,0,0,0,0,0,0,0,0,22,0,0,16,1,0,0,0,0,0,4,1,4,1,0,0,0,3
•{’†sαΌ’¬‚R’–Ϊ,3,0,0,0,0,0,0,0,0,0,0,0,0,0,0,0,0,0,0,3,0,0,2,0,0,0,0,0,0,0,1,0,0,0,0,0,0
•{’†sαΌ’¬‚S’–Ϊ,9,0,0,0,2,0,2,0,0,0,0,0,0,0,0,0,0,0,0,2,0,0,1,0,0,0,0,0,0,0,1,5,2,0,1,0,2
•{’†sαΌ’¬‚T’–Ϊ,2,0,0,0,2,0,1,1,0,0,0,0,0,0,0,0,0,0,0,0,0,0,0,0,0,0,0,0,0,0,0,0,0,0,0,0,0
•{’†sσΤ’¬‚P’–Ϊ,6,0,0,0,1,0,0,1,0,0,0,0,0,0,0,0,0,0,0,2,0,0,1,0,0,0,0,0,0,0,1,3,0,0,0,0,3
•{’†sσΤ’¬‚Q’–Ϊ,3,0,0,0,0,0,0,0,0,0,0,0,0,0,0,0,0,0,0,1,0,0,0,0,0,0,0,0,0,0,1,2,0,0,0,0,2
•{’†sσΤ’¬‚R’–Ϊ,3,1,1,0,0,0,0,0,0,0,0,0,0,0,0,0,0,0,0,2,0,0,1,0,0,0,0,0,0,0,1,0,0,0,0,0,0
•{’†sσΤ’¬‚S’–Ϊ,8,0,0,0,0,0,0,0,0,0,1,0,0,0,0,1,0,0,0,3,0,0,1,0,0,1,0,0,0,0,1,4,4,0,0,0,0
•{’†s“V_’¬‚P’–Ϊ,5,0,0,0,0,0,0,0,0,0,0,0,0,0,0,0,0,0,0,3,0,0,3,0,0,0,0,0,0,0,0,2,1,0,0,0,1
•{’†s“V_’¬‚Q’–Ϊ,6,0,0,0,2,0,1,0,0,1,0,0,0,0,0,0,0,0,0,3,0,0,1,0,0,0,0,0,0,0,2,1,0,0,0,0,1
•{’†s“V_’¬‚R’–Ϊ,5,0,0,0,0,0,0,0,0,0,0,0,0,0,0,0,0,0,0,4,0,0,1,0,0,0,0,0,0,3,0,1,0,0,0,0,1
•{’†s“V_’¬‚S’–Ϊ,2,0,0,0,0,0,0,0,0,0,0,0,0,0,0,0,0,0,0,2,0,0,0,0,0,0,0,0,0,0,2,0,0,0,0,0,0
•{’†sV’¬‚P’–Ϊ,10,0,0,0,0,0,0,0,0,0,0,0,0,0,0,0,0,0,0,8,0,0,0,0,0,0,0,0,0,3,5,2,1,0,0,0,1
•{’†sV’¬‚Q’–Ϊ,8,0,0,0,1,0,0,1,0,0,1,0,0,0,0,0,0,0,1,4,0,0,2,0,0,0,0,0,0,0,2,2,0,0,0,0,2
•{’†sV’¬‚R’–Ϊ,6,0,0,0,0,0,0,0,0,0,0,0,0,0,0,0,0,0,0,5,0,0,3,0,0,0,0,0,0,0,2,1,0,0,0,0,1
•{’†sK’¬‚P’–Ϊ,2,0,0,0,1,0,0,1,0,0,0,0,0,0,0,0,0,0,0,0,0,0,0,0,0,0,0,0,0,0,0,1,0,0,0,0,1
•{’†sK’¬‚Q’–Ϊ,4,0,0,0,1,0,1,0,0,0,0,0,0,0,0,0,0,0,0,1,0,0,1,0,0,0,0,0,0,0,0,2,0,0,0,0,2
•{’†sK’¬‚R’–Ϊ,6,0,0,0,0,0,0,0,0,0,0,0,0,0,0,0,0,0,0,6,0,0,2,0,0,0,0,0,0,4,0,0,0,0,0,0,0
•{’†s‹{’¬‚P’–Ϊ,66,0,0,0,4,0,3,1,0,0,1,0,0,0,0,0,0,0,1,45,0,2,13,1,0,0,0,0,1,19,9,16,0,4,0,0,12
•{’†s‹{’¬‚Q’–Ϊ,7,0,0,0,0,0,0,0,0,0,1,0,0,0,1,0,0,0,0,5,0,0,1,0,0,0,0,0,0,1,3,1,0,0,0,0,1
•{’†s‹{’¬‚R’–Ϊ,6,0,0,0,1,0,0,0,1,0,0,0,0,0,0,0,0,0,0,3,0,0,1,0,0,0,0,0,1,0,1,2,0,0,0,0,2
•{’†s”ª”¦’¬‚P’–Ϊ,5,0,0,0,2,0,2,0,0,0,0,0,0,0,0,0,0,0,0,3,0,0,3,0,0,0,0,0,0,0,0,0,0,0,0,0,0
•{’†s”ª”¦’¬‚Q’–Ϊ,8,0,0,0,0,0,0,0,0,0,0,0,0,0,0,0,0,0,0,8,0,0,8,0,0,0,0,0,0,0,0,0,0,0,0,0,0
•{’†s”ª”¦’¬‚R’–Ϊ,7,0,0,0,2,0,1,1,0,0,0,0,0,0,0,0,0,0,0,2,0,0,1,0,0,0,0,0,0,0,1,3,1,0,0,0,2
•{’†s΄…‚ª‹u‚P’–Ϊ,15,0,0,0,2,0,1,0,1,0,1,0,0,0,0,1,0,0,0,7,0,0,5,0,0,0,0,0,0,2,0,5,1,0,0,0,4
•{’†s΄…‚ª‹u‚Q’–Ϊ,8,0,0,0,1,0,0,1,0,0,0,0,0,0,0,0,0,0,0,5,0,0,4,1,0,0,0,0,0,0,0,2,1,0,0,0,1
•{’†s΄…‚ª‹u‚R’–Ϊ,18,1,0,1,1,0,0,1,0,0,0,0,0,0,0,0,0,0,0,12,0,1,5,0,0,0,0,0,0,1,5,4,2,0,0,0,2
•{’†s“ϊ‹g’¬,4,0,0,0,1,0,1,0,0,0,0,0,0,0,0,0,0,0,0,3,0,0,0,0,0,0,0,0,3,0,0,0,0,0,0,0,0
•{’†s¥­‚P’–Ϊ,6,0,0,0,1,0,0,1,0,0,0,0,0,0,0,0,0,0,0,1,0,0,1,0,0,0,0,0,0,0,0,4,2,0,0,0,2
•{’†s¥­‚Q’–Ϊ,10,0,0,0,0,0,0,0,0,0,0,0,0,0,0,0,0,0,0,6,0,0,2,0,0,0,0,0,0,1,3,4,2,0,0,0,2
•{’†s¥­‚R’–Ϊ,6,0,0,0,0,0,0,0,0,0,0,0,0,0,0,0,0,0,0,4,0,0,3,0,0,0,0,0,0,0,1,2,2,0,0,0,0
•{’†s¥­‚S’–Ϊ,14,0,0,0,0,0,0,0,0,0,1,0,0,0,0,0,0,0,1,9,0,0,5,0,0,0,0,0,0,0,4,4,1,1,0,0,2
•{’†s¥­‚T’–Ϊ,11,0,0,0,0,0,0,0,0,0,0,0,0,0,0,0,0,0,0,9,0,0,8,0,0,0,0,0,0,0,1,2,0,0,0,0,2
•{’†s¥­‚U’–Ϊ,4,0,0,0,1,0,1,0,0,0,0,0,0,0,0,0,0,0,0,2,0,0,2,0,0,0,0,0,0,0,0,1,0,0,0,0,1
•{’†s–ξθ’¬‚P’–Ϊ,5,0,0,0,0,0,0,0,0,0,0,0,0,0,0,0,0,0,0,2,0,0,1,0,0,0,0,0,0,0,1,3,1,0,0,0,2
•{’†s–ξθ’¬‚R’–Ϊ,1,0,0,0,0,0,0,0,0,0,0,0,0,0,0,0,0,0,0,1,0,0,0,0,0,0,0,0,0,0,1,0,0,0,0,0,0
•{’†s–ξθ’¬‚S’–Ϊ,5,0,0,0,1,0,1,0,0,0,0,0,0,0,0,0,0,0,0,4,0,0,1,0,0,0,0,0,0,2,1,0,0,0,0,0,0
•{’†s–ξθ’¬‚T’–Ϊ,6,0,0,0,0,0,0,0,0,0,0,0,0,0,0,0,0,0,0,3,0,0,2,1,0,0,0,0,0,0,0,3,1,1,0,0,1
•{’†s“μ’¬‚P’–Ϊ,4,0,0,0,0,0,0,0,0,0,0,0,0,0,0,0,0,0,0,2,0,1,1,0,0,0,0,0,0,0,0,2,2,0,0,0,0
•{’†s“μ’¬‚Q’–Ϊ,3,0,0,0,0,0,0,0,0,0,0,0,0,0,0,0,0,0,0,1,0,0,1,0,0,0,0,0,0,0,0,2,1,0,0,0,1
•{’†s“μ’¬‚R’–Ϊ,1,0,0,0,0,0,0,0,0,0,0,0,0,0,0,0,0,0,0,0,0,0,0,0,0,0,0,0,0,0,0,1,1,0,0,0,0
•{’†s“μ’¬‚S’–Ϊ,10,0,0,0,0,0,0,0,0,0,0,0,0,0,0,0,0,0,0,9,1,0,4,0,0,2,0,0,0,0,2,1,0,0,0,0,1
•{’†s“μ’¬‚T’–Ϊ,3,0,0,0,1,0,1,0,0,0,0,0,0,0,0,0,0,0,0,1,1,0,0,0,0,0,0,0,0,0,0,1,0,0,0,0,1
•{’†s“μ’¬‚U’–Ϊ,3,0,0,0,0,0,0,0,0,0,1,1,0,0,0,0,0,0,0,1,0,1,0,0,0,0,0,0,0,0,0,1,0,0,0,0,1
•{’†s–{’¬‚P’–Ϊ,26,0,0,0,4,0,2,2,0,0,0,0,0,0,0,0,0,0,0,16,0,1,8,0,0,0,0,0,1,1,5,6,2,0,0,0,4
•{’†s–{’¬‚Q’–Ϊ,10,0,0,0,0,0,0,0,0,0,1,0,0,0,0,0,0,0,1,7,0,0,3,1,0,0,0,0,0,0,3,2,0,1,0,0,1
•{’†s–{’¬‚R’–Ϊ,3,0,0,0,0,0,0,0,0,0,1,0,0,0,0,0,0,0,1,2,0,0,2,0,0,0,0,0,0,0,0,0,0,0,0,0,0
•{’†s–{’¬‚S’–Ϊ,6,0,0,0,0,0,0,0,0,0,0,0,0,0,0,0,0,0,0,3,0,0,2,0,0,0,0,0,0,0,1,3,0,0,0,0,3
•{’†s•Π’¬‚P’–Ϊ,3,0,0,0,0,0,0,0,0,0,0,0,0,0,0,0,0,0,0,2,0,0,1,0,0,0,0,0,0,0,1,1,0,0,0,0,1
•{’†s•Π’¬‚Q’–Ϊ,19,0,0,0,4,0,3,1,0,0,0,0,0,0,0,0,0,0,0,10,0,1,6,0,0,0,0,0,0,0,3,5,0,0,0,0,5
•{’†s•Π’¬‚R’–Ϊ,11,0,0,0,1,0,1,0,0,0,0,0,0,0,0,0,0,0,0,9,0,0,5,0,0,1,0,0,0,2,1,1,0,1,0,0,0
•{’†s‹{Ό’¬‚P’–Ϊ,31,1,0,1,6,0,4,2,0,0,0,0,0,0,0,0,0,0,0,17,0,0,10,1,0,0,0,0,0,0,6,7,3,2,0,0,2
•{’†s‹{Ό’¬‚Q’–Ϊ,8,0,0,0,1,0,1,0,0,0,1,0,0,0,1,0,0,0,0,4,0,0,1,0,0,0,0,0,1,0,2,2,0,0,1,0,1
•{’†s‹{Ό’¬‚R’–Ϊ,5,0,0,0,1,0,1,0,0,0,0,0,0,0,0,0,0,0,0,4,0,0,3,0,0,0,0,0,0,0,1,0,0,0,0,0,0
•{’†sυ’¬‚P’–Ϊ,12,0,0,0,2,0,1,0,1,0,0,0,0,0,0,0,0,0,0,8,0,0,4,0,0,0,0,0,0,3,1,2,0,0,1,0,1
•{’†sυ’¬‚Q’–Ϊ,6,0,0,0,1,0,1,0,0,0,1,0,0,0,1,0,0,0,0,3,0,0,2,0,0,0,0,0,0,1,0,1,1,0,0,0,0
•{’†sυ’¬‚R’–Ϊ,3,0,0,0,1,0,1,0,0,0,0,0,0,0,0,0,0,0,0,1,1,0,0,0,0,0,0,0,0,0,0,1,1,0,0,0,0
•{’†s“ϊ|’¬,9,0,0,0,0,0,0,0,0,0,0,0,0,0,0,0,0,0,0,7,0,0,3,0,0,0,0,0,0,1,3,2,0,1,0,0,1
•{’†s°©’¬‚P’–Ϊ,13,1,0,1,2,0,2,0,0,0,0,0,0,0,0,0,0,0,0,3,0,0,2,0,0,1,0,0,0,0,0,7,3,0,0,0,4
•{’†s°©’¬‚Q’–Ϊ,11,0,0,0,2,0,2,0,0,0,0,0,0,0,0,0,0,0,0,7,0,1,3,1,0,0,0,0,0,1,1,2,0,1,0,0,1
•{’†s°©’¬‚R’–Ϊ,5,0,0,0,0,0,0,0,0,0,0,0,0,0,0,0,0,0,0,2,0,0,2,0,0,0,0,0,0,0,0,3,2,0,0,0,1
•{’†s‰h’¬‚P’–Ϊ,4,0,0,0,0,0,0,0,0,0,0,0,0,0,0,0,0,0,0,3,0,0,0,0,0,1,0,0,0,0,2,1,0,0,0,0,1
•{’†s‰h’¬‚Q’–Ϊ,5,0,0,0,0,0,0,0,0,0,0,0,0,0,0,0,0,0,0,2,0,0,1,0,0,0,0,0,0,0,1,3,2,0,0,0,1
•{’†s‰h’¬‚R’–Ϊ,14,0,0,0,0,0,0,0,0,0,2,0,0,0,0,0,0,0,2,11,0,0,1,0,0,1,0,0,0,7,2,1,1,0,0,0,0
•{’†s•‘ ‘δ‚P’–Ϊ,8,0,0,0,0,0,0,0,0,0,0,0,0,0,0,0,0,0,0,6,0,0,2,0,0,1,0,0,0,0,3,2,1,0,0,0,1
•{’†s•‘ ‘δ‚Q’–Ϊ,11,0,0,0,0,0,0,0,0,0,0,0,0,0,0,0,0,0,0,8,0,0,6,0,0,0,0,0,0,0,2,3,1,0,0,0,2
•{’†s•‘ ‘δ‚R’–Ϊ,5,0,0,0,0,0,0,0,0,0,0,0,0,0,0,0,0,0,0,2,0,0,2,0,0,0,0,0,0,0,0,3,1,0,0,0,2
•{’†s–kR’¬‚Q’–Ϊ,3,0,0,0,1,0,0,1,0,0,0,0,0,0,0,0,0,0,0,2,0,0,1,0,0,0,0,0,0,0,1,0,0,0,0,0,0
•{’†s–kR’¬‚R’–Ϊ,2,0,0,0,1,0,0,1,0,0,0,0,0,0,0,0,0,0,0,0,0,0,0,0,0,0,0,0,0,0,0,1,1,0,0,0,0
•{’†s–kR’¬‚S’–Ϊ,2,0,0,0,0,0,0,0,0,0,0,0,0,0,0,0,0,0,0,2,0,0,2,0,0,0,0,0,0,0,0,0,0,0,0,0,0
•{’†sΌ΄’¬‚P’–Ϊ,11,0,0,0,0,0,0,0,0,0,0,0,0,0,0,0,0,0,0,11,0,0,3,3,0,0,0,0,0,3,2,0,0,0,0,0,0
•{’†sΌ΄’¬‚Q’–Ϊ,7,0,0,0,0,0,0,0,0,0,0,0,0,0,0,0,0,0,0,5,0,0,2,0,0,0,0,0,0,3,0,2,1,1,0,0,0
•{’†sΌ΄’¬‚S’–Ϊ,2,0,0,0,1,0,1,0,0,0,0,0,0,0,0,0,0,0,0,1,0,1,0,0,0,0,0,0,0,0,0,0,0,0,0,0,0
•{’†s“Ε’¬,4,0,0,0,0,0,0,0,0,0,0,0,0,0,0,0,0,0,0,2,0,0,2,0,0,0,0,0,0,0,0,2,2,0,0,0,0
•{’†s”όD’¬‚P’–Ϊ,5,0,0,0,2,0,2,0,0,0,0,0,0,0,0,0,0,0,0,2,0,0,1,0,0,0,0,0,0,0,1,1,1,0,0,0,0
•{’†s”όD’¬‚Q’–Ϊ,3,0,0,0,1,0,0,1,0,0,0,0,0,0,0,0,0,0,0,2,0,0,0,0,0,0,0,0,0,0,2,0,0,0,0,0,0
•{’†s”όD’¬‚R’–Ϊ,14,0,0,0,1,0,1,0,0,0,0,0,0,0,0,0,0,0,0,12,0,0,9,0,0,0,0,0,0,0,3,1,0,0,0,0,1
•{’†s•ª”~’¬‚P’–Ϊ,2,0,0,0,0,0,0,0,0,0,0,0,0,0,0,0,0,0,0,0,0,0,0,0,0,0,0,0,0,0,0,2,1,0,0,0,1
•{’†s•ª”~’¬‚Q’–Ϊ,6,0,0,0,0,0,0,0,0,0,0,0,0,0,0,0,0,0,0,3,0,0,2,0,0,0,0,0,0,0,1,3,2,0,0,0,1
•{’†s•ª”~’¬‚R’–Ϊ,2,0,0,0,0,0,0,0,0,0,0,0,0,0,0,0,0,0,0,2,0,0,2,0,0,0,0,0,0,0,0,0,0,0,0,0,0
•{’†s•ª”~’¬‚S’–Ϊ,1,0,0,0,0,0,0,0,0,0,1,0,0,1,0,0,0,0,0,0,0,0,0,0,0,0,0,0,0,0,0,0,0,0,0,0,0
•{’†s•ª”~’¬‚T’–Ϊ,1,0,0,0,0,0,0,0,0,0,0,0,0,0,0,0,0,0,0,1,0,0,1,0,0,0,0,0,0,0,0,0,0,0,0,0,0
•{’†sZ‹g’¬‚P’–Ϊ,13,0,0,0,0,0,0,0,0,0,0,0,0,0,0,0,0,0,0,11,1,0,5,1,0,0,0,0,0,4,0,2,1,0,0,0,1
•{’†sZ‹g’¬‚Q’–Ϊ,9,0,0,0,1,0,0,1,0,0,0,0,0,0,0,0,0,0,0,6,0,0,5,0,0,0,0,0,0,0,1,2,0,1,0,0,1
•{’†sZ‹g’¬‚R’–Ϊ,3,0,0,0,0,0,0,0,0,0,0,0,0,0,0,0,0,0,0,3,0,0,2,0,0,0,0,0,0,0,1,0,0,0,0,0,0
•{’†sZ‹g’¬‚S’–Ϊ,11,0,0,0,1,0,1,0,0,0,0,0,0,0,0,0,0,0,0,9,0,3,5,0,0,0,0,0,0,0,1,1,1,0,0,0,0
•{’†sZ‹g’¬‚T’–Ϊ,5,0,0,0,0,0,0,0,0,0,0,0,0,0,0,0,0,0,0,4,0,0,3,0,0,0,0,0,0,0,1,1,1,0,0,0,0
•{’†sl’J‚P’–Ϊ,8,1,0,1,0,0,0,0,0,0,0,0,0,0,0,0,0,0,0,2,0,0,2,0,0,0,0,0,0,0,0,5,1,0,0,0,4
•{’†sl’J‚Q’–Ϊ,5,0,0,0,0,0,0,0,0,0,0,0,0,0,0,0,0,0,0,3,0,0,1,0,0,0,0,0,0,0,2,2,1,0,0,0,1
•{’†sl’J‚R’–Ϊ,9,0,0,0,1,0,0,0,1,0,0,0,0,0,0,0,0,0,0,5,1,0,4,0,0,0,0,0,0,0,0,3,2,0,0,0,1
•{’†sl’J‚S’–Ϊ,1,0,0,0,0,0,0,0,0,0,0,0,0,0,0,0,0,0,0,1,0,0,1,0,0,0,0,0,0,0,0,0,0,0,0,0,0
•{’†sl’J‚T’–Ϊ,18,0,0,0,1,0,1,0,0,0,0,0,0,0,0,0,0,0,0,12,0,0,2,1,0,0,0,0,0,7,2,5,3,0,0,0,2
•{’†sl’J‚U’–Ϊ,4,0,0,0,0,0,0,0,0,0,1,0,0,0,0,1,0,0,0,3,0,1,2,0,0,0,0,0,0,0,0,0,0,0,0,0,0
•{’†s“ϊV’¬‚P’–Ϊ,2,0,0,0,0,0,0,0,0,0,0,0,0,0,0,0,0,0,0,1,0,0,1,0,0,0,0,0,0,0,0,1,0,0,0,0,1
•{’†s“ϊV’¬‚Q’–Ϊ,3,0,0,0,0,0,0,0,0,0,0,0,0,0,0,0,0,0,0,2,0,0,1,0,0,0,0,0,0,1,0,1,1,0,0,0,0
•{’†s“ϊV’¬‚R’–Ϊ,7,0,0,0,0,0,0,0,0,0,0,0,0,0,0,0,0,0,0,6,0,0,0,0,0,2,0,0,0,4,0,1,1,0,0,0,0
•{’†s“ϊV’¬‚S’–Ϊ,1,0,0,0,0,0,0,0,0,0,0,0,0,0,0,0,0,0,0,0,0,0,0,0,0,0,0,0,0,0,0,1,1,0,0,0,0
•{’†s“ϊV’¬‚T’–Ϊ,2,0,0,0,0,0,0,0,0,0,0,0,0,0,0,0,0,0,0,1,0,0,1,0,0,0,0,0,0,0,0,1,0,0,0,0,1
•{’†s–{h’¬‚P’–Ϊ,5,0,0,0,1,0,1,0,0,0,0,0,0,0,0,0,0,0,0,3,0,0,2,0,0,0,0,0,0,1,0,1,1,0,0,0,0
•{’†s–{h’¬‚Q’–Ϊ,3,0,0,0,0,0,0,0,0,0,0,0,0,0,0,0,0,0,0,3,0,0,2,0,0,0,0,0,0,0,1,0,0,0,0,0,0
•{’†s–{h’¬‚R’–Ϊ,2,0,0,0,0,0,0,0,0,0,0,0,0,0,0,0,0,0,0,2,0,0,2,0,0,0,0,0,0,0,0,0,0,0,0,0,0
•{’†s–{h’¬‚S’–Ϊ,2,0,0,0,0,0,0,0,0,0,0,0,0,0,0,0,0,0,0,2,0,0,1,0,0,0,0,0,0,0,1,0,0,0,0,0,0
•{’†sΌ•{’¬‚P’–Ϊ,5,0,0,0,0,0,0,0,0,0,0,0,0,0,0,0,0,0,0,4,0,0,3,0,0,0,0,0,1,0,0,1,0,1,0,0,0
•{’†sΌ•{’¬‚Q’–Ϊ,4,0,0,0,0,0,0,0,0,0,0,0,0,0,0,0,0,0,0,4,1,0,2,0,0,0,0,0,0,0,1,0,0,0,0,0,0
•{’†sΌ•{’¬‚R’–Ϊ,3,0,0,0,1,0,1,0,0,0,0,0,0,0,0,0,0,0,0,2,0,0,1,0,0,0,0,0,0,0,1,0,0,0,0,0,0
•{’†sΌ•{’¬‚S’–Ϊ,2,0,0,0,0,0,0,0,0,0,0,0,0,0,0,0,0,0,0,2,0,0,0,0,0,2,0,0,0,0,0,0,0,0,0,0,0
•{’†sΌ•{’¬‚T’–Ϊ,1,0,0,0,0,0,0,0,0,0,0,0,0,0,0,0,0,0,0,1,0,0,0,0,0,0,0,0,0,0,1,0,0,0,0,0,0
•{’†s•{’†’¬‚P’–Ϊ,69,0,0,0,8,0,5,3,0,0,2,0,0,0,2,0,0,0,0,51,0,0,23,1,0,0,0,1,0,22,4,8,4,1,0,0,3
•{’†s•{’†’¬‚Q’–Ϊ,21,1,1,0,0,0,0,0,0,0,0,0,0,0,0,0,0,0,0,11,0,0,7,1,0,0,0,0,0,2,1,9,3,1,1,0,4
•{’†s•{’†’¬‚R’–Ϊ,3,0,0,0,1,0,1,0,0,0,0,0,0,0,0,0,0,0,0,1,0,0,1,0,0,0,0,0,0,0,0,1,1,0,0,0,0
•{’†s—Ξ’¬‚P’–Ϊ,8,0,0,0,2,0,1,1,0,0,0,0,0,0,0,0,0,0,0,4,0,0,1,1,0,2,0,0,0,0,0,2,0,0,0,0,2
•{’†s—Ξ’¬‚Q’–Ϊ,13,1,0,1,0,0,0,0,0,0,0,0,0,0,0,0,0,0,0,9,0,0,7,0,0,0,0,0,0,1,1,3,1,0,0,0,2
•{’†s—Ξ’¬‚R’–Ϊ,10,0,0,0,0,0,0,0,0,0,0,0,0,0,0,0,0,0,0,5,0,0,2,1,0,0,0,0,0,1,1,5,1,0,0,0,4
•{’†sv,1087,11,2,9,88,0,55,26,5,2,26,1,0,1,7,7,0,0,10,692,8,17,368,21,0,19,0,1,8,115,135,270,92,22,6,0,150
Ί“‡s“’¬‚P’–Ϊ,6,1,1,0,1,0,0,0,1,0,0,0,0,0,0,0,0,0,0,3,0,0,0,0,0,0,0,0,0,0,3,1,0,1,0,0,0
Ί“‡s“’¬‚Q’–Ϊ,1,0,0,0,0,0,0,0,0,0,0,0,0,0,0,0,0,0,0,0,0,0,0,0,0,0,0,0,0,0,0,1,0,0,0,0,1
Ί“‡s“’¬‚R’–Ϊ,3,0,0,0,0,0,0,0,0,0,0,0,0,0,0,0,0,0,0,2,0,1,0,0,0,0,0,0,0,1,0,1,1,0,0,0,0
Ί“‡s“’¬‚S’–Ϊ,2,0,0,0,0,0,0,0,0,0,0,0,0,0,0,0,0,0,0,1,0,0,0,0,0,0,0,0,0,1,0,1,0,0,0,0,1
Ί“‡s“’¬‚T’–Ϊ,9,1,0,1,0,0,0,0,0,0,0,0,0,0,0,0,0,0,0,8,0,1,2,2,0,0,0,0,0,0,3,0,0,0,0,0,0
Ί“‡s‹½’n’¬‚P’–Ϊ,5,1,0,1,0,0,0,0,0,0,0,0,0,0,0,0,0,0,0,2,0,0,0,0,0,0,0,0,0,0,2,2,1,0,0,0,1
Ί“‡s‹½’n’¬‚Q’–Ϊ,4,0,0,0,0,0,0,0,0,0,1,0,0,0,1,0,0,0,0,2,0,0,0,1,0,0,0,0,0,0,1,1,0,0,0,0,1
Ί“‡s‹½’n’¬‚R’–Ϊ,1,0,0,0,0,0,0,0,0,0,0,0,0,0,0,0,0,0,0,0,0,0,0,0,0,0,0,0,0,0,0,1,0,0,0,0,1
Ί“‡s•“‡’¬,12,0,0,0,2,0,1,1,0,0,0,0,0,0,0,0,0,0,0,8,0,0,8,0,0,0,0,0,0,0,0,2,1,0,0,0,1
Ί“‡s•“‡’¬‚P’–Ϊ,4,0,0,0,0,0,0,0,0,0,0,0,0,0,0,0,0,0,0,4,0,0,2,1,0,0,0,0,0,0,1,0,0,0,0,0,0
Ί“‡s•“‡’¬‚Q’–Ϊ,4,0,0,0,1,0,1,0,0,0,0,0,0,0,0,0,0,0,0,1,0,0,1,0,0,0,0,0,0,0,0,2,1,0,0,0,1
Ί“‡s•“‡’¬‚R’–Ϊ,3,0,0,0,0,0,0,0,0,0,0,0,0,0,0,0,0,0,0,2,0,0,1,0,0,0,0,0,0,0,1,1,0,0,0,0,1
Ί“‡s‹Κμ’¬‚P’–Ϊ,14,0,0,0,2,0,2,0,0,0,0,0,0,0,0,0,0,0,0,12,0,1,10,0,0,0,0,0,0,0,1,0,0,0,0,0,0
Ί“‡s‹Κμ’¬‚Q’–Ϊ,2,0,0,0,0,0,0,0,0,0,0,0,0,0,0,0,0,0,0,2,0,0,1,1,0,0,0,0,0,0,0,0,0,0,0,0,0
Ί“‡s‹Κμ’¬‚R’–Ϊ,3,0,0,0,0,0,0,0,0,0,0,0,0,0,0,0,0,0,0,0,0,0,0,0,0,0,0,0,0,0,0,3,3,0,0,0,0
Ί“‡s‹Κμ’¬‚S’–Ϊ,3,0,0,0,1,0,0,1,0,0,0,0,0,0,0,0,0,0,0,2,0,0,1,0,0,0,0,0,0,0,1,0,0,0,0,0,0
Ί“‡s‹Κμ’¬‚T’–Ϊ,13,0,0,0,0,0,0,0,0,0,1,0,0,0,0,0,1,0,0,12,0,0,0,0,0,0,0,0,0,12,0,0,0,0,0,0,0
Ί“‡s’†_’¬,50,1,1,0,3,0,1,2,0,0,0,0,0,0,0,0,0,0,0,31,0,1,19,1,0,0,0,0,1,6,3,15,5,2,0,0,8
Ί“‡s’©“ϊ’¬‚P’–Ϊ,22,0,0,0,1,0,1,0,0,0,0,0,0,0,0,0,0,0,0,19,0,0,19,0,0,0,0,0,0,0,0,2,1,0,0,0,1
Ί“‡s’©“ϊ’¬‚Q’–Ϊ,3,0,0,0,0,0,0,0,0,0,0,0,0,0,0,0,0,0,0,3,0,0,2,0,0,0,0,0,0,1,0,0,0,0,0,0,0
Ί“‡s’©“ϊ’¬‚R’–Ϊ,7,0,0,0,1,0,0,1,0,0,0,0,0,0,0,0,0,0,0,4,0,0,4,0,0,0,0,0,0,0,0,2,1,0,0,0,1
Ί“‡s’©“ϊ’¬‚S’–Ϊ,9,0,0,0,0,0,0,0,0,0,0,0,0,0,0,0,0,0,0,7,0,1,6,0,0,0,0,0,0,0,0,2,1,0,0,0,1
Ί“‡s’©“ϊ’¬‚T’–Ϊ,4,0,0,0,0,0,0,0,0,0,0,0,0,0,0,0,0,0,0,2,0,0,1,0,0,0,0,0,0,0,1,2,0,0,0,0,2
Ί“‡s‹{‘ς’¬,22,0,0,0,1,0,0,1,0,0,0,0,0,0,0,0,0,0,0,19,0,1,7,1,0,0,0,0,0,9,1,2,0,0,0,0,2
Ί“‡s‹{‘ς’¬‚P’–Ϊ,10,1,0,1,0,0,0,0,0,0,1,0,0,0,0,0,0,1,0,6,0,0,3,1,0,0,0,0,0,0,2,2,1,0,0,0,1
Ί“‡s‹{‘ς’¬‚Q’–Ϊ,7,0,0,0,0,0,0,0,0,0,0,0,0,0,0,0,0,0,0,7,0,0,5,1,0,0,0,0,0,0,1,0,0,0,0,0,0
Ί“‡s‹{‘ς’¬‚R’–Ϊ,3,0,0,0,0,0,0,0,0,0,0,0,0,0,0,0,0,0,0,1,0,0,1,0,0,0,0,0,0,0,0,2,0,1,0,0,1
Ί“‡s‘ε_’¬‚P’–Ϊ,7,0,0,0,1,0,1,0,0,0,0,0,0,0,0,0,0,0,0,4,0,0,2,1,0,0,0,0,0,0,1,2,0,0,0,0,2
Ί“‡s‘ε_’¬‚Q’–Ϊ,2,0,0,0,0,0,0,0,0,0,0,0,0,0,0,0,0,0,0,2,0,1,1,0,0,0,0,0,0,0,0,0,0,0,0,0,0
Ί“‡s‘ε_’¬‚R’–Ϊ,3,0,0,0,0,0,0,0,0,0,0,0,0,0,0,0,0,0,0,2,0,0,2,0,0,0,0,0,0,0,0,1,1,0,0,0,0
Ί“‡s‘ε_’¬‚S’–Ϊ,7,0,0,0,1,0,1,0,0,0,0,0,0,0,0,0,0,0,0,5,0,0,4,0,0,0,0,0,0,0,1,1,0,0,0,0,1
Ί“‡sγμ΄’¬‚P’–Ϊ,3,0,0,0,0,0,0,0,0,0,0,0,0,0,0,0,0,0,0,2,0,0,2,0,0,0,0,0,0,0,0,1,1,0,0,0,0
Ί“‡sγμ΄’¬‚Q’–Ϊ,10,0,0,0,1,0,0,1,0,0,0,0,0,0,0,0,0,0,0,3,0,1,2,0,0,0,0,0,0,0,0,6,2,0,0,0,4
Ί“‡sγμ΄’¬‚R’–Ϊ,2,0,0,0,0,0,0,0,0,0,0,0,0,0,0,0,0,0,0,1,0,0,1,0,0,0,0,0,0,0,0,1,0,0,0,0,1
Ί“‡s“c’†’¬@i‹j,77,0,0,0,0,0,0,0,0,0,0,0,0,0,0,0,0,0,0,76,0,0,50,0,0,0,0,0,0,20,6,1,0,0,0,0,1
Ί“‡sΊa’¬‚P’–Ϊ,8,0,0,0,0,0,0,0,0,0,0,0,0,0,0,0,0,0,0,6,0,0,3,0,1,0,0,0,0,0,2,2,0,0,0,0,2
Ί“‡sΊa’¬‚Q’–Ϊ,23,0,0,0,1,0,1,0,0,0,0,0,0,0,0,0,0,0,0,18,0,1,16,0,0,0,0,0,0,0,1,4,1,1,0,0,2
Ί“‡sΊa’¬‚R’–Ϊ,4,0,0,0,0,0,0,0,0,0,0,0,0,0,0,0,0,0,0,2,0,0,1,0,0,0,0,0,0,0,1,2,2,0,0,0,0
Ί“‡sΊa’¬‚S’–Ϊ,2,0,0,0,0,0,0,0,0,0,0,0,0,0,0,0,0,0,0,1,0,0,0,0,0,0,0,0,0,0,1,1,1,0,0,0,0
Ί“‡sΊa’¬‚T’–Ϊ,19,0,0,0,1,0,1,0,0,0,0,0,0,0,0,0,0,0,0,15,0,0,13,0,0,0,0,0,0,0,2,3,1,1,0,0,1
Ί“‡sΌ΄’¬‚P’–Ϊ,18,0,0,0,0,0,0,0,0,0,0,0,0,0,0,0,0,0,0,16,0,1,13,0,0,0,0,0,0,1,1,2,0,1,0,0,1
Ί“‡sΌ΄’¬‚Q’–Ϊ,7,0,0,0,0,0,0,0,0,0,0,0,0,0,0,0,0,0,0,5,0,1,4,0,0,0,0,0,0,0,0,2,1,0,0,0,1
Ί“‡sΌ΄’¬‚R’–Ϊ,12,0,0,0,0,0,0,0,0,0,0,0,0,0,0,0,0,0,0,11,0,0,1,1,0,1,0,0,0,6,2,1,0,0,0,0,1
Ί“‡sΌ΄’¬‚S’–Ϊ,34,0,0,0,3,0,3,0,0,0,0,0,0,0,0,0,0,0,0,24,0,2,17,1,0,0,0,0,1,1,2,7,0,1,0,0,6
Ί“‡sΌ΄’¬‚T’–Ϊ,16,0,0,0,0,0,0,0,0,0,0,0,0,0,0,0,0,0,0,11,0,0,11,0,0,0,0,0,0,0,0,5,1,0,0,0,4
Ί“‡s”q“‡’¬@i‹j,2,0,0,0,0,0,0,0,0,0,0,0,0,0,0,0,0,0,0,2,0,0,2,0,0,0,0,0,0,0,0,0,0,0,0,0,0
Ί“‡s”q“‡’¬‚P’–Ϊ,13,0,0,0,1,0,1,0,0,0,1,0,0,0,0,0,0,1,0,8,0,3,3,1,0,0,1,0,0,0,0,3,1,1,0,0,1
Ί“‡s”q“‡’¬‚Q’–Ϊ,12,0,0,0,2,0,0,2,0,0,1,0,0,0,0,0,1,0,0,5,0,0,3,2,0,0,0,0,0,0,0,4,0,0,0,0,4
Ί“‡s”q“‡’¬‚R’–Ϊ,46,0,0,0,1,0,1,0,0,0,0,0,0,0,0,0,0,0,0,41,0,6,19,1,0,0,1,0,0,9,5,4,0,0,0,0,4
Ί“‡s”q“‡’¬‚S’–Ϊ,10,0,0,0,2,0,2,0,0,0,0,0,0,0,0,0,0,0,0,5,0,0,1,1,0,0,0,0,0,1,2,3,2,0,0,0,1
Ί“‡s”q“‡’¬‚T’–Ϊ,2,0,0,0,0,0,0,0,0,0,0,0,0,0,0,0,0,0,0,2,0,0,2,0,0,0,0,0,0,0,0,0,0,0,0,0,0
Ί“‡s‚Β‚Β‚¶‚ª‹u‚P’–Ϊ,3,0,0,0,1,0,1,0,0,0,0,0,0,0,0,0,0,0,0,2,0,0,1,0,0,0,0,0,0,0,1,0,0,0,0,0,0
Ί“‡s‚Β‚Β‚¶‚ª‹u‚Q’–Ϊ,36,0,0,0,0,0,0,0,0,0,0,0,0,0,0,0,0,0,0,30,0,1,10,0,0,0,0,0,0,17,2,6,0,0,0,0,6
Ί“‡s‚Β‚Β‚¶‚ª‹u‚R’–Ϊ,18,0,0,0,0,0,0,0,0,0,0,0,0,0,0,0,0,0,0,13,0,1,8,0,0,0,0,0,1,0,3,5,1,0,0,0,4
Ί“‡s—Ξ’¬‚P’–Ϊ,6,0,0,0,1,0,0,0,0,1,0,0,0,0,0,0,0,0,0,3,0,0,3,0,0,0,0,0,0,0,0,2,0,0,0,0,2
Ί“‡s—Ξ’¬‚Q’–Ϊ,17,1,1,0,1,0,0,0,1,0,0,0,0,0,0,0,0,0,0,12,0,1,8,0,0,0,0,0,0,2,1,3,0,0,0,0,3
Ί“‡s—Ξ’¬‚R’–Ϊ,11,0,0,0,1,0,0,0,1,0,0,0,0,0,0,0,0,0,0,9,0,0,6,0,0,0,0,0,0,1,2,1,0,0,0,0,1
Ί“‡s—Ξ’¬‚S’–Ϊ,12,0,0,0,0,0,0,0,0,0,1,0,0,0,0,0,0,1,0,9,0,1,7,0,0,0,0,0,0,0,1,2,1,0,0,0,1
Ί“‡s—Ξ’¬‚T’–Ϊ,13,0,0,0,0,0,0,0,0,0,0,0,0,0,0,0,0,0,0,11,0,0,6,1,0,0,0,0,0,2,2,2,0,1,0,0,1
Ί“‡s“c’†’¬‚P’–Ϊ,17,0,0,0,2,0,0,1,1,0,0,0,0,0,0,0,0,0,0,11,0,0,7,0,0,0,0,0,0,2,2,4,3,1,0,0,0
Ί“‡s“c’†’¬‚Q’–Ϊ,8,0,0,0,0,0,0,0,0,0,0,0,0,0,0,0,0,0,0,6,0,1,4,1,0,0,0,0,0,0,0,2,1,0,0,0,1
Ί“‡s“c’†’¬‚R’–Ϊ,32,1,1,0,0,0,0,0,0,0,0,0,0,0,0,0,0,0,0,23,0,4,16,0,0,0,0,0,0,1,2,8,0,0,0,0,8
Ί“‡s“c’†’¬‚S’–Ϊ,2,0,0,0,0,0,0,0,0,0,0,0,0,0,0,0,0,0,0,2,0,0,2,0,0,0,0,0,0,0,0,0,0,0,0,0,0
Ί“‡s”ό–x’¬‚P’–Ϊ,7,0,0,0,0,0,0,0,0,0,0,0,0,0,0,0,0,0,0,6,0,0,4,0,0,0,0,0,0,1,1,1,0,0,0,0,1
Ί“‡s”ό–x’¬‚Q’–Ϊ,2,0,0,0,0,0,0,0,0,0,0,0,0,0,0,0,0,0,0,2,0,0,1,0,0,0,0,0,0,0,1,0,0,0,0,0,0
Ί“‡s”ό–x’¬‚R’–Ϊ,7,0,0,0,0,0,0,0,0,0,0,0,0,0,0,0,0,0,0,7,0,1,6,0,0,0,0,0,0,0,0,0,0,0,0,0,0
Ί“‡s”ό–x’¬‚S’–Ϊ,15,1,1,0,1,0,0,0,1,0,0,0,0,0,0,0,0,0,0,11,0,0,8,0,0,0,0,0,0,1,2,2,0,0,0,0,2
Ί“‡s”ό–x’¬‚T’–Ϊ,30,0,0,0,1,0,0,1,0,0,0,0,0,0,0,0,0,0,0,25,0,1,20,0,0,0,0,0,0,0,4,4,2,0,0,0,2
Ί“‡s•‘ –μ‚Q’–Ϊ,16,0,0,0,1,0,1,0,0,0,0,0,0,0,0,0,0,0,0,11,0,0,4,0,0,0,0,0,0,0,7,4,0,1,0,0,3
Ί“‡s•‘ –μ‚R’–Ϊ,11,0,0,0,1,0,0,1,0,0,0,0,0,0,0,0,0,0,0,4,0,0,1,0,0,0,0,0,0,0,3,6,1,0,0,0,5
Ί“‡s’†_’¬‚P’–Ϊ,9,0,0,0,0,0,0,0,0,0,0,0,0,0,0,0,0,0,0,6,0,0,2,2,0,0,0,0,0,2,0,3,2,0,0,0,1
Ί“‡s’†_’¬‚Q’–Ϊ,8,0,0,0,0,0,0,0,0,0,1,0,0,0,0,1,0,0,0,4,0,1,2,0,0,0,0,0,0,0,1,3,2,0,0,0,1
Ί“‡s’†_’¬‚R’–Ϊ,2,0,0,0,0,0,0,0,0,0,0,0,0,0,0,0,0,0,0,2,0,0,1,0,0,0,0,0,0,0,1,0,0,0,0,0,0
Ί“‡s‚ΰ‚­‚Ή‚Ά‚Μ“m‚P’–Ϊ,2,0,0,0,0,0,0,0,0,0,0,0,0,0,0,0,0,0,0,0,0,0,0,0,0,0,0,0,0,0,0,2,0,1,0,0,1
Ί“‡s‚ΰ‚­‚Ή‚Ά‚Μ“m‚Q’–Ϊ,3,0,0,0,0,0,0,0,0,0,0,0,0,0,0,0,0,0,0,2,0,1,0,0,0,0,0,0,0,1,0,1,0,0,0,0,1
Ί“‡s‚ΰ‚­‚Ή‚Ά‚Μ“m‚R’–Ϊ,1,0,0,0,0,0,0,0,0,0,0,0,0,0,0,0,0,0,0,0,0,0,0,0,0,0,0,0,0,0,0,1,0,0,0,0,1
Ί“‡s‘γ―R‚Q’–Ϊ,95,0,0,0,0,0,0,0,0,0,0,0,0,0,0,0,0,0,0,87,0,3,49,1,0,0,0,0,0,30,4,8,0,3,0,0,5
Ί“‡sv,948,8,5,3,37,0,19,12,5,1,7,0,0,0,1,1,2,3,0,725,0,38,442,22,1,1,2,0,3,128,88,171,43,16,0,0,112
’²•zs”ς“c‹‹‚P’–Ϊ,10,0,0,0,0,0,0,0,0,0,1,0,0,0,0,0,0,0,1,5,0,0,2,0,0,0,0,0,0,2,1,4,1,0,0,0,3
’²•zs”ς“c‹‹‚Q’–Ϊ,10,0,0,0,0,0,0,0,0,0,0,0,0,0,0,0,0,0,0,8,0,0,4,0,0,0,1,0,0,0,3,2,0,1,0,0,1
’²•zs”ς“c‹‹‚R’–Ϊ,7,0,0,0,0,0,0,0,0,0,0,0,0,0,0,0,0,0,0,4,0,0,1,1,0,0,0,0,0,1,1,3,1,0,0,0,2
’²•zsγΞ΄‚P’–Ϊ,22,0,0,0,3,0,0,3,0,0,4,0,0,0,1,3,0,0,0,14,0,0,10,0,0,0,0,0,0,0,4,1,0,0,0,0,1
’²•zsγΞ΄‚Q’–Ϊ,14,0,0,0,1,0,1,0,0,0,0,0,0,0,0,0,0,0,0,11,0,0,10,0,0,0,0,0,0,0,1,2,1,0,0,0,1
’²•zsγΞ΄‚R’–Ϊ,8,0,0,0,0,0,0,0,0,0,0,0,0,0,0,0,0,0,0,4,0,0,4,0,0,0,0,0,0,0,0,4,4,0,0,0,0
’²•zs•xm©’¬‚P’–Ϊ,16,0,0,0,1,0,1,0,0,0,0,0,0,0,0,0,0,0,0,14,0,0,13,0,0,0,0,0,0,0,1,1,0,1,0,0,0
’²•zs•xm©’¬‚Q’–Ϊ,10,0,0,0,0,0,0,0,0,0,0,0,0,0,0,0,0,0,0,7,0,0,5,1,0,0,0,0,0,0,1,3,0,1,0,0,2
’²•zs•xm©’¬‚R’–Ϊ,5,0,0,0,0,0,0,0,0,0,0,0,0,0,0,0,0,0,0,4,0,0,4,0,0,0,0,0,0,0,0,1,1,0,0,0,0
’²•zs•xm©’¬‚S’–Ϊ,10,0,0,0,0,0,0,0,0,0,0,0,0,0,0,0,0,0,0,7,0,0,7,0,0,0,0,0,0,0,0,3,2,0,0,0,1
’²•zs‰ΊΞ΄‚P’–Ϊ,13,0,0,0,0,0,0,0,0,0,0,0,0,0,0,0,0,0,0,10,0,0,8,0,0,0,0,0,1,0,1,3,1,1,0,0,1
’²•zs‰ΊΞ΄‚Q’–Ϊ,6,0,0,0,1,0,0,1,0,0,0,0,0,0,0,0,0,0,0,1,0,0,0,0,0,0,0,1,0,0,0,4,3,0,0,0,1
’²•zs‰ΊΞ΄‚R’–Ϊ,15,0,0,0,2,0,0,2,0,0,0,0,0,0,0,0,0,0,0,10,0,0,5,0,0,0,0,0,0,4,1,3,1,1,0,0,1
’²•zs•z“c‚P’–Ϊ,47,0,0,0,6,0,1,3,0,2,2,0,0,0,2,0,0,0,0,26,0,2,14,1,0,0,0,0,0,6,3,13,6,3,0,0,4
’²•zs•z“c‚Q’–Ϊ,8,0,0,0,0,0,0,0,0,0,0,0,0,0,0,0,0,0,0,7,0,0,6,0,0,0,0,1,0,0,0,1,1,0,0,0,0
’²•zs•z“c‚R’–Ϊ,28,0,0,0,0,0,0,0,0,0,0,0,0,0,0,0,0,0,0,23,0,0,21,0,0,0,0,0,0,0,2,5,2,0,0,0,3
’²•zs•z“c‚S’–Ϊ,94,2,0,2,9,0,7,2,0,0,0,0,0,0,0,0,0,0,0,68,2,0,33,1,0,0,0,0,1,24,7,15,5,4,0,0,6
’²•zs•z“c‚T’–Ϊ,13,0,0,0,0,0,0,0,0,0,0,0,0,0,0,0,0,0,0,6,0,0,1,0,0,0,0,0,0,0,5,7,2,0,5,0,0
’²•zs•z“c‚U’–Ϊ,4,0,0,0,0,0,0,0,0,0,0,0,0,0,0,0,0,0,0,3,0,0,3,0,0,0,0,0,0,0,0,1,0,0,0,0,1
’²•zs‘—Μ’¬‚P’–Ϊ,20,0,0,0,2,0,1,0,1,0,0,0,0,0,0,0,0,0,0,14,0,0,8,0,0,0,0,0,0,4,2,4,2,1,0,0,1
’²•zs‘—Μ’¬‚Q’–Ϊ,15,0,0,0,1,0,1,0,0,0,0,0,0,0,0,0,0,0,0,11,0,0,5,0,0,0,0,0,0,5,1,3,1,1,0,0,1
’²•zs‘—Μ’¬‚R’–Ϊ,29,0,0,0,2,0,1,1,0,0,0,0,0,0,0,0,0,0,0,19,2,0,8,1,0,0,0,0,0,6,2,8,1,1,0,0,6
’²•zs‘—Μ’¬‚S’–Ϊ,14,1,0,1,1,0,1,0,0,0,0,0,0,0,0,0,0,0,0,6,0,0,4,2,0,0,0,0,0,0,0,6,2,2,0,0,2
’²•zs‘—Μ’¬‚T’–Ϊ,10,1,0,1,0,0,0,0,0,0,1,0,0,0,0,0,0,1,0,5,0,1,2,0,0,0,0,0,0,0,2,3,1,1,0,0,1
’²•zs‘—Μ’¬‚U’–Ϊ,3,0,0,0,0,0,0,0,0,0,0,0,0,0,0,0,0,0,0,3,0,0,2,0,0,0,0,0,0,0,1,0,0,0,0,0,0
’²•zs‘—Μ’¬‚V’–Ϊ,12,0,0,0,1,0,0,1,0,0,1,0,0,0,0,1,0,0,0,3,0,0,0,1,0,0,0,0,0,0,2,7,4,1,0,0,2
’²•zs‘—Μ’¬‚W’–Ϊ,25,0,0,0,0,0,0,0,0,0,0,0,0,0,0,0,0,0,0,19,0,1,4,0,0,0,0,0,0,12,2,6,2,0,0,0,4
’²•zsυ’n‚P’–Ϊ,2,0,0,0,0,0,0,0,0,0,0,0,0,0,0,0,0,0,0,1,0,0,1,0,0,0,0,0,0,0,0,1,0,0,0,0,1
’²•zsυ’n‚Q’–Ϊ,9,0,0,0,0,0,0,0,0,0,0,0,0,0,0,0,0,0,0,6,0,0,3,0,0,0,0,0,0,1,2,3,2,0,0,0,1
’²•zsυ’n‚R’–Ϊ,20,0,0,0,0,0,0,0,0,0,0,0,0,0,0,0,0,0,0,14,0,0,8,2,0,0,0,0,0,1,3,6,2,0,0,0,4
’²•zs²{’¬‚Q’–Ϊ,2,0,0,0,0,0,0,0,0,0,0,0,0,0,0,0,0,0,0,2,0,0,2,0,0,0,0,0,0,0,0,0,0,0,0,0,0
’²•zs²{’¬‚R’–Ϊ,2,0,0,0,0,0,0,0,0,0,0,0,0,0,0,0,0,0,0,1,0,0,0,0,0,0,0,0,0,0,1,1,1,0,0,0,0
’²•zs²{’¬‚S’–Ϊ,6,0,0,0,0,0,0,0,0,0,0,0,0,0,0,0,0,0,0,5,0,1,2,2,0,0,0,0,0,0,0,1,0,0,0,0,1
’²•zs²{’¬‚T’–Ϊ,2,0,0,0,0,0,0,0,0,0,0,0,0,0,0,0,0,0,0,1,0,0,0,0,0,0,0,0,0,0,1,1,1,0,0,0,0
’²•zsΔθ‚P’–Ϊ,2,0,0,0,0,0,0,0,0,0,0,0,0,0,0,0,0,0,0,2,0,0,1,0,0,0,0,0,0,0,1,0,0,0,0,0,0
’²•zsΔθ‚Q’–Ϊ,4,0,0,0,0,0,0,0,0,0,0,0,0,0,0,0,0,0,0,2,0,0,1,0,0,0,0,0,0,0,1,2,1,0,0,0,1
’²•zs‹e–μ‘δ‚P’–Ϊ,18,0,0,0,1,0,1,0,0,0,0,0,0,0,0,0,0,0,0,11,0,0,3,0,0,0,0,0,0,6,2,6,3,0,0,0,3
’²•zs‹e–μ‘δ‚Q’–Ϊ,19,0,0,0,2,0,0,1,1,0,0,0,0,0,0,0,0,0,0,11,0,0,9,0,0,0,0,0,0,2,0,6,2,1,0,0,3
’²•zs‹e–μ‘δ‚R’–Ϊ,9,0,0,0,1,0,0,1,0,0,2,0,0,0,0,2,0,0,0,6,0,0,3,0,0,0,0,0,0,0,3,0,0,0,0,0,0
’²•zs“‚Β‚Β‚¶ƒP‹u‚P’–Ϊ,6,0,0,0,0,0,0,0,0,0,0,0,0,0,0,0,0,0,0,4,0,0,2,0,0,0,0,0,0,0,2,2,0,0,0,0,2
’²•zs“‚Β‚Β‚¶ƒP‹u‚Q’–Ϊ,6,0,0,0,0,0,0,0,0,0,0,0,0,0,0,0,0,0,0,3,0,0,3,0,0,0,0,0,0,0,0,3,0,0,0,0,3
’²•zs“‚Β‚Β‚¶ƒP‹u‚R’–Ϊ,5,0,0,0,0,0,0,0,0,0,1,0,0,0,0,1,0,0,0,1,0,0,1,0,0,0,0,0,0,0,0,3,1,0,0,0,2
’²•zsΌ‚Β‚Β‚¶ƒP‹u‚P’–Ϊ,17,0,0,0,1,0,0,1,0,0,3,0,0,0,0,0,0,0,3,6,0,0,3,1,0,0,0,0,0,0,2,7,3,1,0,0,3
’²•zsΌ‚Β‚Β‚¶ƒP‹u‚Q’–Ϊ,2,0,0,0,0,0,0,0,0,0,0,0,0,0,0,0,0,0,0,2,0,0,1,0,0,1,0,0,0,0,0,0,0,0,0,0,0
’²•zsΌ‚Β‚Β‚¶ƒP‹u‚R’–Ϊ,42,0,0,0,3,0,3,0,0,0,1,0,0,0,0,1,0,0,0,30,0,0,18,0,0,0,0,0,0,8,4,8,2,3,0,0,3
’²•zsΌ‚Β‚Β‚¶ƒP‹u‚S’–Ϊ,31,0,0,0,3,0,2,1,0,0,0,0,0,0,0,0,0,0,0,20,0,1,13,2,0,0,0,0,0,0,4,8,2,1,1,0,4
’²•zs“όΤ’¬‚P’–Ϊ,5,0,0,0,0,0,0,0,0,0,0,0,0,0,0,0,0,0,0,3,0,0,2,0,0,0,0,0,0,0,1,2,1,0,0,0,1
’²•zs“όΤ’¬‚Q’–Ϊ,11,0,0,0,1,0,0,1,0,0,0,0,0,0,0,0,0,0,0,9,0,0,4,1,0,0,0,0,0,4,0,1,1,0,0,0,0
’²•zs“όΤ’¬‚R’–Ϊ,3,0,0,0,0,0,0,0,0,0,1,0,0,0,0,1,0,0,0,1,0,0,0,0,0,0,0,0,0,0,1,1,1,0,0,0,0
’²•zsεμ’¬‚P’–Ϊ,76,0,0,0,6,0,6,0,0,0,1,0,0,0,1,0,0,0,0,51,0,0,30,1,0,0,1,0,0,14,5,18,3,3,2,0,10
’²•zsεμ’¬‚Q’–Ϊ,11,0,0,0,0,0,0,0,0,0,0,0,0,0,0,0,0,0,0,7,0,0,5,0,0,0,0,0,0,0,2,4,1,1,0,0,2
’²•zsεμ’¬‚R’–Ϊ,24,0,0,0,1,0,0,1,0,0,1,0,0,0,1,0,0,0,0,16,0,0,11,0,0,0,0,0,0,3,2,6,1,1,0,0,4
’²•zs—ΞƒP‹u‚P’–Ϊ,6,0,0,0,0,0,0,0,0,0,0,0,0,0,0,0,0,0,0,4,0,1,2,0,0,0,0,0,0,0,1,2,0,0,0,0,2
’²•zs—ΞƒP‹u‚Q’–Ϊ,10,0,0,0,0,0,0,0,0,0,0,0,0,0,0,0,0,0,0,8,0,0,6,0,0,1,0,0,0,0,1,2,1,0,0,0,1
’²•zsα—t’¬‚P’–Ϊ,4,0,0,0,1,0,0,1,0,0,0,0,0,0,0,0,0,0,0,3,0,0,2,0,0,0,0,0,0,0,1,0,0,0,0,0,0
’²•zsα—t’¬‚Q’–Ϊ,37,0,0,0,3,0,0,1,2,0,2,0,0,0,2,0,0,0,0,22,0,0,14,1,0,0,0,0,0,4,3,10,5,1,0,0,4
’²•zsα—t’¬‚R’–Ϊ,4,0,0,0,0,0,0,0,0,0,0,0,0,0,0,0,0,0,0,1,0,0,0,0,0,0,0,0,0,1,0,3,1,1,0,0,1
’²•zs–μ…‚P’–Ϊ,1,0,0,0,0,0,0,0,0,0,0,0,0,0,0,0,0,0,0,1,0,0,0,0,0,0,0,0,1,0,0,0,0,0,0,0,0
’²•zsΌ’¬,7,0,0,0,1,0,1,0,0,0,0,0,0,0,0,0,0,0,0,5,0,0,1,0,0,0,0,0,1,0,3,1,0,0,0,0,1
’²•zs’²•zƒP‹u‚P’–Ϊ,18,0,0,0,2,0,2,0,0,0,0,0,0,0,0,0,0,0,0,14,0,0,11,1,0,0,0,0,0,1,1,2,2,0,0,0,0
’²•zs’²•zƒP‹u‚Q’–Ϊ,3,0,0,0,0,0,0,0,0,0,0,0,0,0,0,0,0,0,0,3,0,2,1,0,0,0,0,0,0,0,0,0,0,0,0,0,0
’²•zs’²•zƒP‹u‚R’–Ϊ,9,1,0,1,1,0,1,0,0,0,0,0,0,0,0,0,0,0,0,2,0,1,1,0,0,0,0,0,0,0,0,5,3,0,0,1,1
’²•zs’²•zƒP‹u‚S’–Ϊ,2,0,0,0,1,0,1,0,0,0,0,0,0,0,0,0,0,0,0,1,0,0,0,0,0,1,0,0,0,0,0,0,0,0,0,0,0
’²•zs¬“‡’¬‚P’–Ϊ,76,1,0,1,3,0,3,0,0,0,0,0,0,0,0,0,0,0,0,68,1,0,17,0,0,0,0,0,0,36,14,4,1,2,0,0,1
’²•zs¬“‡’¬‚Q’–Ϊ,51,0,0,0,2,0,1,0,0,1,0,0,0,0,0,0,0,0,0,47,1,0,39,0,0,0,0,0,1,3,3,2,1,0,1,0,0
’²•zs¬“‡’¬‚R’–Ϊ,26,1,1,0,1,0,0,1,0,0,0,0,0,0,0,0,0,0,0,19,0,0,16,0,0,0,0,0,0,0,3,5,2,0,0,0,3
’²•zs‘½–€μ‚P’–Ϊ,15,0,0,0,0,0,0,0,0,0,0,0,0,0,0,0,0,0,0,11,0,0,7,0,0,0,0,0,0,4,0,4,1,0,0,0,3
’²•zs‘½–€μ‚Q’–Ϊ,1,0,0,0,0,0,0,0,0,0,0,0,0,0,0,0,0,0,0,1,0,0,0,0,0,0,0,0,0,0,1,0,0,0,0,0,0
’²•zs‘½–€μ‚R’–Ϊ,16,0,0,0,0,0,0,0,0,0,2,0,0,0,0,2,0,0,0,12,0,0,10,0,0,0,0,2,0,0,0,2,2,0,0,0,0
’²•zs‘½–€μ‚S’–Ϊ,4,0,0,0,0,0,0,0,0,0,1,0,0,0,0,0,0,0,1,3,0,0,3,0,0,0,0,0,0,0,0,0,0,0,0,0,0
’²•zs‘½–€μ‚T’–Ϊ,12,0,0,0,0,0,0,0,0,0,0,0,0,0,0,0,0,0,0,7,0,0,4,0,0,0,0,0,0,2,1,5,1,2,1,0,1
’²•zs‘½–€μ‚U’–Ϊ,1,0,0,0,0,0,0,0,0,0,0,0,0,0,0,0,0,0,0,0,0,0,0,0,0,0,0,0,0,0,0,1,1,0,0,0,0
’²•zs‘½–€μ‚V’–Ϊ,2,0,0,0,1,0,0,1,0,0,1,0,0,0,0,1,0,0,0,0,0,0,0,0,0,0,0,0,0,0,0,0,0,0,0,0,0
’²•zs[‘ε›³’¬‚P’–Ϊ,1,0,0,0,0,0,0,0,0,0,0,0,0,0,0,0,0,0,0,0,0,0,0,0,0,0,0,0,0,0,0,1,0,0,0,0,1
’²•zs[‘ε›³’¬‚Q’–Ϊ,1,0,0,0,0,0,0,0,0,0,0,0,0,0,0,0,0,0,0,1,0,0,1,0,0,0,0,0,0,0,0,0,0,0,0,0,0
’²•zs[‘ε›³’¬‚R’–Ϊ,1,0,0,0,0,0,0,0,0,0,0,0,0,0,0,0,0,0,0,1,0,0,1,0,0,0,0,0,0,0,0,0,0,0,0,0,0
’²•zs[‘ε›³’¬‚S’–Ϊ,1,0,0,0,0,0,0,0,0,0,0,0,0,0,0,0,0,0,0,1,0,1,0,0,0,0,0,0,0,0,0,0,0,0,0,0,0
’²•zs[‘ε›³’¬‚T’–Ϊ,4,0,0,0,1,0,0,0,1,0,0,0,0,0,0,0,0,0,0,0,0,0,0,0,0,0,0,0,0,0,0,3,0,0,1,0,2
’²•zs[‘ε›“μ’¬‚R’–Ϊ,1,0,0,0,0,0,0,0,0,0,0,0,0,0,0,0,0,0,0,1,0,0,1,0,0,0,0,0,0,0,0,0,0,0,0,0,0
’²•zs[‘ε›“μ’¬‚S’–Ϊ,2,0,0,0,0,0,0,0,0,0,0,0,0,0,0,0,0,0,0,1,0,0,0,0,0,1,0,0,0,0,0,1,1,0,0,0,0
’²•zs[‘ε›“μ’¬‚T’–Ϊ,5,0,0,0,1,0,0,0,0,1,0,0,0,0,0,0,0,0,0,4,0,0,2,1,0,0,0,0,0,1,0,0,0,0,0,0,0
’²•zs[‘ε›–k’¬‚P’–Ϊ,8,0,0,0,0,0,0,0,0,0,0,0,0,0,0,0,0,0,0,5,0,2,2,0,0,0,0,0,0,0,1,3,0,0,0,0,3
’²•zs[‘ε›–k’¬‚R’–Ϊ,1,0,0,0,0,0,0,0,0,0,0,0,0,0,0,0,0,0,0,1,0,0,0,1,0,0,0,0,0,0,0,0,0,0,0,0,0
’²•zs[‘ε›–k’¬‚S’–Ϊ,2,1,0,1,0,0,0,0,0,0,1,0,0,0,0,0,0,0,1,0,0,0,0,0,0,0,0,0,0,0,0,0,0,0,0,0,0
’²•zs[‘ε›–k’¬‚T’–Ϊ,3,0,0,0,0,0,0,0,0,0,0,0,0,0,0,0,0,0,0,2,0,0,2,0,0,0,0,0,0,0,0,1,1,0,0,0,0
’²•zs[‘ε›–k’¬‚U’–Ϊ,8,0,0,0,0,0,0,0,0,0,0,0,0,0,0,0,0,0,0,5,0,0,1,2,0,0,0,0,0,0,2,3,1,0,0,0,2
’²•zs[‘ε›–k’¬‚V’–Ϊ,3,0,0,0,0,0,0,0,0,0,0,0,0,0,0,0,0,0,0,3,0,0,3,0,0,0,0,0,0,0,0,0,0,0,0,0,0
’²•zs[‘ε›“’¬‚P’–Ϊ,2,0,0,0,0,0,0,0,0,0,0,0,0,0,0,0,0,0,0,1,0,0,0,0,0,0,0,0,0,0,1,1,0,0,0,0,1
’²•zs[‘ε›“’¬‚Q’–Ϊ,6,0,0,0,0,0,0,0,0,0,1,0,0,0,0,0,0,0,1,3,0,0,2,0,0,1,0,0,0,0,0,2,2,0,0,0,0
’²•zs[‘ε›“’¬‚R’–Ϊ,4,0,0,0,0,0,0,0,0,0,1,0,0,0,0,1,0,0,0,3,0,0,3,0,0,0,0,0,0,0,0,0,0,0,0,0,0
’²•zs[‘ε›“’¬‚S’–Ϊ,3,0,0,0,0,0,0,0,0,0,0,0,0,0,0,0,0,0,0,2,0,0,1,1,0,0,0,0,0,0,0,1,1,0,0,0,0
’²•zs[‘ε›“’¬‚T’–Ϊ,2,0,0,0,0,0,0,0,0,0,0,0,0,0,0,0,0,0,0,1,0,0,1,0,0,0,0,0,0,0,0,1,0,1,0,0,0
’²•zs[‘ε›“’¬‚U’–Ϊ,2,0,0,0,0,0,0,0,0,0,1,0,0,0,0,0,0,0,1,1,1,0,0,0,0,0,0,0,0,0,0,0,0,0,0,0,0
’²•zs[‘ε›“’¬‚V’–Ϊ,1,0,0,0,0,0,0,0,0,0,0,0,0,0,0,0,0,0,0,1,0,0,1,0,0,0,0,0,0,0,0,0,0,0,0,0,0
’²•zs[‘ε›“’¬‚W’–Ϊ,6,0,0,0,0,0,0,0,0,0,0,0,0,0,0,0,0,0,0,6,0,0,4,0,0,0,0,0,0,2,0,0,0,0,0,0,0
’²•zs”ª‰_‘δ‚P’–Ϊ,4,0,0,0,0,0,0,0,0,0,0,0,0,0,0,0,0,0,0,2,0,0,1,0,0,0,0,1,0,0,0,2,1,1,0,0,0
’²•zs”ª‰_‘δ‚Q’–Ϊ,1,0,0,0,0,0,0,0,0,0,0,0,0,0,0,0,0,0,0,1,0,0,1,0,0,0,0,0,0,0,0,0,0,0,0,0,0
’²•zsΘ‰Ί•sΪ,2,0,0,0,1,0,0,0,0,1,0,0,0,0,0,0,0,0,0,0,0,0,0,0,0,0,0,0,0,0,0,1,1,0,0,0,0
’²•zsv,1181,8,1,7,68,0,35,23,5,5,29,0,0,0,7,13,0,1,8,805,7,13,471,24,0,5,2,5,5,157,116,271,101,38,11,1,120
’¬“cs΄’¬“c‚P’–Ϊ,45,0,0,0,5,0,4,0,0,1,0,0,0,0,0,0,0,0,0,30,1,1,19,1,0,1,0,0,0,0,7,10,1,1,1,0,7
’¬“cs΄’¬“c‚Q’–Ϊ,16,0,0,0,0,0,0,0,0,0,3,0,0,0,0,1,0,0,2,11,0,0,6,1,0,0,0,0,0,2,2,2,0,0,0,0,2
’¬“cs΄’¬“c‚R’–Ϊ,14,0,0,0,2,0,1,1,0,0,1,0,0,0,0,0,0,0,1,10,0,1,4,1,0,0,0,0,0,1,3,1,1,0,0,0,0
’¬“cs΄’¬“c‚S’–Ϊ,68,0,0,0,3,0,1,2,0,0,1,0,0,0,1,0,0,0,0,49,1,2,18,1,0,0,0,0,1,12,14,15,3,0,1,0,11
’¬“cs΄’¬“c‚T’–Ϊ,12,1,1,0,1,0,1,0,0,0,2,0,0,0,0,2,0,0,0,3,0,0,1,0,0,0,0,0,0,1,1,5,0,1,0,0,4
’¬“cs΄’¬“c‚U’–Ϊ,308,2,1,1,44,0,21,20,1,2,2,0,0,0,1,0,0,0,1,219,0,2,49,1,0,0,2,0,4,124,37,41,6,5,3,0,27
’¬“csX–μ‚P’–Ϊ,135,1,0,1,4,0,3,1,0,0,1,0,0,0,1,0,0,0,0,109,0,5,64,2,0,0,0,0,2,16,20,20,3,2,0,0,15
’¬“csX–μ‚Q’–Ϊ,28,1,0,1,0,0,0,0,0,0,1,0,0,0,0,0,0,0,1,15,0,0,9,1,0,0,0,0,0,0,5,11,4,2,0,0,5
’¬“csX–μ‚R’–Ϊ,9,0,0,0,0,0,0,0,0,0,0,0,0,0,0,0,0,0,0,7,0,0,2,0,0,0,0,0,0,5,0,2,0,0,0,0,2
’¬“csX–μ‚S’–Ϊ,12,0,0,0,0,0,0,0,0,0,0,0,0,0,0,0,0,0,0,7,0,0,6,0,0,0,1,0,0,0,0,5,1,0,0,0,4
’¬“csX–μ‚T’–Ϊ,9,0,0,0,1,0,0,1,0,0,0,0,0,0,0,0,0,0,0,4,0,0,4,0,0,0,0,0,0,0,0,4,3,1,0,0,0
’¬“csX–μ‚U’–Ϊ,11,0,0,0,1,0,1,0,0,0,1,0,0,0,1,0,0,0,0,7,0,1,5,0,0,0,0,0,0,0,1,2,1,0,0,0,1
’¬“cs’†’¬‚P’–Ϊ,29,1,1,0,2,0,2,0,0,0,0,0,0,0,0,0,0,0,0,22,0,0,14,1,0,0,0,1,0,3,3,4,1,0,1,0,2
’¬“cs’†’¬‚Q’–Ϊ,24,0,0,0,1,0,1,0,0,0,0,0,0,0,0,0,0,0,0,18,0,0,10,0,0,0,0,0,0,5,3,5,3,0,0,0,2
’¬“cs’†’¬‚R’–Ϊ,19,0,0,0,2,0,0,0,2,0,0,0,0,0,0,0,0,0,0,9,0,0,4,1,0,0,0,0,0,4,0,8,3,2,0,0,3
’¬“cs’†’¬‚S’–Ϊ,15,0,0,0,0,0,0,0,0,0,0,0,0,0,0,0,0,0,0,13,0,0,8,0,0,2,0,0,0,0,3,2,0,0,0,0,2
’¬“cs®’¬‚P’–Ϊ,23,0,0,0,2,0,1,1,0,0,0,0,0,0,0,0,0,0,0,19,0,0,2,1,0,0,0,0,0,12,4,2,1,0,0,0,1
’¬“cs®’¬‚Q’–Ϊ,9,0,0,0,0,0,0,0,0,0,1,0,0,0,0,0,0,1,0,5,0,0,3,0,0,0,0,0,0,0,2,3,1,1,0,0,1
’¬“cs®’¬‚R’–Ϊ,7,0,0,0,1,0,0,1,0,0,0,0,0,0,0,0,0,0,0,4,0,0,2,0,0,0,0,0,0,0,2,2,1,0,0,0,1
’¬“cs‹Κμw‰€‚P’–Ϊ,4,0,0,0,0,0,0,0,0,0,1,0,0,0,0,0,0,0,1,1,0,1,0,0,0,0,0,0,0,0,0,2,2,0,0,0,0
’¬“cs‹Κμw‰€‚Q’–Ϊ,16,0,0,0,0,0,0,0,0,0,0,0,0,0,0,0,0,0,0,12,0,3,5,0,0,0,0,0,0,2,2,4,1,0,0,0,3
’¬“cs‹Κμw‰€‚R’–Ϊ,11,0,0,0,0,0,0,0,0,0,3,0,1,0,0,0,1,0,1,2,0,0,2,0,0,0,0,0,0,0,0,6,3,0,0,0,3
’¬“cs‹Κμw‰€‚S’–Ϊ,4,0,0,0,0,0,0,0,0,0,3,0,0,0,0,0,0,0,3,0,0,0,0,0,0,0,0,0,0,0,0,1,0,0,0,0,1
’¬“cs‹Κμw‰€‚T’–Ϊ,9,0,0,0,0,0,0,0,0,0,1,0,0,0,0,1,0,0,0,7,0,0,5,0,0,0,0,0,0,1,1,1,1,0,0,0,0
’¬“cs‹Κμw‰€‚U’–Ϊ,3,0,0,0,0,0,0,0,0,0,0,0,0,0,0,0,0,0,0,2,0,0,0,0,0,0,0,0,1,0,1,1,0,0,0,0,1
’¬“cs‹Κμw‰€‚V’–Ϊ,7,0,0,0,0,0,0,0,0,0,2,0,0,0,0,2,0,0,0,2,0,0,1,0,0,0,0,0,0,0,1,3,3,0,0,0,0
’¬“cs‹Κμw‰€‚W’–Ϊ,6,0,0,0,1,0,0,1,0,0,1,0,0,0,0,0,0,0,1,3,0,0,2,0,0,0,0,0,0,0,1,1,0,0,0,0,1
’¬“cs‹ΰX‚P’–Ϊ,8,0,0,0,0,0,0,0,0,0,0,0,0,0,0,0,0,0,0,4,0,0,2,1,0,0,0,0,0,0,1,4,4,0,0,0,0
’¬“cs‹ΰX‚Q’–Ϊ,15,0,0,0,2,0,2,0,0,0,0,0,0,0,0,0,0,0,0,8,0,0,1,0,0,0,0,0,0,6,1,5,2,0,0,0,3
’¬“cs‹ΰX‚R’–Ϊ,3,0,0,0,0,0,0,0,0,0,1,0,0,0,0,0,1,0,0,1,0,0,1,0,0,0,0,0,0,0,0,1,0,0,0,0,1
’¬“cs‹ΰX‚S’–Ϊ,11,0,0,0,1,0,0,0,1,0,1,0,0,0,0,0,1,0,0,7,0,1,4,0,0,0,0,0,0,1,1,2,2,0,0,0,0
’¬“cs‹ΰX‚T’–Ϊ,1,0,0,0,0,0,0,0,0,0,0,0,0,0,0,0,0,0,0,1,0,0,0,1,0,0,0,0,0,0,0,0,0,0,0,0,0
’¬“cs‹ΰX‚U’–Ϊ,3,0,0,0,0,0,0,0,0,0,1,0,0,0,0,0,1,0,0,2,0,0,0,0,0,0,0,0,0,0,2,0,0,0,0,0,0
’¬“cs‹ΰX‚V’–Ϊ,5,0,0,0,0,0,0,0,0,0,0,0,0,0,0,0,0,0,0,4,0,1,2,0,0,0,0,0,0,0,1,1,1,0,0,0,0
’¬“cs‹ΰX“‚P’–Ϊ,8,0,0,0,0,0,0,0,0,0,0,0,0,0,0,0,0,0,0,7,1,0,6,0,0,0,0,0,0,0,0,1,0,0,0,0,1
’¬“cs‹ΰX“‚Q’–Ϊ,3,0,0,0,0,0,0,0,0,0,0,0,0,0,0,0,0,0,0,2,0,0,1,0,0,0,0,0,0,1,0,1,0,1,0,0,0
’¬“cs‹ΰX“‚R’–Ϊ,5,0,0,0,0,0,0,0,0,0,1,0,0,0,0,1,0,0,0,3,0,2,0,0,0,0,0,0,0,0,1,1,1,0,0,0,0
’¬“cs‹ΰX“‚S’–Ϊ,7,1,0,1,0,0,0,0,0,0,2,0,0,0,1,0,1,0,0,1,0,0,0,0,0,0,0,0,0,1,0,3,2,0,0,0,1
’¬“cs–{’¬“c,82,1,0,1,6,0,3,2,1,0,4,0,0,0,0,2,0,0,2,42,1,6,23,0,0,1,0,0,0,2,9,29,13,0,0,0,16
’¬“cs“μ‘ε’J,6,0,0,0,0,0,0,0,0,0,0,0,0,0,0,0,0,0,0,1,0,0,1,0,0,0,0,0,0,0,0,5,4,0,0,0,1
’¬“cs‚ƒ–β‚P’–Ϊ,4,0,0,0,0,0,0,0,0,0,1,0,0,0,0,0,0,1,0,3,0,0,2,0,0,0,0,0,0,0,1,0,0,0,0,0,0
’¬“cs‚ƒ–β‚Q’–Ϊ,8,0,0,0,2,0,2,0,0,0,1,0,0,0,0,0,0,0,1,4,0,0,1,0,0,0,0,0,0,0,3,1,0,0,0,0,1
’¬“cs‚ƒ–β‚R’–Ϊ,12,0,0,0,0,0,0,0,0,0,0,0,0,0,0,0,0,0,0,5,0,0,4,0,0,0,0,0,0,0,1,7,1,0,0,0,6
’¬“cs‚ƒ–β‚S’–Ϊ,2,0,0,0,0,0,0,0,0,0,1,0,0,0,0,0,0,0,1,0,0,0,0,0,0,0,0,0,0,0,0,1,1,0,0,0,0
’¬“cs‚ƒ–β‚T’–Ϊ,4,0,0,0,0,0,0,0,0,0,0,0,0,0,0,0,0,0,0,3,0,0,1,0,0,0,0,0,1,0,1,1,1,0,0,0,0
’¬“cs‚ƒ–β‚U’–Ϊ,4,0,0,0,0,0,0,0,0,0,0,0,0,0,0,0,0,0,0,3,0,1,0,0,0,1,0,0,0,0,1,1,1,0,0,0,0
’¬“cs‚ƒ–β‚V’–Ϊ,5,0,0,0,0,0,0,0,0,0,0,0,0,0,0,0,0,0,0,2,1,0,1,0,0,0,0,0,0,0,0,3,3,0,0,0,0
’¬“csRθ’¬,50,2,1,1,1,0,0,1,0,0,0,0,0,0,0,0,0,0,0,37,0,8,17,2,0,0,0,0,1,4,5,10,5,0,0,0,5
’¬“csRθ‚P’–Ϊ,3,0,0,0,1,0,1,0,0,0,0,0,0,0,0,0,0,0,0,1,0,0,0,0,0,0,0,0,0,0,1,1,0,0,0,0,1
’¬“cs–Ψ‘]’¬,6,0,0,0,0,0,0,0,0,0,0,0,0,0,0,0,0,0,0,6,0,1,0,0,0,0,0,0,0,4,1,0,0,0,0,0,0
’¬“cs‹ΰδ‚P’–Ϊ,6,0,0,0,1,0,0,1,0,0,1,0,0,0,0,0,0,0,1,1,0,0,0,0,0,0,0,0,0,1,0,3,1,0,0,0,2
’¬“cs‹ΰδ‚Q’–Ϊ,4,0,0,0,1,0,0,0,1,0,0,0,0,0,0,0,0,0,0,2,1,0,0,0,0,0,0,0,0,0,1,1,0,0,0,0,1
’¬“cs‹ΰδ‚R’–Ϊ,3,0,0,0,0,0,0,0,0,0,0,0,0,0,0,0,0,0,0,2,0,0,2,0,0,0,0,0,0,0,0,1,1,0,0,0,0
’¬“cs‹ΰδ‚S’–Ϊ,4,0,0,0,0,0,0,0,0,0,0,0,0,0,0,0,0,0,0,4,0,0,3,0,0,0,0,0,0,1,0,0,0,0,0,0,0
’¬“cs‹ΰδ‚T’–Ϊ,1,0,0,0,0,0,0,0,0,0,0,0,0,0,0,0,0,0,0,1,0,0,0,0,0,0,0,0,0,0,1,0,0,0,0,0,0
’¬“cs‹ΰδ‚U’–Ϊ,5,1,0,1,1,0,1,0,0,0,0,0,0,0,0,0,0,0,0,1,0,0,1,0,0,0,0,0,0,0,0,2,0,0,0,0,2
’¬“cs‹ΰδ‚V’–Ϊ,2,0,0,0,0,0,0,0,0,0,0,0,0,0,0,0,0,0,0,1,0,0,0,0,0,0,0,0,0,1,0,1,1,0,0,0,0
’¬“cs‹ΰδ‚W’–Ϊ,7,0,0,0,0,0,0,0,0,0,0,0,0,0,0,0,0,0,0,7,0,0,0,0,0,0,0,0,0,0,7,0,0,0,0,0,0
’¬“cs¬μ‚P’–Ϊ,4,0,0,0,1,0,1,0,0,0,0,0,0,0,0,0,0,0,0,2,0,0,1,0,0,0,0,0,0,0,1,1,0,0,0,0,1
’¬“cs¬μ‚Q’–Ϊ,7,0,0,0,0,0,0,0,0,0,2,0,0,0,0,2,0,0,0,3,0,0,1,0,0,0,0,0,0,0,2,2,1,0,0,0,1
’¬“cs¬μ‚R’–Ϊ,3,0,0,0,1,0,0,1,0,0,0,0,0,0,0,0,0,0,0,2,0,0,1,0,0,0,0,0,0,0,1,0,0,0,0,0,0
’¬“cs¬μ‚T’–Ϊ,3,0,0,0,0,0,0,0,0,0,0,0,0,0,0,0,0,0,0,0,0,0,0,0,0,0,0,0,0,0,0,3,1,0,0,0,2
’¬“cs¬μ‚U’–Ϊ,7,0,0,0,0,0,0,0,0,0,0,0,0,0,0,0,0,0,0,5,0,0,2,0,0,0,0,0,0,0,3,2,1,0,0,0,1
’¬“cs¬μ‚V’–Ϊ,3,0,0,0,0,0,0,0,0,0,1,0,0,0,1,0,0,0,0,1,0,0,0,0,0,0,0,0,0,1,0,1,0,0,0,0,1
’¬“cs‚Β‚­‚µ–μ‚P’–Ϊ,9,1,0,1,0,0,0,0,0,0,0,0,0,0,0,0,0,0,0,3,0,0,1,0,0,0,0,0,0,2,0,5,3,0,0,0,2
’¬“cs‚Β‚­‚µ–μ‚Q’–Ϊ,6,0,0,0,0,0,0,0,0,0,1,0,0,0,0,0,0,0,1,1,0,0,0,0,0,0,0,0,0,0,1,4,2,1,0,0,1
’¬“cs‚Β‚­‚µ–μ‚R’–Ϊ,5,0,0,0,1,0,1,0,0,0,0,0,0,0,0,0,0,0,0,3,0,0,1,1,0,1,0,0,0,0,0,1,1,0,0,0,0
’¬“cs‚Β‚­‚µ–μ‚S’–Ϊ,5,0,0,0,0,0,0,0,0,0,1,0,0,0,0,1,0,0,0,0,0,0,0,0,0,0,0,0,0,0,0,4,2,0,0,0,2
’¬“cs“μ‚Β‚­‚µ–μ‚P’–Ϊ,2,0,0,0,0,0,0,0,0,0,0,0,0,0,0,0,0,0,0,0,0,0,0,0,0,0,0,0,0,0,0,2,2,0,0,0,0
’¬“cs“μ‚Β‚­‚µ–μ‚Q’–Ϊ,3,0,0,0,0,0,0,0,0,0,0,0,0,0,0,0,0,0,0,3,0,0,1,0,0,0,0,0,0,0,2,0,0,0,0,0,0
’¬“cs“μ‚Β‚­‚µ–μ‚R’–Ϊ,8,0,0,0,1,0,0,1,0,0,0,0,0,0,0,0,0,0,0,7,0,0,1,0,0,2,0,0,0,2,2,0,0,0,0,0,0
’¬“cs“μ‚Β‚­‚µ–μ‚S’–Ϊ,1,0,0,0,0,0,0,0,0,0,1,0,0,0,0,0,1,0,0,0,0,0,0,0,0,0,0,0,0,0,0,0,0,0,0,0,0
’¬“cs¬–μH’¬,24,0,0,0,2,0,2,0,0,0,1,0,0,1,0,0,0,0,0,17,1,2,10,0,0,0,0,0,0,0,4,4,1,1,0,0,2
’¬“cs–μ’Γ“c’¬,52,1,0,1,4,0,2,2,0,0,5,1,0,0,1,1,0,0,2,28,0,2,8,0,0,1,0,0,1,7,9,14,7,1,0,0,6
’¬“cs‘ε‘ ’¬,35,0,0,0,2,0,0,1,1,0,2,0,0,0,0,2,0,0,0,19,0,1,9,2,0,1,0,0,0,1,5,12,9,1,0,0,2
’¬“cs^υ›’¬,7,0,0,0,0,0,0,0,0,0,0,0,0,0,0,0,0,0,0,4,0,1,1,0,0,1,0,0,0,0,1,3,0,1,0,0,2
’¬“cs^υ›‚P’–Ϊ,1,0,0,0,0,0,0,0,0,0,0,0,0,0,0,0,0,0,0,1,0,0,0,0,0,0,0,0,0,1,0,0,0,0,0,0,0
’¬“cs^υ›‚Q’–Ϊ,1,0,0,0,0,0,0,0,0,0,0,0,0,0,0,0,0,0,0,1,0,0,1,0,0,0,0,0,0,0,0,0,0,0,0,0,0
’¬“cs^υ›‚R’–Ϊ,12,0,0,0,0,0,0,0,0,0,0,0,0,0,0,0,0,0,0,11,0,0,0,0,0,0,0,0,0,11,0,1,0,0,0,0,1
’¬“csLΡ’¬,2,0,0,0,0,0,0,0,0,0,0,0,0,0,0,0,0,0,0,1,0,0,0,0,0,0,0,0,0,0,1,1,0,0,0,0,1
’¬“csLΡ‚P’–Ϊ,2,0,0,0,0,0,0,0,0,0,0,0,0,0,0,0,0,0,0,2,0,0,2,0,0,0,0,0,0,0,0,0,0,0,0,0,0
’¬“csLΡ‚Q’–Ϊ,2,0,0,0,0,0,0,0,0,0,0,0,0,0,0,0,0,0,0,1,0,0,1,0,0,0,0,0,0,0,0,1,1,0,0,0,0
’¬“csLΡ‚R’–Ϊ,5,0,0,0,0,0,0,0,0,0,1,0,0,0,0,1,0,0,0,3,1,0,1,0,0,0,0,0,0,1,0,1,0,0,0,0,1
’¬“cs”\ƒ–’J‚P’–Ϊ,56,1,1,0,4,0,4,0,0,0,0,0,0,0,0,0,0,0,0,43,0,2,21,1,0,0,0,0,0,10,9,8,2,1,0,0,5
’¬“cs”\ƒ–’J‚Q’–Ϊ,4,0,0,0,0,0,0,0,0,0,1,0,0,0,1,0,0,0,0,1,0,0,1,0,0,0,0,0,0,0,0,2,0,0,0,0,2
’¬“cs”\ƒ–’J‚R’–Ϊ,1,0,0,0,0,0,0,0,0,0,0,0,0,0,0,0,0,0,0,1,0,0,0,1,0,0,0,0,0,0,0,0,0,0,0,0,0
’¬“cs”\ƒ–’J‚S’–Ϊ,15,0,0,0,0,0,0,0,0,0,1,0,0,0,0,1,0,0,0,10,0,0,1,0,0,0,0,0,0,9,0,4,2,0,0,0,2
’¬“cs”\ƒ–’J‚T’–Ϊ,1,0,0,0,0,0,0,0,0,0,0,0,0,0,0,0,0,0,0,0,0,0,0,0,0,0,0,0,0,0,0,1,1,0,0,0,0
’¬“cs”\ƒ–’J‚U’–Ϊ,2,0,0,0,0,0,0,0,0,0,0,0,0,0,0,0,0,0,0,2,0,0,1,1,0,0,0,0,0,0,0,0,0,0,0,0,0
’¬“cs”\ƒ–’J‚V’–Ϊ,10,0,0,0,1,0,1,0,0,0,1,0,0,0,0,1,0,0,0,2,0,0,0,0,0,0,0,0,0,1,1,6,4,0,0,0,2
’¬“csO—Φ’¬,26,0,0,0,0,0,0,0,0,0,3,0,0,0,0,0,0,0,3,15,0,0,4,1,0,3,0,0,0,2,5,8,2,0,0,0,6
’¬“cs¬R“cχ‘δ‚P’–Ϊ,8,0,0,0,0,0,0,0,0,0,0,0,0,0,0,0,0,0,0,5,0,1,3,0,0,0,0,0,0,0,1,3,1,0,0,0,2
’¬“cs¬R“cχ‘δ‚Q’–Ϊ,3,0,0,0,0,0,0,0,0,0,0,0,0,0,0,0,0,0,0,3,0,1,0,0,0,0,0,0,0,0,2,0,0,0,0,0,0
’¬“cs’ίμ‚P’–Ϊ,1,0,0,0,0,0,0,0,0,0,0,0,0,0,0,0,0,0,0,1,0,0,0,0,0,0,0,0,0,1,0,0,0,0,0,0,0
’¬“cs’ίμ‚Q’–Ϊ,3,0,0,0,0,0,0,0,0,0,0,0,0,0,0,0,0,0,0,2,0,1,0,0,0,0,0,0,0,1,0,1,1,0,0,0,0
’¬“cs’ίμ‚R’–Ϊ,4,0,0,0,0,0,0,0,0,0,0,0,0,0,0,0,0,0,0,3,0,2,0,0,0,0,0,0,0,0,1,1,0,0,0,0,1
’¬“cs’ίμ‚S’–Ϊ,4,0,0,0,0,0,0,0,0,0,1,0,0,0,0,0,0,0,1,3,0,1,2,0,0,0,0,0,0,0,0,0,0,0,0,0,0
’¬“cs’ίμ‚T’–Ϊ,7,1,0,1,0,0,0,0,0,0,0,0,0,0,0,0,0,0,0,4,0,1,1,0,0,0,0,0,0,0,2,2,2,0,0,0,0
’¬“cs’ίμ‚U’–Ϊ,6,0,0,0,1,0,0,1,0,0,1,0,0,0,0,1,0,0,0,4,0,3,0,0,0,0,0,0,0,0,1,0,0,0,0,0,0
’¬“cs}t’¬,24,0,0,0,3,0,1,2,0,0,1,0,0,0,0,0,0,0,1,8,0,2,3,0,0,2,0,0,0,0,1,12,3,0,0,0,9
’¬“csªέ’¬,10,0,0,0,0,0,0,0,0,0,0,0,0,0,0,0,0,0,0,10,0,0,5,0,0,0,0,0,0,2,3,0,0,0,0,0,0
’¬“csªέ‚P’–Ϊ,3,0,0,0,1,0,1,0,0,0,0,0,0,0,0,0,0,0,0,0,0,0,0,0,0,0,0,0,0,0,0,2,0,0,0,0,2
’¬“csªέ‚Q’–Ϊ,33,0,0,0,0,0,0,0,0,0,1,0,0,0,0,0,0,0,1,31,0,0,10,0,0,0,0,0,0,17,4,1,1,0,0,0,0
’¬“cs–ξ•”’¬,8,0,0,0,0,0,0,0,0,0,0,0,0,0,0,0,0,0,0,6,0,1,3,0,0,0,0,0,0,0,2,2,1,0,0,0,1
’¬“csν”Υ’¬,20,0,0,0,0,0,0,0,0,0,2,0,0,0,0,0,0,0,2,12,0,0,7,0,0,0,0,0,0,2,3,6,2,0,0,0,4
’¬“csγ¬R“c’¬,7,0,0,0,0,0,0,0,0,0,0,0,0,0,0,0,0,0,0,6,0,1,1,0,0,1,0,0,0,0,3,1,1,0,0,0,0
’¬“cs‰Ί¬R“c’¬,16,0,0,0,2,0,0,1,1,0,2,0,0,0,0,1,0,0,1,5,0,0,2,0,0,0,0,0,0,0,3,7,5,1,0,0,1
’¬“cs‘΄’¬,66,1,1,0,2,0,1,1,0,0,8,0,0,0,1,3,2,1,1,39,1,5,19,2,0,2,0,0,0,1,9,16,7,0,0,0,9
’¬“cs¬R’¬,88,0,0,0,4,0,2,1,1,0,4,0,0,0,0,2,2,0,0,37,0,0,16,3,0,1,0,0,0,8,9,43,20,3,0,0,20
’¬“cs’ίΤ‚P’–Ϊ,4,0,0,0,0,0,0,0,0,0,0,0,0,0,0,0,0,0,0,3,0,0,0,0,0,0,0,0,0,1,2,1,1,0,0,0,0
’¬“cs’ίΤ‚Q’–Ϊ,2,0,0,0,0,0,0,0,0,0,0,0,0,0,0,0,0,0,0,2,0,0,2,0,0,0,0,0,0,0,0,0,0,0,0,0,0
’¬“cs’ίΤ‚R’–Ϊ,70,0,0,0,2,0,2,0,0,0,0,0,0,0,0,0,0,0,0,66,0,0,29,0,0,0,0,0,0,28,9,2,1,1,0,0,0
’¬“cs’ίΤ‚S’–Ϊ,5,0,0,0,0,0,0,0,0,0,0,0,0,0,0,0,0,0,0,4,0,0,0,0,0,2,0,0,0,0,2,1,1,0,0,0,0
’¬“cs’ίΤ‚T’–Ϊ,6,0,0,0,1,0,1,0,0,0,0,0,0,0,0,0,0,0,0,4,0,1,0,0,0,0,0,0,0,0,3,1,1,0,0,0,0
’¬“cs’ίΤ‚U’–Ϊ,4,0,0,0,1,0,0,1,0,0,0,0,0,0,0,0,0,0,0,2,0,0,0,0,1,0,0,0,0,0,1,1,0,0,0,0,1
’¬“cs’ίΤ‚V’–Ϊ,11,2,1,1,1,0,0,1,0,0,1,0,0,0,0,1,0,0,0,4,0,0,0,0,0,0,0,0,0,0,4,3,3,0,0,0,0
’¬“cs’ίΤ‚W’–Ϊ,5,0,0,0,1,0,0,1,0,0,0,0,0,0,0,0,0,0,0,4,0,0,0,0,0,0,0,0,0,0,4,0,0,0,0,0,0
’¬“cs¬£‘δ‚P’–Ϊ,3,0,0,0,0,0,0,0,0,0,0,0,0,0,0,0,0,0,0,1,0,1,0,0,0,0,0,0,0,0,0,2,1,0,0,0,1
’¬“cs¬£‘δ‚Q’–Ϊ,5,0,0,0,0,0,0,0,0,0,1,0,0,0,0,0,1,0,0,0,0,0,0,0,0,0,0,0,0,0,0,4,3,0,0,0,1
’¬“cs¬£‘δ‚R’–Ϊ,2,0,0,0,1,0,1,0,0,0,0,0,0,0,0,0,0,0,0,1,0,0,1,0,0,0,0,0,0,0,0,0,0,0,0,0,0
’¬“cs¬£‘δ‚S’–Ϊ,3,0,0,0,0,0,0,0,0,0,2,0,0,0,0,2,0,0,0,0,0,0,0,0,0,0,0,0,0,0,0,1,0,0,0,0,1
’¬“cs’‰¶‚P’–Ϊ,15,0,0,0,1,0,1,0,0,0,1,0,0,0,0,1,0,0,0,12,1,0,6,1,0,0,0,0,0,0,4,1,0,0,0,0,1
’¬“cs’‰¶‚Q’–Ϊ,7,0,0,0,1,0,1,0,0,0,1,0,0,0,0,0,0,0,1,2,0,1,0,0,0,0,0,0,0,1,0,3,1,0,0,0,2
’¬“cs’‰¶‚R’–Ϊ,14,0,0,0,0,0,0,0,0,0,0,0,0,0,0,0,0,0,0,11,1,0,5,1,0,0,0,0,0,2,2,3,1,1,0,0,1
’¬“cs’‰¶‚S’–Ϊ,8,0,0,0,0,0,0,0,0,0,0,0,0,0,0,0,0,0,0,5,0,0,1,0,0,0,0,0,0,2,2,3,2,0,0,0,1
’¬“cs¬£‚P’–Ϊ,5,0,0,0,0,0,0,0,0,0,0,0,0,0,0,0,0,0,0,1,0,0,0,1,0,0,0,0,0,0,0,4,1,0,0,0,3
’¬“cs¬£‚Q’–Ϊ,1,0,0,0,0,0,0,0,0,0,0,0,0,0,0,0,0,0,0,0,0,0,0,0,0,0,0,0,0,0,0,1,1,0,0,0,0
’¬“cs¬£‚S’–Ϊ,7,0,0,0,0,0,0,0,0,0,0,0,0,0,0,0,0,0,0,4,0,0,0,0,0,0,0,0,0,4,0,3,0,0,0,0,3
’¬“cs¬£‚T’–Ϊ,2,0,0,0,0,0,0,0,0,0,0,0,0,0,0,0,0,0,0,1,0,0,1,0,0,0,0,0,0,0,0,1,0,0,0,0,1
’¬“cs¬£‚U’–Ϊ,5,0,0,0,0,0,0,0,0,0,0,0,0,0,0,0,0,0,0,3,0,0,3,0,0,0,0,0,0,0,0,2,0,0,0,0,2
’¬“cs¬£‚V’–Ϊ,5,0,0,0,0,0,0,0,0,0,0,0,0,0,0,0,0,0,0,3,0,0,0,0,0,0,0,0,0,1,2,2,0,0,0,0,2
’¬“cs¬£‚W’–Ϊ,2,0,0,0,0,0,0,0,0,0,0,0,0,0,0,0,0,0,0,1,0,0,1,0,0,0,0,0,0,0,0,1,1,0,0,0,0
’¬“cs“μ¬£‚P’–Ϊ,19,0,0,0,2,0,2,0,0,0,0,0,0,0,0,0,0,0,0,11,0,0,6,0,0,0,0,0,0,3,2,6,1,0,0,0,5
’¬“cs“μ¬£‚Q’–Ϊ,1,0,0,0,0,0,0,0,0,0,0,0,0,0,0,0,0,0,0,1,0,0,1,0,0,0,0,0,0,0,0,0,0,0,0,0,0
’¬“cs“μ¬£‚R’–Ϊ,1,0,0,0,0,0,0,0,0,0,0,0,0,0,0,0,0,0,0,0,0,0,0,0,0,0,0,0,0,0,0,1,0,0,0,0,1
’¬“cs“μ¬£‚S’–Ϊ,10,0,0,0,2,0,0,1,1,0,0,0,0,0,0,0,0,0,0,5,0,0,0,0,0,0,0,0,0,5,0,3,1,0,0,0,2
’¬“cs“μ¬£‚T’–Ϊ,6,0,0,0,0,0,0,0,0,0,1,0,0,0,1,0,0,0,0,4,0,0,3,0,0,0,0,0,0,0,1,1,1,0,0,0,0
’¬“cs“μ¬£‚U’–Ϊ,2,0,0,0,1,0,1,0,0,0,0,0,0,0,0,0,0,0,0,0,0,0,0,0,0,0,0,0,0,0,0,1,1,0,0,0,0
’¬“cs“μ¬£‚V’–Ϊ,5,0,0,0,0,0,0,0,0,0,1,0,0,0,0,1,0,0,0,2,0,0,1,0,0,0,0,0,0,0,1,2,0,0,0,0,2
’¬“cs“μ¬£‚W’–Ϊ,1,0,0,0,0,0,0,0,0,0,1,0,0,0,0,0,1,0,0,0,0,0,0,0,0,0,0,0,0,0,0,0,0,0,0,0,0
’¬“cs“‹Κμw‰€‚P’–Ϊ,5,0,0,0,0,0,0,0,0,0,4,0,0,0,0,1,1,0,2,0,0,0,0,0,0,0,0,0,0,0,0,1,1,0,0,0,0
’¬“cs“‹Κμw‰€‚Q’–Ϊ,1,0,0,0,0,0,0,0,0,0,1,0,0,0,0,0,0,0,1,0,0,0,0,0,0,0,0,0,0,0,0,0,0,0,0,0,0
’¬“cs“‹Κμw‰€‚S’–Ϊ,1,0,0,0,0,0,0,0,0,0,0,0,0,0,0,0,0,0,0,0,0,0,0,0,0,0,0,0,0,0,0,1,0,0,0,0,1
’¬“cs–ςt‘δ‚P’–Ϊ,1,0,0,0,0,0,0,0,0,0,0,0,0,0,0,0,0,0,0,0,0,0,0,0,0,0,0,0,0,0,0,1,1,0,0,0,0
’¬“cs–ςt‘δ‚R’–Ϊ,1,0,0,0,0,0,0,0,0,0,0,0,0,0,0,0,0,0,0,1,0,0,0,1,0,0,0,0,0,0,0,0,0,0,0,0,0
’¬“cs¬£‚ª‹u‚P’–Ϊ,3,0,0,0,1,0,0,0,1,0,0,0,0,0,0,0,0,0,0,1,0,0,0,0,0,0,0,0,0,0,1,1,1,0,0,0,0
’¬“cs¬£‚ª‹u‚Q’–Ϊ,11,0,0,0,0,0,0,0,0,0,0,0,0,0,0,0,0,0,0,8,0,1,3,0,0,0,0,0,0,3,1,3,1,0,0,0,2
’¬“cs¬£‚ª‹u‚R’–Ϊ,4,0,0,0,1,0,1,0,0,0,0,0,0,0,0,0,0,0,0,2,0,0,2,0,0,0,0,0,0,0,0,1,0,0,0,0,1
’¬“csO—Φ—ΞR‚P’–Ϊ,3,0,0,0,0,0,0,0,0,0,0,0,0,0,0,0,0,0,0,0,0,0,0,0,0,0,0,0,0,0,0,3,0,0,0,0,3
’¬“csO—Φ—ΞR‚Q’–Ϊ,6,0,0,0,0,0,0,0,0,0,1,0,0,0,0,1,0,0,0,0,0,0,0,0,0,0,0,0,0,0,0,5,5,0,0,0,0
’¬“csO—Φ—ΞR‚R’–Ϊ,3,0,0,0,0,0,0,0,0,0,0,0,0,0,0,0,0,0,0,1,0,0,0,0,0,0,0,0,0,0,1,2,0,0,0,0,2
’¬“csO—Φ—ΞR‚S’–Ϊ,3,0,0,0,0,0,0,0,0,0,0,0,0,0,0,0,0,0,0,2,0,0,0,1,0,0,0,0,0,0,1,1,1,0,0,0,0
’¬“cs¬Rƒ–‹u‚P’–Ϊ,8,0,0,0,1,0,1,0,0,0,0,0,0,0,0,0,0,0,0,4,0,1,0,0,0,0,0,0,0,0,3,3,2,0,0,0,1
’¬“cs¬Rƒ–‹u‚Q’–Ϊ,19,0,0,0,0,0,0,0,0,0,0,0,0,0,0,0,0,0,0,8,0,0,1,0,0,0,0,0,0,6,1,11,10,1,0,0,0
’¬“cs¬Rƒ–‹u‚R’–Ϊ,40,0,0,0,1,0,0,1,0,0,0,0,0,0,0,0,0,0,0,31,0,0,8,0,0,0,0,0,0,19,4,8,0,2,0,0,6
’¬“cs¬Rƒ–‹u‚S’–Ϊ,11,0,0,0,0,0,0,0,0,0,0,0,0,0,0,0,0,0,0,6,0,0,5,0,0,0,0,0,0,0,1,5,3,0,0,0,2
’¬“cs¬Rƒ–‹u‚T’–Ϊ,6,1,0,1,2,0,2,0,0,0,0,0,0,0,0,0,0,0,0,2,0,0,1,0,0,0,0,0,0,0,1,1,1,0,0,0,0
’¬“cs¬Rƒ–‹u‚U’–Ϊ,16,0,0,0,1,0,1,0,0,0,0,0,0,0,0,0,0,0,0,14,0,0,0,0,0,0,0,0,0,11,3,1,0,1,0,0,0
’¬“cs–Ψ‘]“‚P’–Ϊ,31,0,0,0,1,0,0,1,0,0,0,0,0,0,0,0,0,0,0,21,0,3,14,0,0,0,0,0,0,0,4,9,3,0,1,0,5
’¬“cs–Ψ‘]“‚Q’–Ϊ,10,0,0,0,1,0,1,0,0,0,0,0,0,0,0,0,0,0,0,6,0,1,2,0,0,0,0,0,0,0,3,3,0,0,0,0,3
’¬“cs–Ψ‘]“‚R’–Ϊ,10,0,0,0,0,0,0,0,0,0,0,0,0,0,0,0,0,0,0,7,0,4,2,0,0,0,0,0,0,0,1,3,1,1,0,0,1
’¬“cs–Ψ‘]“‚S’–Ϊ,23,0,0,0,0,0,0,0,0,0,1,0,0,0,0,0,0,0,1,15,0,4,6,0,0,0,0,0,1,1,3,7,2,0,0,0,5
’¬“cs–Ψ‘]Ό‚P’–Ϊ,8,0,0,0,2,0,2,0,0,0,1,0,0,0,0,0,0,0,1,5,0,0,1,0,0,0,0,0,0,3,1,0,0,0,0,0,0
’¬“cs–Ψ‘]Ό‚Q’–Ϊ,3,0,0,0,0,0,0,0,0,0,0,0,0,0,0,0,0,0,0,3,0,0,1,0,0,0,0,0,0,2,0,0,0,0,0,0,0
’¬“cs–Ψ‘]Ό‚R’–Ϊ,5,0,0,0,0,0,0,0,0,0,0,0,0,0,0,0,0,0,0,5,0,0,1,0,0,0,0,0,0,3,1,0,0,0,0,0,0
’¬“cs–Ψ‘]Ό‚S’–Ϊ,3,0,0,0,0,0,0,0,0,0,0,0,0,0,0,0,0,0,0,2,0,0,1,0,0,0,0,0,0,1,0,1,1,0,0,0,0
’¬“cs–Ψ‘]Ό‚T’–Ϊ,4,0,0,0,1,0,0,1,0,0,0,0,0,0,0,0,0,0,0,2,0,0,2,0,0,0,0,0,0,0,0,1,0,0,0,0,1
’¬“csΌ¬£‚P’–Ϊ,4,0,0,0,0,0,0,0,0,0,0,0,0,0,0,0,0,0,0,2,0,0,1,1,0,0,0,0,0,0,0,2,2,0,0,0,0
’¬“csΌ¬£‚Q’–Ϊ,9,0,0,0,0,0,0,0,0,0,2,0,0,0,0,2,0,0,0,5,0,0,5,0,0,0,0,0,0,0,0,2,1,0,0,0,1
’¬“csΌ¬£‚R’–Ϊ,2,0,0,0,0,0,0,0,0,0,0,0,0,0,0,0,0,0,0,1,0,0,1,0,0,0,0,0,0,0,0,1,1,0,0,0,0
’¬“cs“μ’¬“c‚P’–Ϊ,4,0,0,0,0,0,0,0,0,0,1,0,0,0,1,0,0,0,0,1,0,0,1,0,0,0,0,0,0,0,0,2,1,0,0,0,1
’¬“cs“μ’¬“c‚Q’–Ϊ,3,0,0,0,0,0,0,0,0,0,0,0,0,0,0,0,0,0,0,1,0,0,1,0,0,0,0,0,0,0,0,2,1,1,0,0,0
’¬“cs“μ’¬“c‚R’–Ϊ,7,0,0,0,0,0,0,0,0,0,1,0,0,0,0,0,1,0,0,5,0,0,3,0,0,0,0,0,0,0,2,1,1,0,0,0,0
’¬“cs“μ’¬“c‚S’–Ϊ,9,0,0,0,1,0,1,0,0,0,0,0,0,0,0,0,0,0,0,8,0,1,0,0,0,0,0,0,1,1,5,0,0,0,0,0,0
’¬“cs“μ’¬“c‚T’–Ϊ,8,0,0,0,0,0,0,0,0,0,1,0,0,0,0,0,0,0,1,3,0,0,2,0,0,0,0,0,0,0,1,4,2,0,0,0,2
’¬“cs‹ΰδƒ–‹u‚P’–Ϊ,4,0,0,0,0,0,0,0,0,0,1,0,0,0,0,1,0,0,0,1,0,0,0,0,0,0,0,0,0,0,1,2,0,1,0,0,1
’¬“cs‹ΰδƒ–‹u‚Q’–Ϊ,7,0,0,0,0,0,0,0,0,0,0,0,0,0,0,0,0,0,0,6,0,0,2,0,0,0,0,0,0,3,1,1,1,0,0,0,0
’¬“cs‹ΰδƒ–‹u‚R’–Ϊ,2,0,0,0,0,0,0,0,0,0,0,0,0,0,0,0,0,0,0,1,0,0,1,0,0,0,0,0,0,0,0,1,1,0,0,0,0
’¬“cs‹ΰδƒ–‹u‚S’–Ϊ,7,0,0,0,0,0,0,0,0,0,0,0,0,0,0,0,0,0,0,4,0,0,2,0,0,0,0,0,0,1,1,3,3,0,0,0,0
’¬“cs‹ΰδƒ–‹u‚T’–Ϊ,1,0,0,0,0,0,0,0,0,0,0,0,0,0,0,0,0,0,0,1,0,0,0,0,0,0,0,0,0,0,1,0,0,0,0,0,0
’¬“cs“΅‚Μ‘δ‚P’–Ϊ,14,0,0,0,0,0,0,0,0,0,0,0,0,0,0,0,0,0,0,13,0,2,4,0,0,0,0,0,0,0,7,1,0,0,0,0,1
’¬“cs“΅‚Μ‘δ‚Q’–Ϊ,7,0,0,0,0,0,0,0,0,0,0,0,0,0,0,0,0,0,0,4,0,2,1,0,0,0,0,0,0,0,1,3,2,0,0,0,1
’¬“cs“΅‚Μ‘δ‚R’–Ϊ,3,0,0,0,0,0,0,0,0,0,0,0,0,0,0,0,0,0,0,3,0,1,1,0,0,0,0,0,0,0,1,0,0,0,0,0,0
’¬“cs“μ‘ε’J‚P’–Ϊ,4,0,0,0,0,0,0,0,0,0,1,0,0,0,0,0,0,0,1,0,0,0,0,0,0,0,0,0,0,0,0,3,1,0,0,0,2
’¬“cs“μ‘ε’J‚Q’–Ϊ,2,0,0,0,0,0,0,0,0,0,0,0,0,0,0,0,0,0,0,1,0,0,1,0,0,0,0,0,0,0,0,1,0,0,0,0,1
’¬“cs“μ‘ε’J‚R’–Ϊ,4,0,0,0,0,0,0,0,0,0,1,0,0,0,0,0,0,0,1,1,0,0,1,0,0,0,0,0,0,0,0,2,0,0,0,0,2
’¬“cs“μ‘ε’J‚S’–Ϊ,5,0,0,0,1,0,1,0,0,0,0,0,0,0,0,0,0,0,0,4,0,0,2,0,0,0,0,0,0,1,1,0,0,0,0,0,0
’¬“cs“μ‘ε’J‚T’–Ϊ,2,0,0,0,0,0,0,0,0,0,0,0,0,0,0,0,0,0,0,1,0,0,1,0,0,0,0,0,0,0,0,1,0,0,0,0,1
’¬“cs“μ‘ε’J‚U’–Ϊ,1,0,0,0,0,0,0,0,0,0,0,0,0,0,0,0,0,0,0,1,0,0,0,0,0,0,0,0,0,0,1,0,0,0,0,0,0
’¬“cs“μ‘ε’J‚V’–Ϊ,2,0,0,0,0,0,0,0,0,0,1,0,0,0,0,1,0,0,0,0,0,0,0,0,0,0,0,0,0,0,0,1,0,0,0,0,1
’¬“csv,2361,19,7,12,144,0,80,50,11,3,105,1,1,1,11,36,14,3,38,1497,11,86,600,33,1,22,3,1,13,392,335,596,245,35,7,0,309
¬‹ΰδs“’¬‚P’–Ϊ,12,0,0,0,0,0,0,0,0,0,0,0,0,0,0,0,0,0,0,10,0,0,7,0,0,0,0,0,0,0,3,2,2,0,0,0,0
¬‹ΰδs“’¬‚Q’–Ϊ,5,0,0,0,0,0,0,0,0,0,0,0,0,0,0,0,0,0,0,3,0,0,3,0,0,0,0,0,0,0,0,2,1,0,0,0,1
¬‹ΰδs“’¬‚R’–Ϊ,10,0,0,0,0,0,0,0,0,0,0,0,0,0,0,0,0,0,0,6,0,0,5,0,0,0,0,0,0,0,1,4,2,0,0,0,2
¬‹ΰδs“’¬‚S’–Ϊ,52,1,0,1,0,0,0,0,0,0,0,0,0,0,0,0,0,0,0,43,0,0,27,2,0,0,0,0,1,2,11,8,1,2,0,0,5
¬‹ΰδs“’¬‚T’–Ϊ,11,0,0,0,1,0,0,1,0,0,0,0,0,0,0,0,0,0,0,6,0,0,6,0,0,0,0,0,0,0,0,4,2,0,0,0,2
¬‹ΰδs–μ’¬‚P’–Ϊ,9,0,0,0,0,0,0,0,0,0,0,0,0,0,0,0,0,0,0,8,0,0,6,2,0,0,0,0,0,0,0,1,0,1,0,0,0
¬‹ΰδs–μ’¬‚Q’–Ϊ,5,0,0,0,0,0,0,0,0,0,0,0,0,0,0,0,0,0,0,3,0,0,3,0,0,0,0,0,0,0,0,2,1,1,0,0,0
¬‹ΰδs–μ’¬‚R’–Ϊ,6,0,0,0,0,0,0,0,0,0,0,0,0,0,0,0,0,0,0,5,0,0,4,0,0,0,0,0,0,0,1,1,0,1,0,0,0
¬‹ΰδs–μ’¬‚S’–Ϊ,14,0,0,0,1,0,1,0,0,0,0,0,0,0,0,0,0,0,0,11,0,0,6,0,0,0,0,0,0,0,5,2,0,0,0,0,2
¬‹ΰδs–μ’¬‚T’–Ϊ,45,0,0,0,1,0,1,0,0,0,0,0,0,0,0,0,0,0,0,38,0,0,31,0,0,0,0,0,0,2,5,6,0,1,0,0,5
¬‹ΰδsΦ–μ’¬‚P’–Ϊ,20,0,0,0,0,0,0,0,0,0,0,0,0,0,0,0,0,0,0,19,0,0,8,7,0,0,0,0,1,0,3,1,0,0,0,0,1
¬‹ΰδsΦ–μ’¬‚Q’–Ϊ,3,0,0,0,0,0,0,0,0,0,0,0,0,0,0,0,0,0,0,3,0,0,2,1,0,0,0,0,0,0,0,0,0,0,0,0,0
¬‹ΰδs—Ξ’¬‚P’–Ϊ,11,0,0,0,0,0,0,0,0,0,0,0,0,0,0,0,0,0,0,9,0,0,7,0,0,0,0,0,0,0,2,2,0,1,0,0,1
¬‹ΰδs—Ξ’¬‚Q’–Ϊ,18,1,0,1,1,0,1,0,0,0,0,0,0,0,0,0,0,0,0,14,0,1,9,0,0,0,0,0,0,3,1,2,1,0,1,0,0
¬‹ΰδs—Ξ’¬‚R’–Ϊ,7,1,0,1,1,0,1,0,0,0,0,0,0,0,0,0,0,0,0,4,0,0,4,0,0,0,0,0,0,0,0,1,1,0,0,0,0
¬‹ΰδs—Ξ’¬‚S’–Ϊ,4,0,0,0,0,0,0,0,0,0,0,0,0,0,0,0,0,0,0,2,0,0,1,0,0,0,0,0,0,0,1,2,0,0,0,0,2
¬‹ΰδs—Ξ’¬‚T’–Ϊ,21,0,0,0,1,0,0,1,0,0,0,0,0,0,0,0,0,0,0,17,0,0,12,0,0,0,0,0,0,0,5,3,1,0,0,0,2
¬‹ΰδs’†’¬‚P’–Ϊ,8,1,0,1,0,0,0,0,0,0,0,0,0,0,0,0,0,0,0,6,0,0,6,0,0,0,0,0,0,0,0,1,1,0,0,0,0
¬‹ΰδs’†’¬‚Q’–Ϊ,17,0,0,0,1,0,0,0,1,0,0,0,0,0,0,0,0,0,0,10,0,0,7,0,0,0,0,0,0,0,3,6,0,1,0,0,5
¬‹ΰδs’†’¬‚R’–Ϊ,7,0,0,0,1,0,0,1,0,0,0,0,0,0,0,0,0,0,0,6,0,0,6,0,0,0,0,0,0,0,0,0,0,0,0,0,0
¬‹ΰδs’†’¬‚S’–Ϊ,6,0,0,0,1,0,0,1,0,0,0,0,0,0,0,0,0,0,0,5,0,0,1,1,0,0,0,0,0,0,3,0,0,0,0,0,0
¬‹ΰδs‘O΄’¬‚P’–Ϊ,12,0,0,0,0,0,0,0,0,0,0,0,0,0,0,0,0,0,0,10,0,0,2,0,0,0,0,0,0,6,2,2,0,0,0,0,2
¬‹ΰδs‘O΄’¬‚Q’–Ϊ,9,0,0,0,0,0,0,0,0,0,0,0,0,0,0,0,0,0,0,3,0,0,0,0,0,1,0,0,0,0,2,6,6,0,0,0,0
¬‹ΰδs‘O΄’¬‚R’–Ϊ,15,0,0,0,2,0,2,0,0,0,0,0,0,0,0,0,0,0,0,10,0,1,9,0,0,0,0,0,0,0,0,3,2,1,0,0,0
¬‹ΰδs‘O΄’¬‚S’–Ϊ,10,0,0,0,1,0,0,0,1,0,0,0,0,0,0,0,0,0,0,7,0,0,2,1,0,0,0,0,0,0,4,2,1,0,0,0,1
¬‹ΰδs‘O΄’¬‚T’–Ϊ,12,0,0,0,0,0,0,0,0,0,0,0,0,0,0,0,0,0,0,11,0,0,3,3,0,0,0,0,0,1,4,1,1,0,0,0,0
¬‹ΰδs–{’¬‚P’–Ϊ,28,0,0,0,1,0,1,0,0,0,0,0,0,0,0,0,0,0,0,23,0,0,22,0,0,0,0,0,0,0,1,4,1,0,0,0,3
¬‹ΰδs–{’¬‚Q’–Ϊ,19,0,0,0,1,0,1,0,0,0,0,0,0,0,0,0,0,0,0,17,0,0,13,0,0,0,0,0,0,1,3,1,0,1,0,0,0
¬‹ΰδs–{’¬‚R’–Ϊ,5,0,0,0,2,0,0,2,0,0,0,0,0,0,0,0,0,0,0,2,0,0,1,0,0,0,0,0,0,0,1,1,0,0,0,0,1
¬‹ΰδs–{’¬‚S’–Ϊ,9,0,0,0,1,0,0,1,0,0,0,0,0,0,0,0,0,0,0,6,0,1,3,1,0,1,0,0,0,0,0,2,1,0,1,0,0
¬‹ΰδs–{’¬‚T’–Ϊ,118,0,0,0,2,0,1,1,0,0,0,0,0,0,0,0,0,0,0,100,0,0,67,1,0,0,0,0,1,23,8,16,1,3,1,0,11
¬‹ΰδs–{’¬‚U’–Ϊ,71,0,0,0,5,0,4,0,1,0,1,0,0,0,0,0,0,0,1,56,0,1,14,0,0,0,1,0,5,34,1,9,0,2,1,0,6
¬‹ΰδsχ’¬‚P’–Ϊ,6,0,0,0,1,0,1,0,0,0,0,0,0,0,0,0,0,0,0,2,0,0,1,1,0,0,0,0,0,0,0,3,2,0,0,0,1
¬‹ΰδsχ’¬‚Q’–Ϊ,2,0,0,0,2,0,0,2,0,0,0,0,0,0,0,0,0,0,0,0,0,0,0,0,0,0,0,0,0,0,0,0,0,0,0,0,0
¬‹ΰδsχ’¬‚R’–Ϊ,3,0,0,0,0,0,0,0,0,0,0,0,0,0,0,0,0,0,0,1,0,0,0,0,0,0,0,0,0,0,1,2,1,1,0,0,0
¬‹ΰδsΡδ–k’¬‚P’–Ϊ,9,0,0,0,1,0,1,0,0,0,0,0,0,0,0,0,0,0,0,8,0,0,8,0,0,0,0,0,0,0,0,0,0,0,0,0,0
¬‹ΰδsΡδ–k’¬‚Q’–Ϊ,6,0,0,0,0,0,0,0,0,0,2,0,0,0,1,0,0,0,1,3,0,0,2,0,0,0,0,0,0,1,0,1,0,1,0,0,0
¬‹ΰδsΡδ–k’¬‚R’–Ϊ,14,0,0,0,1,0,1,0,0,0,3,0,0,0,0,3,0,0,0,5,0,0,4,0,0,0,0,0,0,0,1,5,2,0,0,0,3
¬‹ΰδsΡδ–k’¬‚S’–Ϊ,21,0,0,0,1,0,0,0,1,0,0,0,0,0,0,0,0,0,0,18,0,0,17,0,0,0,0,0,0,0,1,2,1,0,0,0,1
¬‹ΰδsΡδ–k’¬‚T’–Ϊ,10,0,0,0,0,0,0,0,0,0,0,0,0,0,0,0,0,0,0,7,0,0,5,0,1,0,0,0,0,1,0,3,0,1,0,0,2
¬‹ΰδsΡδ“μ’¬‚P’–Ϊ,6,0,0,0,1,0,0,1,0,0,1,0,0,0,0,0,0,0,1,3,0,0,1,1,0,0,0,0,0,0,1,1,0,0,0,0,1
¬‹ΰδsΡδ“μ’¬‚Q’–Ϊ,6,0,0,0,1,0,0,1,0,0,1,0,0,0,0,0,0,0,1,4,0,0,3,0,0,0,0,0,0,0,1,0,0,0,0,0,0
¬‹ΰδsΡδ“μ’¬‚R’–Ϊ,9,0,0,0,0,0,0,0,0,0,0,0,0,0,0,0,0,0,0,6,0,1,3,0,0,0,0,0,0,0,2,3,1,0,0,0,2
¬‹ΰδsΡδ“μ’¬‚S’–Ϊ,11,0,0,0,1,0,1,0,0,0,0,0,0,0,0,0,0,0,0,5,0,0,5,0,0,0,0,0,0,0,0,5,3,0,0,0,2
¬‹ΰδsΡδ“μ’¬‚T’–Ϊ,7,0,0,0,0,0,0,0,0,0,0,0,0,0,0,0,0,0,0,5,0,0,4,0,0,0,0,0,0,0,1,2,1,0,0,0,1
¬‹ΰδsv,709,4,0,4,33,0,17,12,4,0,8,0,0,0,1,3,0,0,4,540,0,5,350,21,1,2,1,0,8,74,78,124,37,18,4,0,65
¬•½s’†“‡’¬,10,0,0,0,0,0,0,0,0,0,0,0,0,0,0,0,0,0,0,7,0,1,1,0,0,0,0,0,0,3,2,3,1,0,0,0,2
¬•½sγ…V’¬‚P’–Ϊ,4,0,0,0,0,0,0,0,0,0,0,0,0,0,0,0,0,0,0,1,0,0,1,0,0,0,0,0,0,0,0,3,0,0,0,0,3
¬•½sγ…V’¬‚Q’–Ϊ,3,0,0,0,0,0,0,0,0,0,0,0,0,0,0,0,0,0,0,3,0,0,2,0,0,0,0,0,0,0,1,0,0,0,0,0,0
¬•½sγ…V’¬‚R’–Ϊ,4,1,1,0,0,0,0,0,0,0,0,0,0,0,0,0,0,0,0,2,0,0,2,0,0,0,0,0,0,0,0,1,0,0,0,0,1
¬•½s‚½‚©‚Μ‘δ,8,0,0,0,1,0,1,0,0,0,0,0,0,0,0,0,0,0,0,5,0,0,4,0,0,0,0,0,0,1,0,2,2,0,0,0,0
¬•½s¬μ’¬‚P’–Ϊ,93,1,0,1,4,0,2,1,0,1,5,0,0,0,0,0,4,0,1,49,0,0,31,3,1,0,0,0,0,7,7,34,19,3,0,0,12
¬•½s¬μ’¬‚Q’–Ϊ,41,0,0,0,3,0,3,0,0,0,1,0,0,0,1,0,0,0,0,29,0,0,22,0,0,1,0,0,0,6,0,8,0,0,1,0,7
¬•½s‰h’¬‚P’–Ϊ,3,0,0,0,1,0,1,0,0,0,0,0,0,0,0,0,0,0,0,1,0,0,1,0,0,0,0,0,0,0,0,1,0,0,0,0,1
¬•½s‰h’¬‚Q’–Ϊ,1,0,0,0,0,0,0,0,0,0,0,0,0,0,0,0,0,0,0,1,0,0,1,0,0,0,0,0,0,0,0,0,0,0,0,0,0
¬•½s‰h’¬‚R’–Ϊ,3,0,0,0,0,0,0,0,0,0,0,0,0,0,0,0,0,0,0,3,0,0,1,1,0,0,0,0,0,0,1,0,0,0,0,0,0
¬•½s¬μΌ’¬‚P’–Ϊ,7,0,0,0,0,0,0,0,0,0,0,0,0,0,0,0,0,0,0,6,0,0,4,0,0,0,0,0,0,0,2,1,1,0,0,0,0
¬•½s¬μΌ’¬‚Q’–Ϊ,6,0,0,0,0,0,0,0,0,0,0,0,0,0,0,0,0,0,0,5,0,0,3,0,0,0,0,0,0,1,1,1,0,0,0,0,1
¬•½s¬μΌ’¬‚R’–Ϊ,9,0,0,0,0,0,0,0,0,0,0,0,0,0,0,0,0,0,0,7,0,0,5,0,0,0,0,0,0,1,1,2,1,1,0,0,0
¬•½s¬μΌ’¬‚S’–Ϊ,22,0,0,0,0,0,0,0,0,0,0,0,0,0,0,0,0,0,0,20,0,1,15,0,0,0,0,0,1,0,3,2,0,1,0,0,1
¬•½s¬μΌ’¬‚T’–Ϊ,13,0,0,0,1,0,1,0,0,0,0,0,0,0,0,0,0,0,0,10,0,0,7,2,0,0,0,1,0,0,0,2,0,0,0,0,2
¬•½s¬μ“’¬,3,0,0,0,0,0,0,0,0,0,0,0,0,0,0,0,0,0,0,3,0,0,2,0,0,0,0,0,0,0,1,0,0,0,0,0,0
¬•½s¬μ“’¬‚S’–Ϊ,2,0,0,0,2,0,0,2,0,0,0,0,0,0,0,0,0,0,0,0,0,0,0,0,0,0,0,0,0,0,0,0,0,0,0,0,0
¬•½s¬μ“’¬‚T’–Ϊ,13,0,0,0,0,0,0,0,0,0,1,0,0,0,0,0,0,1,0,8,0,0,6,0,0,0,0,0,0,2,0,4,1,0,0,0,3
¬•½sγ…–{’¬‚P’–Ϊ,6,0,0,0,1,0,1,0,0,0,0,0,0,0,0,0,0,0,0,4,0,0,3,0,0,0,0,0,0,0,1,1,1,0,0,0,0
¬•½sγ…–{’¬‚Q’–Ϊ,9,0,0,0,0,0,0,0,0,0,0,0,0,0,0,0,0,0,0,7,0,0,2,1,0,0,0,0,0,2,2,2,1,0,0,0,1
¬•½sγ…–{’¬‚R’–Ϊ,4,0,0,0,0,0,0,0,0,0,0,0,0,0,0,0,0,0,0,3,0,0,1,0,0,0,0,0,0,2,0,1,0,0,0,0,1
¬•½sγ…–{’¬‚S’–Ϊ,7,0,0,0,1,0,0,1,0,0,0,0,0,0,0,0,0,0,0,6,0,0,5,0,0,0,0,0,0,0,1,0,0,0,0,0,0
¬•½sγ…–{’¬‚T’–Ϊ,10,0,0,0,2,0,1,1,0,0,0,0,0,0,0,0,0,0,0,7,0,0,4,0,0,0,0,0,0,2,1,1,0,1,0,0,0
¬•½sγ…–{’¬‚U’–Ϊ,8,0,0,0,0,0,0,0,0,0,0,0,0,0,0,0,0,0,0,5,0,0,4,0,0,0,0,0,0,0,1,3,1,0,0,0,2
¬•½sμ•½’¬‚P’–Ϊ,16,0,0,0,0,0,0,0,0,0,0,0,0,0,0,0,0,0,0,16,0,1,12,0,0,0,0,0,0,3,0,0,0,0,0,0,0
¬•½sμ•½’¬‚Q’–Ϊ,4,1,0,1,0,0,0,0,0,0,0,0,0,0,0,0,0,0,0,1,0,0,1,0,0,0,0,0,0,0,0,2,0,0,0,0,2
¬•½sμ•½’¬‚R’–Ϊ,9,0,0,0,2,0,0,2,0,0,0,0,0,0,0,0,0,0,0,4,0,0,3,0,0,0,0,0,0,0,1,3,0,0,0,0,3
¬•½s’Γ“c’¬‚P’–Ϊ,15,0,0,0,1,0,1,0,0,0,0,0,0,0,0,0,0,0,0,11,0,0,8,1,0,0,0,0,1,0,1,3,1,0,0,0,2
¬•½s’Γ“c’¬‚Q’–Ϊ,6,0,0,0,0,0,0,0,0,0,0,0,0,0,0,0,0,0,0,4,0,0,4,0,0,0,0,0,0,0,0,2,1,0,0,0,1
¬•½s’Γ“c’¬‚R’–Ϊ,12,0,0,0,0,0,0,0,0,0,0,0,0,0,0,0,0,0,0,8,0,0,0,1,0,0,0,0,0,0,7,4,0,0,0,0,4
¬•½sw‰€“’¬,10,0,0,0,0,0,0,0,0,0,3,0,0,0,0,0,0,0,3,3,0,0,2,1,0,0,0,0,0,0,0,4,2,0,0,0,2
¬•½s’‡’¬,33,0,0,0,6,0,3,2,0,1,0,0,0,0,0,0,0,0,0,21,0,0,13,2,0,0,0,0,0,1,5,6,3,0,0,0,3
¬•½s”ό‰€’¬‚P’–Ϊ,50,0,0,0,4,0,4,0,0,0,0,0,0,0,0,0,0,0,0,33,0,1,22,0,0,0,0,0,1,3,6,13,2,2,0,0,9
¬•½s”ό‰€’¬‚Q’–Ϊ,48,0,0,0,1,0,1,0,0,0,0,0,0,0,0,0,0,0,0,40,0,2,32,2,0,0,0,0,0,2,2,7,0,0,0,0,7
¬•½s”ό‰€’¬‚R’–Ϊ,19,0,0,0,1,0,1,0,0,0,0,0,0,0,0,0,0,0,0,14,0,0,10,0,0,0,0,0,0,4,0,4,1,2,0,0,1
¬•½s‰ρ“c’¬,12,0,0,0,3,0,3,0,0,0,0,0,0,0,0,0,0,0,0,6,0,0,2,0,0,0,0,0,1,1,2,3,1,0,0,0,2
¬•½sδK’¬,5,0,0,0,0,0,0,0,0,0,0,0,0,0,0,0,0,0,0,2,0,0,2,0,0,0,0,0,0,0,0,3,0,0,0,0,3
¬•½s—ι–Ψ’¬‚P’–Ϊ,30,0,0,0,2,0,2,0,0,0,2,0,0,0,0,0,0,0,2,15,0,0,11,0,0,0,0,0,0,1,3,11,9,0,0,0,2
¬•½s—ι–Ψ’¬‚Q’–Ϊ,27,0,0,0,4,0,3,1,0,0,0,0,0,0,0,0,0,0,0,21,0,0,16,1,0,0,0,0,0,0,4,2,1,0,0,0,1
¬•½s“V_’¬‚P’–Ϊ,9,0,0,0,1,0,0,0,1,0,0,0,0,0,0,0,0,0,0,3,0,0,1,1,0,0,0,0,0,0,1,5,1,0,0,0,4
¬•½s“V_’¬‚Q’–Ϊ,7,1,1,0,0,0,0,0,0,0,0,0,0,0,0,0,0,0,0,4,0,0,4,0,0,0,0,0,0,0,0,2,1,0,0,0,1
¬•½s“V_’¬‚R’–Ϊ,3,0,0,0,1,0,1,0,0,0,0,0,0,0,0,0,0,0,0,1,0,0,1,0,0,0,0,0,0,0,0,1,0,0,0,0,1
¬•½s“V_’¬‚S’–Ϊ,10,0,0,0,2,0,1,1,0,0,0,0,0,0,0,0,0,0,0,5,0,2,3,0,0,0,0,0,0,0,0,3,3,0,0,0,0
¬•½s‘εΐ’¬‚P’–Ϊ,5,1,0,1,0,0,0,0,0,0,0,0,0,0,0,0,0,0,0,3,0,0,2,0,0,0,0,0,0,0,1,1,0,1,0,0,0
¬•½s‘εΐ’¬‚Q’–Ϊ,9,0,0,0,0,0,0,0,0,0,1,0,0,0,0,0,0,0,1,6,0,1,4,1,0,0,0,0,0,0,0,2,2,0,0,0,0
¬•½s‘εΐ’¬‚R’–Ϊ,7,0,0,0,0,0,0,0,0,0,0,0,0,0,0,0,0,0,0,4,0,0,4,0,0,0,0,0,0,0,0,3,0,0,0,0,3
¬•½s‘εΐ’¬‚S’–Ϊ,3,0,0,0,0,0,0,0,0,0,0,0,0,0,0,0,0,0,0,2,0,0,1,0,0,0,0,0,0,0,1,1,0,0,0,0,1
¬•½s‘εΐ’¬‚T’–Ϊ,3,0,0,0,0,0,0,0,0,0,0,0,0,0,0,0,0,0,0,3,0,0,3,0,0,0,0,0,0,0,0,0,0,0,0,0,0
¬•½s‘εΐ’¬‚U’–Ϊ,2,0,0,0,0,0,0,0,0,0,0,0,0,0,0,0,0,0,0,2,0,0,1,0,0,0,0,0,0,0,1,0,0,0,0,0,0
¬•½s‘εΐ’¬‚V’–Ϊ,27,0,0,0,0,0,0,0,0,0,0,0,0,0,0,0,0,0,0,20,0,2,14,0,0,0,0,0,0,0,4,7,1,1,0,0,5
¬•½s‰Τ¬‹ΰδ‚Q’–Ϊ,7,0,0,0,0,0,0,0,0,0,2,0,0,0,1,1,0,0,0,3,0,0,3,0,0,0,0,0,0,0,0,2,1,0,0,0,1
¬•½s‰Τ¬‹ΰδ‚R’–Ϊ,13,1,0,1,1,0,1,0,0,0,0,0,0,0,0,0,0,0,0,7,0,0,3,0,0,0,0,0,1,3,0,4,3,0,0,0,1
¬•½s‰Τ¬‹ΰδ‚S’–Ϊ,9,0,0,0,1,0,1,0,0,0,0,0,0,0,0,0,0,0,0,5,0,0,4,0,0,0,0,0,0,1,0,3,0,0,0,0,3
¬•½s‰Τ¬‹ΰδ‚T’–Ϊ,14,0,0,0,0,0,0,0,0,0,0,0,0,0,0,0,0,0,0,9,0,0,7,0,0,0,0,0,0,1,1,5,2,1,0,0,2
¬•½s‰Τ¬‹ΰδ‚U’–Ϊ,22,0,0,0,0,0,0,0,0,0,1,0,0,0,0,0,0,0,1,15,0,1,11,0,0,0,0,0,0,1,2,6,3,1,0,0,2
¬•½s‰Τ¬‹ΰδ‚V’–Ϊ,12,0,0,0,1,0,0,1,0,0,0,0,0,0,0,0,0,0,0,8,0,0,6,0,0,0,0,0,0,0,2,3,1,0,0,0,2
¬•½s‰Τ¬‹ΰδ‚W’–Ϊ,13,0,0,0,0,0,0,0,0,0,0,0,0,0,0,0,0,0,0,12,0,0,11,0,0,0,0,0,0,1,0,1,1,0,0,0,0
¬•½sw‰€Ό’¬‚P’–Ϊ,29,0,0,0,4,0,2,2,0,0,0,0,0,0,0,0,0,0,0,21,0,1,17,0,0,0,0,1,0,1,1,4,2,0,0,0,2
¬•½sw‰€Ό’¬‚Q’–Ϊ,27,0,0,0,4,0,2,1,1,0,0,0,0,0,0,0,0,0,0,19,0,1,7,0,0,0,0,0,0,7,4,4,0,1,0,0,3
¬•½sw‰€Ό’¬‚R’–Ϊ,6,0,0,0,1,0,1,0,0,0,1,0,0,0,0,1,0,0,0,3,0,0,2,0,0,0,0,0,0,0,1,1,0,0,0,0,1
¬•½sw‰€“’¬‚P’–Ϊ,13,0,0,0,1,0,1,0,0,0,3,0,0,1,1,0,0,0,1,6,0,0,6,0,0,0,0,0,0,0,0,3,0,0,0,0,3
¬•½sw‰€“’¬‚Q’–Ϊ,13,1,0,1,2,0,2,0,0,0,0,0,0,0,0,0,0,0,0,9,0,0,3,1,0,1,0,0,0,1,3,1,1,0,0,0,0
¬•½sw‰€“’¬‚R’–Ϊ,10,0,0,0,0,0,0,0,0,0,0,0,0,0,0,0,0,0,0,7,0,0,4,0,0,0,0,0,0,1,2,3,0,0,0,0,3
¬•½sγ…“μ’¬‚P’–Ϊ,4,0,0,0,0,0,0,0,0,0,0,0,0,0,0,0,0,0,0,1,0,0,1,0,0,0,0,0,0,0,0,3,1,0,1,0,1
¬•½sγ…“μ’¬‚Q’–Ϊ,5,0,0,0,0,0,0,0,0,0,1,0,0,0,0,1,0,0,0,4,0,0,4,0,0,0,0,0,0,0,0,0,0,0,0,0,0
¬•½sγ…“μ’¬‚R’–Ϊ,3,0,0,0,0,0,0,0,0,0,0,0,0,0,0,0,0,0,0,3,0,0,2,0,0,0,0,0,1,0,0,0,0,0,0,0,0
¬•½sγ…“μ’¬‚S’–Ϊ,2,0,0,0,0,0,0,0,0,0,0,0,0,0,0,0,0,0,0,0,0,0,0,0,0,0,0,0,0,0,0,2,0,0,0,0,2
¬•½s‰Τ¬‹ΰδ‚P’–Ϊ,70,1,0,1,5,0,3,1,1,0,0,0,0,0,0,0,0,0,0,52,0,1,32,0,0,0,0,1,0,3,15,12,1,0,0,0,11
¬•½s¬μ“’¬‚P’–Ϊ,30,0,0,0,2,0,2,0,0,0,0,0,0,0,0,0,0,0,0,22,0,3,11,0,0,1,0,1,0,5,1,6,1,3,1,0,1
¬•½s¬μ“’¬‚Q’–Ϊ,31,0,0,0,1,0,1,0,0,0,0,0,0,0,0,0,0,0,0,28,0,1,7,0,0,0,0,0,1,19,0,2,0,0,0,0,2
¬•½s¬μ“’¬‚R’–Ϊ,1,0,0,0,0,0,0,0,0,0,0,0,0,0,0,0,0,0,0,0,0,0,0,0,0,0,0,0,0,0,0,1,0,0,0,0,1
¬•½s‰Τ¬‹ΰδ“μ’¬‚P’–Ϊ,17,0,0,0,0,0,0,0,0,0,0,0,0,0,0,0,0,0,0,12,0,0,5,0,0,0,0,1,0,2,4,5,1,0,1,0,3
¬•½s‰Τ¬‹ΰδ“μ’¬‚Q’–Ϊ,14,0,0,0,1,0,0,1,0,0,0,0,0,0,0,0,0,0,0,4,0,0,4,0,0,0,0,0,0,0,0,9,2,0,0,0,7
¬•½s‰Τ¬‹ΰδ“μ’¬‚R’–Ϊ,10,0,0,0,1,0,1,0,0,0,0,0,0,0,0,0,0,0,0,5,0,0,3,0,0,0,0,0,0,1,1,4,2,0,0,0,2
¬•½sv,1045,8,2,6,69,0,47,17,3,2,21,0,0,1,3,3,4,1,9,699,0,19,456,18,1,3,0,5,7,89,101,248,79,18,4,0,147
“ϊ–μs‘ε“ϊ–μ,46,0,0,0,2,0,1,0,1,0,0,0,0,0,0,0,0,0,0,26,0,0,22,1,0,0,0,0,0,3,0,18,7,0,1,0,10
“ϊ–μs‘εμ•Σ–x”V“ΰ,4,0,0,0,0,0,0,0,0,0,0,0,0,0,0,0,0,0,0,3,0,1,0,0,0,0,0,0,1,0,1,1,1,0,0,0,0
“ϊ–μs‘εγ“c,10,0,0,0,0,0,0,0,0,0,2,0,0,0,0,2,0,0,0,3,0,1,2,0,0,0,0,0,0,0,0,5,3,1,0,0,1
“ϊ–μs‘ε‹{,1,0,0,0,0,0,0,0,0,0,0,0,0,0,0,0,0,0,0,1,0,0,1,0,0,0,0,0,0,0,0,0,0,0,0,0,0
“ϊ–μs‘ε–θ›,1,0,0,0,1,0,0,1,0,0,0,0,0,0,0,0,0,0,0,0,0,0,0,0,0,0,0,0,0,0,0,0,0,0,0,0,0
“ϊ–μs‘εVδ,2,0,0,0,0,0,0,0,0,0,0,0,0,0,0,0,0,0,0,2,0,0,1,0,0,0,0,0,0,0,1,0,0,0,0,0,0
“ϊ–μs‘εΞ“c,3,0,0,0,0,0,0,0,0,0,0,0,0,0,0,0,0,0,0,2,0,0,2,0,0,0,0,0,0,0,0,1,1,0,0,0,0
“ϊ–μsV’¬‚P’–Ϊ,9,0,0,0,2,0,2,0,0,0,0,0,0,0,0,0,0,0,0,5,0,0,5,0,0,0,0,0,0,0,0,2,0,0,0,0,2
“ϊ–μsV’¬‚Q’–Ϊ,2,0,0,0,1,0,0,1,0,0,0,0,0,0,0,0,0,0,0,0,0,0,0,0,0,0,0,0,0,0,0,1,1,0,0,0,0
“ϊ–μsV’¬‚R’–Ϊ,5,0,0,0,0,0,0,0,0,0,0,0,0,0,0,0,0,0,0,1,0,0,1,0,0,0,0,0,0,0,0,4,1,1,0,0,2
“ϊ–μsV’¬‚T’–Ϊ,1,0,0,0,1,0,0,0,1,0,0,0,0,0,0,0,0,0,0,0,0,0,0,0,0,0,0,0,0,0,0,0,0,0,0,0,0
“ϊ–μs‰h’¬‚P’–Ϊ,7,0,0,0,0,0,0,0,0,0,0,0,0,0,0,0,0,0,0,6,0,0,3,0,0,0,0,0,0,2,1,1,0,0,0,0,1
“ϊ–μs‰h’¬‚Q’–Ϊ,2,0,0,0,1,0,0,1,0,0,0,0,0,0,0,0,0,0,0,0,0,0,0,0,0,0,0,0,0,0,0,1,1,0,0,0,0
“ϊ–μs‰h’¬‚R’–Ϊ,2,0,0,0,0,0,0,0,0,0,0,0,0,0,0,0,0,0,0,2,0,0,0,0,0,0,0,0,0,0,2,0,0,0,0,0,0
“ϊ–μs‰h’¬‚S’–Ϊ,3,0,0,0,0,0,0,0,0,0,1,0,0,0,0,1,0,0,0,1,0,0,0,0,0,0,0,0,0,1,0,1,0,0,0,0,1
“ϊ–μs‰h’¬‚T’–Ϊ,8,0,0,0,0,0,0,0,0,0,0,0,0,0,0,0,0,0,0,6,0,0,1,1,0,0,0,0,1,0,3,2,0,2,0,0,0
“ϊ–μs‘½–€•½‚P’–Ϊ,24,0,0,0,2,0,1,1,0,0,0,0,0,0,0,0,0,0,0,19,0,0,11,1,0,0,0,0,1,1,5,3,1,0,0,0,2
“ϊ–μs‘½–€•½‚Q’–Ϊ,46,0,0,0,1,0,1,0,0,0,0,0,0,0,0,0,0,0,0,41,0,0,9,10,0,0,0,0,2,12,8,4,1,2,0,0,1
“ϊ–μs‘½–€•½‚R’–Ϊ,8,0,0,0,0,0,0,0,0,0,1,0,0,0,0,0,0,0,1,2,0,0,1,0,0,0,0,0,0,0,1,5,4,1,0,0,0
“ϊ–μs‘½–€•½‚S’–Ϊ,8,0,0,0,2,0,0,1,1,0,0,0,0,0,0,0,0,0,0,5,0,1,2,0,0,0,0,0,1,1,0,1,0,0,0,0,1
“ϊ–μs‘½–€•½‚T’–Ϊ,3,0,0,0,0,0,0,0,0,0,0,0,0,0,0,0,0,0,0,2,0,0,1,0,0,0,0,0,0,0,1,1,1,0,0,0,0
“ϊ–μs‘½–€•½‚U’–Ϊ,6,0,0,0,0,0,0,0,0,0,1,0,0,0,0,0,0,0,1,2,0,0,1,0,0,0,0,0,0,1,0,3,1,0,0,0,2
“ϊ–μs‘½–€•½‚V’–Ϊ,3,0,0,0,1,0,0,1,0,0,0,0,0,0,0,0,0,0,0,1,0,0,1,0,0,0,0,0,0,0,0,1,1,0,0,0,0
“ϊ–μs“ϊ–μ‘δ‚P’–Ϊ,5,0,0,0,0,0,0,0,0,0,0,0,0,0,0,0,0,0,0,1,0,0,1,0,0,0,0,0,0,0,0,4,2,0,0,0,2
“ϊ–μs“ϊ–μ‘δ‚Q’–Ϊ,8,0,0,0,0,0,0,0,0,0,0,0,0,0,0,0,0,0,0,5,0,0,1,0,0,0,0,0,0,0,4,3,0,0,0,0,3
“ϊ–μs“ϊ–μ‘δ‚R’–Ϊ,3,0,0,0,0,0,0,0,0,0,0,0,0,0,0,0,0,0,0,3,0,0,2,0,0,0,0,0,0,0,1,0,0,0,0,0,0
“ϊ–μs“ϊ–μ‘δ‚T’–Ϊ,3,0,0,0,0,0,0,0,0,0,0,0,0,0,0,0,0,0,0,1,0,0,1,0,0,0,0,0,0,0,0,2,2,0,0,0,0
“ϊ–μs–L“c‚P’–Ϊ,6,0,0,0,0,0,0,0,0,0,0,0,0,0,0,0,0,0,0,4,0,0,0,0,0,0,0,0,0,3,1,2,2,0,0,0,0
“ϊ–μs–L“c‚R’–Ϊ,11,0,0,0,0,0,0,0,0,0,0,0,0,0,0,0,0,0,0,8,0,0,7,0,0,0,0,0,1,0,0,3,2,0,0,0,1
“ϊ–μs–L“c‚S’–Ϊ,24,0,0,0,2,0,2,0,0,0,0,0,0,0,0,0,0,0,0,17,0,1,10,0,0,0,0,0,1,3,2,5,2,1,0,0,2
“ϊ–μs“–L“c‚P’–Ϊ,6,0,0,0,0,0,0,0,0,0,1,0,0,0,0,1,0,0,0,4,0,0,2,0,0,1,0,0,0,0,1,1,1,0,0,0,0
“ϊ–μs“–L“c‚Q’–Ϊ,5,0,0,0,0,0,0,0,0,0,1,0,0,0,0,1,0,0,0,2,0,0,2,0,0,0,0,0,0,0,0,2,0,0,0,0,2
“ϊ–μs“–L“c‚R’–Ϊ,6,0,0,0,2,0,0,2,0,0,0,0,0,0,0,0,0,0,0,3,0,0,1,0,0,0,0,0,0,0,2,1,1,0,0,0,0
“ϊ–μs“–L“c‚S’–Ϊ,5,0,0,0,0,0,0,0,0,0,1,0,0,0,0,1,0,0,0,3,0,0,3,0,0,0,0,0,0,0,0,1,0,0,0,0,1
“ϊ–μs®‚ª‹u‚P’–Ϊ,10,0,0,0,1,0,1,0,0,0,0,0,0,0,0,0,0,0,0,5,0,2,3,0,0,0,0,0,0,0,0,4,3,0,0,0,1
“ϊ–μs®‚ª‹u‚Q’–Ϊ,8,0,0,0,0,0,0,0,0,0,0,0,0,0,0,0,0,0,0,7,0,1,2,0,0,0,0,0,0,1,3,1,1,0,0,0,0
“ϊ–μs®‚ª‹u‚R’–Ϊ,5,0,0,0,0,0,0,0,0,0,0,0,0,0,0,0,0,0,0,3,0,0,2,0,0,0,0,0,0,0,1,2,2,0,0,0,0
“ϊ–μs®‚ª‹u‚S’–Ϊ,1,0,0,0,0,0,0,0,0,0,0,0,0,0,0,0,0,0,0,1,0,0,1,0,0,0,0,0,0,0,0,0,0,0,0,0,0
“ϊ–μs®‚ª‹u‚T’–Ϊ,4,0,0,0,0,0,0,0,0,0,1,0,0,0,0,1,0,0,0,2,0,0,0,1,0,0,0,0,0,1,0,1,0,1,0,0,0
“ϊ–μs®‚ª‹u‚U’–Ϊ,11,0,0,0,0,0,0,0,0,0,0,0,0,0,0,0,0,0,0,9,0,0,1,0,0,0,0,0,1,5,2,2,1,1,0,0,0
“ϊ–μs‚”¦,76,0,0,0,8,0,5,3,0,0,0,0,0,0,0,0,0,0,0,52,0,0,23,5,0,0,0,0,0,17,7,16,7,4,0,0,5
“ϊ–μs“μ•½‚P’–Ϊ,8,0,0,0,0,0,0,0,0,0,2,0,0,0,0,1,0,0,1,3,0,0,1,0,0,0,0,0,0,0,2,3,1,0,0,0,2
“ϊ–μs“μ•½‚Q’–Ϊ,8,0,0,0,1,0,0,1,0,0,0,0,0,0,0,0,0,0,0,4,0,0,1,0,0,0,0,0,0,2,1,3,3,0,0,0,0
“ϊ–μs“μ•½‚R’–Ϊ,6,0,0,0,1,0,0,1,0,0,0,0,0,0,0,0,0,0,0,4,0,0,2,0,0,0,0,0,0,0,2,1,1,0,0,0,0
“ϊ–μs“μ•½‚S’–Ϊ,5,1,1,0,1,0,1,0,0,0,0,0,0,0,0,0,0,0,0,2,0,0,0,1,0,0,0,0,0,0,1,1,1,0,0,0,0
“ϊ–μs“μ•½‚T’–Ϊ,13,0,0,0,0,0,0,0,0,0,0,0,0,0,0,0,0,0,0,9,0,0,6,1,0,0,0,0,0,0,2,4,2,2,0,0,0
“ϊ–μs“μ•½‚U’–Ϊ,8,0,0,0,0,0,0,0,0,0,0,0,0,0,0,0,0,0,0,5,0,0,5,0,0,0,0,0,0,0,0,3,1,0,0,0,2
“ϊ–μs“μ•½‚V’–Ϊ,6,0,0,0,0,0,0,0,0,0,0,0,0,0,0,0,0,0,0,2,0,0,1,0,0,0,0,0,0,0,1,4,1,1,0,0,2
“ϊ–μs“μ•½‚W’–Ϊ,3,0,0,0,0,0,0,0,0,0,1,0,0,0,0,0,0,0,1,1,0,0,0,1,0,0,0,0,0,0,0,1,1,0,0,0,0
“ϊ–μs“μ•½‚X’–Ϊ,3,0,0,0,1,0,0,1,0,0,0,0,0,0,0,0,0,0,0,1,0,0,0,0,0,0,0,0,0,0,1,1,1,0,0,0,0
“ϊ–μs•½R‚P’–Ϊ,1,0,0,0,0,0,0,0,0,0,0,0,0,0,0,0,0,0,0,0,0,0,0,0,0,0,0,0,0,0,0,1,1,0,0,0,0
“ϊ–μs•½R‚Q’–Ϊ,3,0,0,0,1,0,0,1,0,0,1,0,0,0,0,0,0,0,1,1,0,0,1,0,0,0,0,0,0,0,0,0,0,0,0,0,0
“ϊ–μs•½R‚R’–Ϊ,3,0,0,0,0,0,0,0,0,0,0,0,0,0,0,0,0,0,0,0,0,0,0,0,0,0,0,0,0,0,0,3,2,0,0,0,1
“ϊ–μs•½R‚S’–Ϊ,5,0,0,0,0,0,0,0,0,0,1,0,0,0,0,1,0,0,0,3,0,0,1,0,0,0,0,0,0,0,2,1,1,0,0,0,0
“ϊ–μs•½R‚T’–Ϊ,5,0,0,0,0,0,0,0,0,0,1,0,0,0,0,0,1,0,0,3,0,0,3,0,0,0,0,0,0,0,0,1,1,0,0,0,0
“ϊ–μs•½R‚U’–Ϊ,5,0,0,0,0,0,0,0,0,0,0,0,0,0,0,0,0,0,0,2,0,0,0,1,0,0,0,0,0,0,1,3,0,0,0,0,3
“ϊ–μs“•½R‚P’–Ϊ,6,0,0,0,0,0,0,0,0,0,0,0,0,0,0,0,0,0,0,3,0,2,1,0,0,0,0,0,0,0,0,3,2,0,0,0,1
“ϊ–μs“•½R‚Q’–Ϊ,8,0,0,0,0,0,0,0,0,0,1,0,0,0,0,0,0,1,0,6,0,1,0,1,0,3,0,0,0,0,1,1,1,0,0,0,0
“ϊ–μs“•½R‚R’–Ϊ,4,0,0,0,0,0,0,0,0,0,0,0,0,0,0,0,0,0,0,3,0,0,3,0,0,0,0,0,0,0,0,1,0,0,0,0,1
“ϊ–μsΌ•½R‚P’–Ϊ,2,0,0,0,0,0,0,0,0,0,0,0,0,0,0,0,0,0,0,1,0,0,1,0,0,0,0,0,0,0,0,1,1,0,0,0,0
“ϊ–μsΌ•½R‚Q’–Ϊ,1,0,0,0,0,0,0,0,0,0,0,0,0,0,0,0,0,0,0,1,0,0,0,0,0,0,0,0,0,0,1,0,0,0,0,0,0
“ϊ–μsΌ•½R‚R’–Ϊ,3,0,0,0,0,0,0,0,0,0,0,0,0,0,0,0,0,0,0,1,0,0,1,0,0,0,0,0,0,0,0,2,2,0,0,0,0
“ϊ–μsΌ•½R‚T’–Ϊ,3,0,0,0,0,0,0,0,0,0,0,0,0,0,0,0,0,0,0,3,0,0,0,3,0,0,0,0,0,0,0,0,0,0,0,0,0
“ϊ–μs’φ‹v•Ϋ,5,0,0,0,1,0,0,1,0,0,0,0,0,0,0,0,0,0,0,3,0,1,1,0,0,0,0,0,0,0,1,1,0,0,0,0,1
“ϊ–μs’φ‹v•Ϋ‚Q’–Ϊ,12,0,0,0,1,0,1,0,0,0,0,0,0,0,0,0,0,0,0,7,0,0,3,0,0,0,0,0,0,0,4,4,2,0,0,0,2
“ϊ–μs’φ‹v•Ϋ‚R’–Ϊ,3,0,0,0,1,0,0,1,0,0,0,0,0,0,0,0,0,0,0,1,0,0,0,0,0,0,0,0,0,0,1,1,1,0,0,0,0
“ϊ–μs’φ‹v•Ϋ‚S’–Ϊ,3,0,0,0,0,0,0,0,0,0,0,0,0,0,0,0,0,0,0,3,0,0,0,3,0,0,0,0,0,0,0,0,0,0,0,0,0
“ϊ–μs’φ‹v•Ϋ‚T’–Ϊ,2,0,0,0,0,0,0,0,0,0,0,0,0,0,0,0,0,0,0,0,0,0,0,0,0,0,0,0,0,0,0,2,0,0,0,0,2
“ϊ–μs’φ‹v•Ϋ‚U’–Ϊ,1,0,0,0,0,0,0,0,0,0,0,0,0,0,0,0,0,0,0,0,0,0,0,0,0,0,0,0,0,0,0,1,0,0,0,0,1
“ϊ–μs’φ‹v•Ϋ‚V’–Ϊ,4,0,0,0,0,0,0,0,0,0,0,0,0,0,0,0,0,0,0,3,0,0,3,0,0,0,0,0,0,0,0,1,0,0,0,0,1
“ϊ–μs’φ‹v•Ϋ‚W’–Ϊ,9,0,0,0,1,0,1,0,0,0,0,0,0,0,0,0,0,0,0,5,0,0,3,0,0,0,0,0,0,0,2,3,1,0,0,0,2
“ϊ–μsO‘ς,8,0,0,0,0,0,0,0,0,0,0,0,0,0,0,0,0,0,0,7,0,0,4,1,0,0,0,0,0,0,2,1,0,0,0,0,1
“ϊ–μs—μ,25,1,0,1,1,0,1,0,0,0,0,0,0,0,0,0,0,0,0,12,0,2,4,0,0,0,0,0,1,4,1,11,6,1,0,0,4
“ϊ–μs•S‘,22,0,0,0,3,0,1,0,2,0,0,0,0,0,0,0,0,0,0,4,1,0,1,0,0,0,0,0,0,1,1,15,10,1,0,0,4
“ϊ–μs‘εβγ‚P’–Ϊ,19,0,0,0,4,0,4,0,0,0,1,0,0,0,0,1,0,0,0,9,0,1,7,0,0,0,0,0,0,1,0,5,3,0,0,0,2
“ϊ–μs‘εβγ‚Q’–Ϊ,3,0,0,0,0,0,0,0,0,0,0,0,0,0,0,0,0,0,0,0,0,0,0,0,0,0,0,0,0,0,0,3,1,0,0,0,2
“ϊ–μs‘εβγ‚R’–Ϊ,7,0,0,0,0,0,0,0,0,0,0,0,0,0,0,0,0,0,0,7,0,1,2,2,0,0,0,0,0,0,2,0,0,0,0,0,0
“ϊ–μs‘εβγ‚S’–Ϊ,5,0,0,0,0,0,0,0,0,0,0,0,0,0,0,0,0,0,0,4,0,0,1,1,0,0,0,0,1,1,0,1,1,0,0,0,0
“ϊ–μs_–Ύ‚P’–Ϊ,12,0,0,0,1,0,1,0,0,0,0,0,0,0,0,0,0,0,0,5,0,0,3,0,0,0,0,0,0,0,2,6,2,2,0,0,2
“ϊ–μs_–Ύ‚R’–Ϊ,2,0,0,0,0,0,0,0,0,0,0,0,0,0,0,0,0,0,0,0,0,0,0,0,0,0,0,0,0,0,0,2,2,0,0,0,0
“ϊ–μs_–Ύ‚S’–Ϊ,6,0,0,0,0,0,0,0,0,0,1,0,0,0,0,1,0,0,0,5,0,1,2,0,0,0,0,0,0,1,1,0,0,0,0,0,0
“ϊ–μs“ϊ–μ–{’¬‚P’–Ϊ,2,0,0,0,0,0,0,0,0,0,0,0,0,0,0,0,0,0,0,1,0,0,1,0,0,0,0,0,0,0,0,1,0,0,0,0,1
“ϊ–μs“ϊ–μ–{’¬‚Q’–Ϊ,8,0,0,0,1,0,1,0,0,0,0,0,0,0,0,0,0,0,0,4,0,0,4,0,0,0,0,0,0,0,0,3,1,0,0,0,2
“ϊ–μs“ϊ–μ–{’¬‚R’–Ϊ,15,0,0,0,4,0,2,1,1,0,1,0,0,0,1,0,0,0,0,8,0,0,4,1,0,0,0,0,0,1,2,2,0,0,0,0,2
“ϊ–μs“ϊ–μ–{’¬‚S’–Ϊ,13,0,0,0,2,0,0,2,0,0,0,0,0,0,0,0,0,0,0,8,0,0,4,1,0,0,0,0,0,0,3,3,0,0,0,0,3
“ϊ–μs“ϊ–μ–{’¬‚T’–Ϊ,2,0,0,0,0,0,0,0,0,0,0,0,0,0,0,0,0,0,0,1,0,0,1,0,0,0,0,0,0,0,0,1,1,0,0,0,0
“ϊ–μs“ϊ–μ–{’¬‚U’–Ϊ,2,0,0,0,0,0,0,0,0,0,0,0,0,0,0,0,0,0,0,1,0,0,1,0,0,0,0,0,0,0,0,1,1,0,0,0,0
“ϊ–μs“ϊ–μ–{’¬‚V’–Ϊ,3,0,0,0,1,0,1,0,0,0,0,0,0,0,0,0,0,0,0,2,1,0,0,0,0,0,0,0,0,1,0,0,0,0,0,0,0
“ϊ–μs’φ‹v•Ϋ‚P’–Ϊ,6,1,0,1,2,0,1,0,1,0,0,0,0,0,0,0,0,0,0,0,0,0,0,0,0,0,0,0,0,0,0,3,0,0,0,0,3
“ϊ–μsO‘ς‚P’–Ϊ,9,0,0,0,0,0,0,0,0,0,0,0,0,0,0,0,0,0,0,9,0,0,3,1,0,0,0,0,0,1,4,0,0,0,0,0,0
“ϊ–μsO‘ς‚Q’–Ϊ,8,0,0,0,0,0,0,0,0,0,2,0,0,0,0,0,0,0,2,2,0,0,0,1,0,0,0,0,0,0,1,4,1,0,0,0,3
“ϊ–μsO‘ς‚R’–Ϊ,7,0,0,0,0,0,0,0,0,0,1,0,0,0,0,1,0,0,0,1,0,0,0,0,0,0,0,0,0,0,1,5,2,1,0,0,2
“ϊ–μsO‘ς‚S’–Ϊ,8,0,0,0,1,0,1,0,0,0,1,0,0,0,0,0,0,0,1,2,0,0,0,0,0,1,0,0,0,0,1,4,2,1,0,0,1
“ϊ–μsO‘ς‚T’–Ϊ,3,0,0,0,0,0,0,0,0,0,0,0,0,0,0,0,0,0,0,0,0,0,0,0,0,0,0,0,0,0,0,3,2,0,0,0,1
“ϊ–μs–θ›‚P’–Ϊ,7,0,0,0,1,0,0,0,1,0,0,0,0,0,0,0,0,0,0,5,0,0,3,1,0,0,0,0,0,0,1,1,0,0,0,0,1
“ϊ–μs–θ›‚Q’–Ϊ,8,0,0,0,0,0,0,0,0,0,1,0,0,0,0,1,0,0,0,4,0,2,1,0,0,0,0,0,0,1,0,3,2,0,1,0,0
“ϊ–μs–θ›‚R’–Ϊ,10,0,0,0,0,0,0,0,0,0,0,0,0,0,0,0,0,0,0,7,0,0,4,1,0,0,0,0,0,0,2,3,2,0,0,0,1
“ϊ–μs–θ›‚S’–Ϊ,10,0,0,0,1,0,0,1,0,0,0,0,0,0,0,0,0,0,0,6,0,0,2,1,0,0,0,0,0,2,1,3,2,0,0,0,1
“ϊ–μs–θ›‚T’–Ϊ,3,0,0,0,0,0,0,0,0,0,0,0,0,0,0,0,0,0,0,0,0,0,0,0,0,0,0,0,0,0,0,3,0,0,0,0,3
“ϊ–μs–θ›‚U’–Ϊ,10,0,0,0,0,0,0,0,0,0,0,0,0,0,0,0,0,0,0,6,1,1,3,0,0,0,0,0,0,1,0,4,1,0,0,0,3
“ϊ–μsΞ“c‚P’–Ϊ,7,0,0,0,1,0,1,0,0,0,0,0,0,0,0,0,0,0,0,4,0,0,2,0,0,0,0,0,0,0,2,2,0,0,0,0,2
“ϊ–μsΞ“c‚Q’–Ϊ,5,0,0,0,0,0,0,0,0,0,0,0,0,0,0,0,0,0,0,2,0,0,2,0,0,0,0,0,0,0,0,3,3,0,0,0,0
“ϊ–μsVδ‚P’–Ϊ,3,0,0,0,0,0,0,0,0,0,0,0,0,0,0,0,0,0,0,2,0,0,1,0,0,1,0,0,0,0,0,1,1,0,0,0,0
“ϊ–μsVδ‚Q’–Ϊ,5,0,0,0,0,0,0,0,0,0,0,0,0,0,0,0,0,0,0,3,0,0,2,0,0,0,0,0,0,0,1,2,1,0,0,0,1
“ϊ–μsVδ‚R’–Ϊ,4,0,0,0,1,0,0,1,0,0,0,0,0,0,0,0,0,0,0,1,0,0,0,0,0,0,0,0,0,0,1,2,1,1,0,0,0
“ϊ–μsv,816,3,1,2,60,0,30,22,8,0,24,0,0,0,1,13,1,1,8,472,3,19,225,41,0,6,0,0,11,68,99,257,125,24,2,0,106
“‘ΊRs–{’¬‚P’–Ϊ,21,0,0,0,0,0,0,0,0,0,0,0,0,0,0,0,0,0,0,13,0,1,9,0,0,0,0,0,0,3,0,8,2,0,0,0,6
“‘ΊRs–{’¬‚Q’–Ϊ,66,0,0,0,6,0,5,1,0,0,0,0,0,0,0,0,0,0,0,49,0,1,37,1,0,1,0,0,0,5,4,11,7,0,0,0,4
“‘ΊRs–{’¬‚R’–Ϊ,4,0,0,0,0,0,0,0,0,0,0,0,0,0,0,0,0,0,0,2,0,0,0,0,0,0,0,0,0,0,2,2,1,0,0,0,1
“‘ΊRs–{’¬‚S’–Ϊ,21,0,0,0,5,0,2,1,2,0,0,0,0,0,0,0,0,0,0,13,0,3,8,0,0,0,0,0,0,1,1,3,2,0,0,0,1
“‘ΊRs‹v•Δμ’¬‚P’–Ϊ,20,0,0,0,0,0,0,0,0,0,0,0,0,0,0,0,0,0,0,17,0,3,9,0,0,0,0,0,0,2,3,3,0,1,0,0,2
“‘ΊRs‹v•Δμ’¬‚Q’–Ϊ,15,0,0,0,1,0,0,1,0,0,0,0,0,0,0,0,0,0,0,9,0,1,6,0,0,0,0,0,0,2,0,5,4,0,0,0,1
“‘ΊRs‹v•Δμ’¬‚R’–Ϊ,24,0,0,0,1,0,0,0,1,0,0,0,0,0,0,0,0,0,0,20,0,0,13,0,0,2,0,0,0,2,3,3,2,1,0,0,0
“‘ΊRs‹v•Δμ’¬‚S’–Ϊ,17,0,0,0,0,0,0,0,0,0,1,0,0,0,0,1,0,0,0,11,0,1,6,0,0,0,0,0,0,2,2,5,2,0,0,0,3
“‘ΊRs‹v•Δμ’¬‚T’–Ϊ,12,0,0,0,2,0,1,0,1,0,1,0,0,0,0,0,1,0,0,8,0,2,4,0,0,0,0,0,0,2,0,1,1,0,0,0,0
“‘ΊRsH’Γ’¬‚P’–Ϊ,11,0,0,0,1,0,0,1,0,0,0,0,0,0,0,0,0,0,0,9,0,0,6,0,0,0,0,0,0,0,3,1,1,0,0,0,0
“‘ΊRsH’Γ’¬‚Q’–Ϊ,12,0,0,0,0,0,0,0,0,0,0,0,0,0,0,0,0,0,0,10,0,0,7,0,0,0,0,0,0,1,2,2,2,0,0,0,0
“‘ΊRsH’Γ’¬‚R’–Ϊ,17,0,0,0,1,0,0,1,0,0,0,0,0,0,0,0,0,0,0,11,0,1,5,0,0,0,0,0,0,2,3,5,1,0,0,0,4
“‘ΊRsH’Γ’¬‚S’–Ϊ,11,0,0,0,3,0,2,1,0,0,0,0,0,0,0,0,0,0,0,5,0,0,4,0,0,0,0,0,0,0,1,3,1,0,0,0,2
“‘ΊRsH’Γ’¬‚T’–Ϊ,68,0,0,0,8,0,6,2,0,0,0,0,0,0,0,0,0,0,0,51,0,0,34,2,0,0,0,0,0,2,13,9,0,2,0,0,7
“‘ΊRsΒ—t’¬‚P’–Ϊ,12,0,0,0,0,0,0,0,0,0,0,0,0,0,0,0,0,0,0,10,0,2,6,1,0,0,0,0,0,0,1,2,1,0,0,0,1
“‘ΊRsΒ—t’¬‚Q’–Ϊ,25,0,0,0,1,0,1,0,0,0,1,0,0,1,0,0,0,0,0,17,1,1,9,0,0,0,0,0,0,2,4,6,1,0,0,0,5
“‘ΊRsΒ—t’¬‚R’–Ϊ,13,0,0,0,2,0,1,1,0,0,0,0,0,0,0,0,0,0,0,4,0,0,4,0,0,0,0,0,0,0,0,7,3,0,0,0,4
“‘ΊRsΒ—t’¬‚S’–Ϊ,2,0,0,0,0,0,0,0,0,0,0,0,0,0,0,0,0,0,0,1,0,0,0,0,0,0,0,0,0,0,1,1,0,0,0,0,1
“‘ΊRs‰¶‘½’¬‚P’–Ϊ,18,0,0,0,0,0,0,0,0,0,1,0,0,0,0,0,0,0,1,8,0,0,5,2,0,0,0,0,0,0,1,9,5,0,0,0,4
“‘ΊRs‰¶‘½’¬‚Q’–Ϊ,20,0,0,0,1,0,1,0,0,0,0,0,0,0,0,0,0,0,0,12,0,1,6,1,0,1,0,0,0,2,1,7,3,1,0,0,3
“‘ΊRs‰¶‘½’¬‚R’–Ϊ,28,0,0,0,2,0,1,0,0,1,1,0,0,0,1,0,0,0,0,23,0,0,8,0,0,0,0,0,0,12,3,2,1,0,0,0,1
“‘ΊRs‰¶‘½’¬‚S’–Ϊ,7,0,0,0,0,0,0,0,0,0,0,0,0,0,0,0,0,0,0,4,0,0,0,0,0,0,0,0,0,1,3,3,1,0,0,0,2
“‘ΊRs‰¶‘½’¬‚T’–Ϊ,18,0,0,0,1,0,1,0,0,0,0,0,0,0,0,0,0,0,0,9,0,0,3,0,0,2,0,0,0,2,2,8,3,1,0,0,4
“‘ΊRs”‹R’¬‚P’–Ϊ,11,0,0,0,1,0,0,1,0,0,0,0,0,0,0,0,0,0,0,5,0,0,3,0,0,1,0,0,0,0,1,5,1,0,0,0,4
“‘ΊRs”‹R’¬‚Q’–Ϊ,12,0,0,0,1,0,1,0,0,0,0,0,0,0,0,0,0,0,0,7,0,0,4,1,0,0,0,0,0,0,2,4,2,1,0,0,1
“‘ΊRs”‹R’¬‚R’–Ϊ,11,0,0,0,1,0,1,0,0,0,0,0,0,0,0,0,0,0,0,8,0,0,7,1,0,0,0,0,0,0,0,2,1,0,0,0,1
“‘ΊRs”‹R’¬‚S’–Ϊ,3,0,0,0,0,0,0,0,0,0,0,0,0,0,0,0,0,0,0,2,0,0,2,0,0,0,0,0,0,0,0,1,0,0,0,0,1
“‘ΊRs”‹R’¬‚T’–Ϊ,8,0,0,0,0,0,0,0,0,0,0,0,0,0,0,0,0,0,0,6,0,0,6,0,0,0,0,0,0,0,0,2,1,0,0,0,1
“‘ΊRs‰h’¬‚P’–Ϊ,50,0,0,0,1,0,1,0,0,0,0,0,0,0,0,0,0,0,0,40,0,0,25,1,0,1,0,0,0,7,6,9,4,0,0,0,5
“‘ΊRs‰h’¬‚Q’–Ϊ,90,0,0,0,10,0,7,2,1,0,0,0,0,0,0,0,0,0,0,62,0,0,32,1,0,2,1,1,0,11,14,18,2,3,0,0,13
“‘ΊRs‰h’¬‚R’–Ϊ,34,0,0,0,4,0,4,0,0,0,0,0,0,0,0,0,0,0,0,27,0,0,20,0,0,0,0,0,0,1,6,3,1,0,0,0,2
“‘ΊRs•xm©’¬‚P’–Ϊ,21,0,0,0,1,0,1,0,0,0,0,0,0,0,0,0,0,0,0,16,0,0,13,0,0,1,0,0,0,0,2,4,1,0,0,0,3
“‘ΊRs•xm©’¬‚Q’–Ϊ,5,0,0,0,0,0,0,0,0,0,2,0,0,0,0,0,0,0,2,3,0,0,1,0,0,0,0,0,0,0,2,0,0,0,0,0,0
“‘ΊRs•xm©’¬‚R’–Ϊ,12,0,0,0,2,0,2,0,0,0,1,0,0,0,0,0,1,0,0,3,0,0,1,0,0,0,0,0,0,1,1,6,3,0,0,0,3
“‘ΊRs•xm©’¬‚S’–Ϊ,13,0,0,0,0,0,0,0,0,0,6,0,0,0,0,1,2,0,3,3,0,0,2,1,0,0,0,0,0,0,0,4,3,0,0,0,1
“‘ΊRs•xm©’¬‚T’–Ϊ,21,1,1,0,2,0,0,0,0,2,0,0,0,0,0,0,0,0,0,17,0,1,7,2,0,0,0,2,0,2,3,1,1,0,0,0,0
“‘ΊRs”όZ’¬‚P’–Ϊ,18,0,0,0,2,0,1,0,1,0,1,0,0,1,0,0,0,0,0,10,0,0,5,0,0,0,0,0,0,2,3,5,3,0,0,0,2
“‘ΊRs”όZ’¬‚Q’–Ϊ,8,0,0,0,0,0,0,0,0,0,0,0,0,0,0,0,0,0,0,5,0,1,2,1,0,0,0,0,0,0,1,3,3,0,0,0,0
“‘ΊRs‰τ“c’¬‚P’–Ϊ,4,0,0,0,0,0,0,0,0,0,0,0,0,0,0,0,0,0,0,2,0,0,1,0,0,0,0,0,0,0,1,2,2,0,0,0,0
“‘ΊRs‰τ“c’¬‚Q’–Ϊ,3,0,0,0,0,0,0,0,0,0,0,0,0,0,0,0,0,0,0,1,0,0,1,0,0,0,0,0,0,0,0,2,1,0,0,0,1
“‘ΊRs‰τ“c’¬‚R’–Ϊ,8,0,0,0,0,0,0,0,0,0,0,0,0,0,0,0,0,0,0,8,0,2,5,0,0,0,0,0,0,1,0,0,0,0,0,0,0
“‘ΊRs‰τ“c’¬‚S’–Ϊ,9,0,0,0,1,0,1,0,0,0,0,0,0,0,0,0,0,0,0,8,0,0,5,0,0,0,0,0,0,2,1,0,0,0,0,0,0
“‘ΊRs‘½–€Ξ’¬‚P’–Ϊ,11,0,0,0,0,0,0,0,0,0,0,0,0,0,0,0,0,0,0,9,0,0,7,0,0,0,0,0,0,2,0,2,0,0,0,0,2
“‘ΊRs‘½–€Ξ’¬‚Q’–Ϊ,2,0,0,0,0,0,0,0,0,0,0,0,0,0,0,0,0,0,0,0,0,0,0,0,0,0,0,0,0,0,0,2,0,0,0,0,2
“‘ΊRs‘½–€Ξ’¬‚R’–Ϊ,6,0,0,0,0,0,0,0,0,0,1,0,0,0,0,1,0,0,0,4,0,0,3,0,0,0,0,0,0,0,1,1,0,0,0,0,1
“‘ΊRs‘½–€Ξ’¬‚S’–Ϊ,6,0,0,0,1,0,0,1,0,0,1,0,0,0,0,0,0,1,0,3,0,0,2,0,0,0,0,0,0,0,1,1,0,0,0,0,1
“‘ΊRsz–K’¬‚P’–Ϊ,15,0,0,0,1,0,0,1,0,0,1,0,0,0,0,1,0,0,0,12,0,1,3,0,0,0,0,0,0,0,8,1,0,0,0,0,1
“‘ΊRsz–K’¬‚Q’–Ϊ,3,0,0,0,0,0,0,0,0,0,1,0,0,0,0,1,0,0,0,1,0,0,0,1,0,0,0,0,0,0,0,1,1,0,0,0,0
“‘ΊRsz–K’¬‚R’–Ϊ,2,0,0,0,0,0,0,0,0,0,0,0,0,0,0,0,0,0,0,1,0,0,1,0,0,0,0,0,0,0,0,1,0,0,0,0,1
“‘ΊRs–μϋ’¬‚P’–Ϊ,23,0,0,0,0,0,0,0,0,0,1,0,0,0,0,0,1,0,0,17,0,0,15,0,0,0,0,0,0,2,0,5,3,0,0,0,2
“‘ΊRs–μϋ’¬‚Q’–Ϊ,7,0,0,0,0,0,0,0,0,0,0,0,0,0,0,0,0,0,0,6,0,0,3,1,0,0,0,0,0,0,2,1,0,0,0,0,1
“‘ΊRs–μϋ’¬‚R’–Ϊ,8,0,0,0,3,0,2,1,0,0,0,0,0,0,0,0,0,0,0,1,0,0,0,0,0,0,0,0,0,0,1,4,1,0,0,0,3
“‘ΊRs–μϋ’¬‚S’–Ϊ,5,0,0,0,0,0,0,0,0,0,0,0,0,0,0,0,0,0,0,2,0,0,2,0,0,0,0,0,0,0,0,3,0,0,0,0,3
“‘ΊRsv,891,1,1,0,66,0,42,15,6,3,20,0,0,2,1,5,5,1,6,605,1,22,367,17,0,11,1,3,0,74,109,199,78,10,0,0,111
‘•ª›s“³’¬‚P’–Ϊ,9,0,0,0,1,0,1,0,0,0,0,0,0,0,0,0,0,0,0,6,0,1,3,0,0,0,0,0,0,0,2,2,2,0,0,0,0
‘•ª›s“³’¬‚Q’–Ϊ,2,0,0,0,0,0,0,0,0,0,0,0,0,0,0,0,0,0,0,1,0,0,1,0,0,0,0,0,0,0,0,1,1,0,0,0,0
‘•ª›s“³’¬‚R’–Ϊ,5,0,0,0,2,0,2,0,0,0,0,0,0,0,0,0,0,0,0,2,0,0,1,0,0,0,0,0,0,0,1,1,1,0,0,0,0
‘•ª›s“³’¬‚S’–Ϊ,3,0,0,0,0,0,0,0,0,0,0,0,0,0,0,0,0,0,0,1,0,0,0,0,0,0,0,0,0,0,1,2,1,1,0,0,0
‘•ª›sΌ³’¬‚P’–Ϊ,1,0,0,0,0,0,0,0,0,0,0,0,0,0,0,0,0,0,0,0,0,0,0,0,0,0,0,0,0,0,0,1,0,0,0,0,1
‘•ª›sΌ³’¬‚Q’–Ϊ,2,0,0,0,0,0,0,0,0,0,0,0,0,0,0,0,0,0,0,1,0,0,1,0,0,0,0,0,0,0,0,1,0,0,0,0,1
‘•ª›sΌ³’¬‚R’–Ϊ,4,0,0,0,0,0,0,0,0,0,0,0,0,0,0,0,0,0,0,3,0,1,0,1,0,0,0,0,0,0,1,1,0,0,0,0,1
‘•ª›sΌ³’¬‚S’–Ϊ,2,0,0,0,1,0,0,1,0,0,0,0,0,0,0,0,0,0,0,0,0,0,0,0,0,0,0,0,0,0,0,1,1,0,0,0,0
‘•ª›s“μ’¬‚P’–Ϊ,8,0,0,0,2,0,1,1,0,0,0,0,0,0,0,0,0,0,0,4,0,0,4,0,0,0,0,0,0,0,0,2,1,1,0,0,0
‘•ª›s“μ’¬‚Q’–Ϊ,18,2,1,1,0,0,0,0,0,0,0,0,0,0,0,0,0,0,0,14,0,0,9,2,0,0,0,0,0,3,0,2,1,0,0,0,1
‘•ª›s“μ’¬‚R’–Ϊ,63,0,0,0,7,0,4,2,1,0,1,0,0,0,1,0,0,0,0,43,0,0,8,0,0,0,1,0,0,25,9,12,9,0,1,0,2
‘•ª›sς’¬‚Q’–Ϊ,20,0,0,0,0,0,0,0,0,0,0,0,0,0,0,0,0,0,0,16,0,0,13,0,0,0,0,0,1,0,2,4,0,1,0,0,3
‘•ª›sς’¬‚R’–Ϊ,49,0,0,0,1,0,0,1,0,0,0,0,0,0,0,0,0,0,0,44,0,0,15,1,0,0,1,0,1,22,4,4,2,0,0,0,2
‘•ª›s–{’¬‚P’–Ϊ,3,0,0,0,0,0,0,0,0,0,0,0,0,0,0,0,0,0,0,1,0,0,1,0,0,0,0,0,0,0,0,2,1,0,0,0,1
‘•ª›s–{’¬‚Q’–Ϊ,80,1,0,1,9,0,6,3,0,0,1,0,0,0,0,0,0,0,1,58,0,1,36,0,0,0,2,0,2,4,13,11,1,4,0,0,6
‘•ª›s–{’¬‚R’–Ϊ,26,0,0,0,3,0,1,2,0,0,1,0,0,0,0,0,1,0,0,19,0,1,11,1,0,0,0,0,2,0,4,3,0,0,0,0,3
‘•ª›s–{’¬‚S’–Ϊ,11,0,0,0,0,0,0,0,0,0,0,0,0,0,0,0,0,0,0,11,0,0,8,0,0,0,0,0,0,0,3,0,0,0,0,0,0
‘•ª›s–{‘½‚P’–Ϊ,8,0,0,0,2,0,2,0,0,0,0,0,0,0,0,0,0,0,0,6,0,0,5,0,0,0,0,0,0,0,1,0,0,0,0,0,0
‘•ª›s–{‘½‚Q’–Ϊ,19,0,0,0,1,0,0,1,0,0,0,0,0,0,0,0,0,0,0,15,0,0,11,0,0,0,0,0,2,2,0,3,1,0,0,0,2
‘•ª›s–{‘½‚R’–Ϊ,5,1,0,1,1,0,1,0,0,0,0,0,0,0,0,0,0,0,0,1,0,0,1,0,0,0,0,0,0,0,0,2,2,0,0,0,0
‘•ª›s–{‘½‚S’–Ϊ,5,0,0,0,0,0,0,0,0,0,0,0,0,0,0,0,0,0,0,4,0,0,4,0,0,0,0,0,0,0,0,1,0,0,0,0,1
‘•ª›s–{‘½‚T’–Ϊ,9,0,0,0,1,0,1,0,0,0,1,0,0,0,0,1,0,0,0,4,0,0,4,0,0,0,0,0,0,0,0,3,2,0,0,0,1
‘•ª›s“—φƒ–E‚P’–Ϊ,4,0,0,0,1,0,1,0,0,0,0,0,0,0,0,0,0,0,0,1,0,0,1,0,0,0,0,0,0,0,0,2,0,0,0,0,2
‘•ª›s“—φƒ–E‚Q’–Ϊ,13,0,0,0,2,0,1,1,0,0,0,0,0,0,0,0,0,0,0,8,0,1,2,0,0,0,0,0,0,3,2,3,2,1,0,0,0
‘•ª›s“—φƒ–E‚R’–Ϊ,7,0,0,0,0,0,0,0,0,0,0,0,0,0,0,0,0,0,0,7,0,0,6,0,0,0,0,0,0,0,1,0,0,0,0,0,0
‘•ª›s“—φƒ–E‚S’–Ϊ,8,0,0,0,0,0,0,0,0,0,0,0,0,0,0,0,0,0,0,6,0,0,5,0,0,0,0,0,0,0,1,2,1,1,0,0,0
‘•ª›s“—φƒ–E‚T’–Ϊ,6,0,0,0,0,0,0,0,0,0,0,0,0,0,0,0,0,0,0,5,0,0,3,0,0,0,0,0,0,1,1,1,0,0,0,0,1
‘•ª›s“—φƒ–E‚U’–Ϊ,5,0,0,0,0,0,0,0,0,0,0,0,0,0,0,0,0,0,0,5,0,0,4,1,0,0,0,0,0,0,0,0,0,0,0,0,0
‘•ª›s“Λ‘q‚P’–Ϊ,3,0,0,0,0,0,0,0,0,0,0,0,0,0,0,0,0,0,0,2,0,0,1,1,0,0,0,0,0,0,0,1,1,0,0,0,0
‘•ª›s“Λ‘q‚Q’–Ϊ,10,0,0,0,1,0,0,1,0,0,0,0,0,0,0,0,0,0,0,6,0,0,1,2,0,0,0,0,1,0,2,3,0,0,0,0,3
‘•ª›sΛ‘q‚P’–Ϊ,17,0,0,0,2,0,1,1,0,0,0,0,0,0,0,0,0,0,0,12,0,0,9,0,0,0,0,0,0,1,2,3,0,0,2,0,1
‘•ª›sΛ‘q‚Q’–Ϊ,10,0,0,0,0,0,0,0,0,0,0,0,0,0,0,0,0,0,0,10,0,0,1,0,1,0,0,0,0,5,3,0,0,0,0,0,0
‘•ª›sΛ‘q‚R’–Ϊ,4,0,0,0,1,0,1,0,0,0,0,0,0,0,0,0,0,0,0,2,0,0,1,1,0,0,0,0,0,0,0,1,0,0,0,0,1
‘•ª›sΛ‘q‚S’–Ϊ,2,0,0,0,0,0,0,0,0,0,0,0,0,0,0,0,0,0,0,1,0,0,0,0,0,0,0,0,0,0,1,1,0,1,0,0,0
‘•ª›s“ϊ‹g’¬‚P’–Ϊ,5,0,0,0,0,0,0,0,0,0,0,0,0,0,0,0,0,0,0,3,0,0,1,1,0,0,0,0,0,0,1,2,0,0,0,0,2
‘•ª›s“ϊ‹g’¬‚Q’–Ϊ,5,0,0,0,0,0,0,0,0,0,0,0,0,0,0,0,0,0,0,1,0,0,0,0,0,0,0,0,0,0,1,4,2,0,0,0,2
‘•ª›s“ϊ‹g’¬‚R’–Ϊ,7,0,0,0,0,0,0,0,0,0,0,0,0,0,0,0,0,0,0,5,0,0,2,0,0,0,0,0,0,1,2,2,1,1,0,0,0
‘•ª›s“ϊ‹g’¬‚S’–Ϊ,4,0,0,0,0,0,0,0,0,0,1,0,0,0,0,0,0,0,1,1,0,0,0,0,0,0,0,0,0,0,1,2,0,1,0,0,1
‘•ª›s“ΰ“΅‚P’–Ϊ,9,0,0,0,0,0,0,0,0,0,0,0,0,0,0,0,0,0,0,5,0,0,5,0,0,0,0,0,0,0,0,4,1,1,0,0,2
‘•ª›s“ΰ“΅‚Q’–Ϊ,6,0,0,0,0,0,0,0,0,0,2,0,0,0,2,0,0,0,0,3,0,0,3,0,0,0,0,0,0,0,0,1,1,0,0,0,0
‘•ª›s•xm–{‚P’–Ϊ,3,0,0,0,0,0,0,0,0,0,0,0,0,0,0,0,0,0,0,3,0,0,3,0,0,0,0,0,0,0,0,0,0,0,0,0,0
‘•ª›s•xm–{‚Q’–Ϊ,2,0,0,0,1,0,0,0,1,0,1,0,0,0,0,1,0,0,0,0,0,0,0,0,0,0,0,0,0,0,0,0,0,0,0,0,0
‘•ª›s•xm–{‚R’–Ϊ,1,0,0,0,0,0,0,0,0,0,0,0,0,0,0,0,0,0,0,0,0,0,0,0,0,0,0,0,0,0,0,1,0,0,0,0,1
‘•ª›sV’¬‚P’–Ϊ,3,0,0,0,0,0,0,0,0,0,0,0,0,0,0,0,0,0,0,0,0,0,0,0,0,0,0,0,0,0,0,3,1,0,0,0,2
‘•ª›sV’¬‚Q’–Ϊ,3,0,0,0,0,0,0,0,0,0,1,0,0,0,0,0,1,0,0,1,0,0,0,1,0,0,0,0,0,0,0,1,1,0,0,0,0
‘•ª›sV’¬‚R’–Ϊ,1,0,0,0,0,0,0,0,0,0,0,0,0,0,0,0,0,0,0,0,0,0,0,0,0,0,0,0,0,0,0,1,1,0,0,0,0
‘•ª›s•ΐ–Ψ’¬‚P’–Ϊ,2,0,0,0,0,0,0,0,0,0,0,0,0,0,0,0,0,0,0,2,0,0,1,0,0,0,0,0,0,0,1,0,0,0,0,0,0
‘•ª›s•ΐ–Ψ’¬‚R’–Ϊ,1,0,0,0,0,0,0,0,0,0,0,0,0,0,0,0,0,0,0,0,0,0,0,0,0,0,0,0,0,0,0,1,1,0,0,0,0
‘•ª›s–k’¬‚P’–Ϊ,2,0,0,0,0,0,0,0,0,0,0,0,0,0,0,0,0,0,0,1,0,0,0,0,0,0,0,0,0,0,1,1,0,0,0,0,1
‘•ª›s–k’¬‚Q’–Ϊ,1,0,0,0,0,0,0,0,0,0,0,0,0,0,0,0,0,0,0,1,0,0,0,0,0,0,0,0,0,0,1,0,0,0,0,0,0
‘•ª›s–k’¬‚T’–Ϊ,5,0,0,0,2,0,0,1,1,0,1,0,0,0,0,1,0,0,0,1,0,0,1,0,0,0,0,0,0,0,0,1,0,0,0,0,1
‘•ª›sυ’¬‚P’–Ϊ,9,0,0,0,1,0,0,1,0,0,0,0,0,0,0,0,0,0,0,7,0,0,3,0,0,0,0,1,0,1,2,1,0,0,0,0,1
‘•ª›sυ’¬‚Q’–Ϊ,1,0,0,0,0,0,0,0,0,0,0,0,0,0,0,0,0,0,0,0,0,0,0,0,0,0,0,0,0,0,0,1,0,0,0,0,1
‘•ª›sυ’¬‚R’–Ϊ,2,0,0,0,0,0,0,0,0,0,0,0,0,0,0,0,0,0,0,1,0,0,1,0,0,0,0,0,0,0,0,1,0,0,0,0,1
‘•ª›s‚–Ψ’¬‚Q’–Ϊ,1,0,0,0,1,0,0,1,0,0,0,0,0,0,0,0,0,0,0,0,0,0,0,0,0,0,0,0,0,0,0,0,0,0,0,0,0
‘•ª›s‚–Ψ’¬‚R’–Ϊ,4,0,0,0,0,0,0,0,0,0,1,0,0,0,0,0,1,0,0,1,0,0,0,0,0,0,0,0,0,0,1,2,1,0,0,0,1
‘•ª›sΌ’¬‚P’–Ϊ,5,0,0,0,1,0,1,0,0,0,0,0,0,0,0,0,0,0,0,3,0,0,3,0,0,0,0,0,0,0,0,1,0,0,0,0,1
‘•ª›sΌ’¬‚Q’–Ϊ,6,0,0,0,1,0,1,0,0,0,0,0,0,0,0,0,0,0,0,3,0,0,3,0,0,0,0,0,0,0,0,2,1,0,0,0,1
‘•ª›sΌ’¬‚R’–Ϊ,3,0,0,0,0,0,0,0,0,0,0,0,0,0,0,0,0,0,0,2,0,0,1,0,0,0,0,0,0,1,0,1,0,0,0,0,1
‘•ª›sΌ’¬‚S’–Ϊ,5,0,0,0,1,0,0,1,0,0,0,0,0,0,0,0,0,0,0,3,0,0,3,0,0,0,0,0,0,0,0,1,1,0,0,0,0
‘•ª›sΌ’¬‚T’–Ϊ,4,0,0,0,0,0,0,0,0,0,0,0,0,0,0,0,0,0,0,3,0,0,3,0,0,0,0,0,0,0,0,1,1,0,0,0,0
‘•ª›sΌ—φƒ–E‚P’–Ϊ,18,0,0,0,0,0,0,0,0,0,0,0,0,0,0,0,0,0,0,12,0,0,2,0,0,0,0,0,0,5,5,6,3,1,0,0,2
‘•ª›sΌ—φƒ–E‚Q’–Ϊ,16,0,0,0,1,0,0,1,0,0,0,0,0,0,0,0,0,0,0,12,0,0,4,0,0,0,0,0,0,3,5,3,0,1,0,0,2
‘•ª›sΌ—φƒ–E‚R’–Ϊ,7,1,1,0,0,0,0,0,0,0,0,0,0,0,0,0,0,0,0,4,0,0,3,1,0,0,0,0,0,0,0,2,0,0,0,0,2
‘•ª›sΌ—φƒ–E‚S’–Ϊ,4,0,0,0,0,0,0,0,0,0,0,0,0,0,0,0,0,0,0,4,0,0,3,0,0,0,0,0,0,1,0,0,0,0,0,0,0
‘•ª›sv,586,5,2,3,47,0,25,19,3,0,11,0,0,0,3,3,3,0,2,401,0,5,215,13,1,0,4,1,9,78,75,122,46,15,3,0,58
‘—§s“‚P’–Ϊ,20,1,1,0,4,0,3,1,0,0,0,0,0,0,0,0,0,0,0,8,0,1,7,0,0,0,0,0,0,0,0,7,5,1,0,0,1
‘—§s“‚Q’–Ϊ,37,0,0,0,0,0,0,0,0,0,0,0,0,0,0,0,0,0,0,34,0,0,31,0,0,0,0,0,0,1,2,3,1,0,0,0,2
‘—§s“‚R’–Ϊ,12,0,0,0,5,0,3,0,2,0,0,0,0,0,0,0,0,0,0,4,0,0,2,0,0,0,0,0,0,0,2,3,1,0,0,0,2
‘—§s“‚S’–Ϊ,9,0,0,0,0,0,0,0,0,0,2,0,0,0,0,0,1,0,1,1,0,0,1,0,0,0,0,0,0,0,0,6,2,0,0,0,4
‘—§s’†‚P’–Ϊ,32,0,0,0,2,0,1,0,1,0,1,0,0,0,1,0,0,0,0,22,0,0,4,1,1,0,0,0,0,14,2,7,1,0,0,0,6
‘—§s’†‚Q’–Ϊ,15,0,0,0,0,0,0,0,0,0,1,0,0,1,0,0,0,0,0,13,0,0,13,0,0,0,0,0,0,0,0,1,0,1,0,0,0
‘—§sΌ‚P’–Ϊ,16,0,0,0,1,0,1,0,0,0,1,0,0,0,0,1,0,0,0,10,0,0,7,0,0,0,0,0,0,0,3,4,1,0,0,0,3
‘—§sΌ‚Q’–Ϊ,8,0,0,0,0,0,0,0,0,0,0,0,0,0,0,0,0,0,0,4,0,1,1,0,0,0,0,0,0,0,2,4,2,1,0,0,1
‘—§sΌ‚R’–Ϊ,1,0,0,0,0,0,0,0,0,0,0,0,0,0,0,0,0,0,0,0,0,0,0,0,0,0,0,0,0,0,0,1,0,0,0,0,1
‘—§s–k‚P’–Ϊ,22,0,0,0,3,0,3,0,0,0,0,0,0,0,0,0,0,0,0,16,0,0,6,0,0,0,0,0,1,7,2,3,0,0,0,0,3
‘—§s–k‚Q’–Ϊ,11,0,0,0,0,0,0,0,0,0,1,0,1,0,0,0,0,0,0,9,0,0,5,0,0,0,0,0,0,4,0,1,1,0,0,0,0
‘—§s–k‚R’–Ϊ,23,1,0,1,1,0,1,0,0,0,1,0,0,0,0,1,0,0,0,16,0,0,10,0,1,0,0,0,0,3,2,4,1,0,0,0,3
‘—§s•xm©‘δ‚P’–Ϊ,18,0,0,0,1,0,0,1,0,0,0,0,0,0,0,0,0,0,0,13,0,0,10,1,0,0,0,0,0,0,2,4,0,1,0,0,3
‘—§s•xm©‘δ‚Q’–Ϊ,25,1,0,1,3,0,0,2,1,0,0,0,0,0,0,0,0,0,0,13,0,0,10,0,0,0,0,0,1,1,1,8,2,2,0,0,4
‘—§s•xm©‘δ‚R’–Ϊ,9,0,0,0,1,0,0,1,0,0,0,0,0,0,0,0,0,0,0,1,0,0,1,0,0,0,0,0,0,0,0,7,4,0,0,0,3
‘—§s•xm©‘δ‚S’–Ϊ,14,0,0,0,1,0,1,0,0,0,0,0,0,0,0,0,0,0,0,11,0,2,7,0,0,0,0,0,0,0,2,2,2,0,0,0,0
‘—§s’J•Ϋ,29,1,0,1,2,0,1,0,1,0,0,0,0,0,0,0,0,0,0,17,0,0,12,0,0,0,0,0,0,0,5,9,4,1,0,0,4
‘—§s’J•Ϋ‚S’–Ϊ,1,0,0,0,0,0,0,0,0,0,1,0,0,0,1,0,0,0,0,0,0,0,0,0,0,0,0,0,0,0,0,0,0,0,0,0,0
‘—§s’J•Ϋ‚U’–Ϊ,6,0,0,0,1,0,1,0,0,0,2,0,0,0,0,0,0,0,2,1,0,0,1,0,0,0,0,0,0,0,0,2,1,0,0,0,1
‘—§s’J•Ϋ‚V’–Ϊ,3,0,0,0,0,0,0,0,0,0,0,0,0,0,0,0,0,0,0,2,0,0,1,0,0,0,0,0,0,0,1,1,0,0,0,0,1
‘—§sΒ–φ,1,0,0,0,0,0,0,0,0,0,0,0,0,0,0,0,0,0,0,0,0,0,0,0,0,0,0,0,0,0,0,1,0,1,0,0,0
‘—§sΒ–φ‚P’–Ϊ,1,0,0,0,0,0,0,0,0,0,0,0,0,0,0,0,0,0,0,1,0,0,1,0,0,0,0,0,0,0,0,0,0,0,0,0,0
‘—§sΒ–φ‚Q’–Ϊ,7,1,1,0,0,0,0,0,0,0,0,0,0,0,0,0,0,0,0,1,0,1,0,0,0,0,0,0,0,0,0,5,1,0,0,0,4
‘—§sΒ–φ‚R’–Ϊ,3,0,0,0,0,0,0,0,0,0,0,0,0,0,0,0,0,0,0,2,0,0,1,0,0,0,0,0,0,0,1,1,1,0,0,0,0
‘—§sΞ“c,2,0,0,0,0,0,0,0,0,0,0,0,0,0,0,0,0,0,0,2,0,0,0,0,0,0,0,0,0,2,0,0,0,0,0,0,0
‘—§sς‚P’–Ϊ,5,0,0,0,0,0,0,0,0,0,0,0,0,0,0,0,0,0,0,4,0,0,1,1,0,0,0,0,0,1,1,1,1,0,0,0,0
‘—§sς‚Q’–Ϊ,13,0,0,0,0,0,0,0,0,0,0,0,0,0,0,0,0,0,0,10,0,3,3,0,0,0,0,0,0,0,4,3,1,0,0,0,2
‘—§sς‚R’–Ϊ,12,0,0,0,0,0,0,0,0,0,2,0,0,0,0,0,0,0,2,9,0,0,1,1,0,0,0,0,0,6,1,1,1,0,0,0,0
‘—§sς‚S’–Ϊ,2,0,0,0,0,0,0,0,0,0,0,0,0,0,0,0,0,0,0,0,0,0,0,0,0,0,0,0,0,0,0,2,0,0,0,0,2
‘—§sς‚T’–Ϊ,1,0,0,0,0,0,0,0,0,0,0,0,0,0,0,0,0,0,0,0,0,0,0,0,0,0,0,0,0,0,0,1,0,0,0,0,1
‘—§s–ξμ‚R’–Ϊ,3,0,0,0,0,0,0,0,0,0,1,0,0,0,0,0,0,0,1,0,0,0,0,0,0,0,0,0,0,0,0,2,0,0,1,0,1
‘—§sv,361,5,2,3,25,0,15,5,5,0,13,0,1,1,2,2,1,0,6,224,0,8,136,4,2,0,0,0,2,39,33,94,33,8,1,0,52
•¶s–{’¬,28,1,1,0,2,0,1,1,0,0,0,0,0,0,0,0,0,0,0,13,0,0,8,0,0,0,0,0,0,1,4,12,4,1,1,0,6
•¶su–Ξ,15,0,0,0,1,0,1,0,0,0,1,0,0,0,0,1,0,0,0,12,0,1,11,0,0,0,0,0,0,0,0,1,0,0,0,0,1
•¶s‹•l,17,0,0,0,1,0,1,0,0,0,0,0,0,0,0,0,0,0,0,12,0,1,9,1,0,0,0,0,0,0,1,4,1,0,0,0,3
•¶s•‘ –μ‘δ‚P’–Ϊ,20,0,0,0,0,0,0,0,0,0,0,0,0,0,0,0,0,0,0,19,0,2,15,1,0,0,0,0,0,0,1,1,1,0,0,0,0
•¶s•‘ –μ‘δ‚Q’–Ϊ,17,0,0,0,1,0,1,0,0,0,0,0,0,0,0,0,0,0,0,14,0,3,8,0,0,0,0,0,0,0,3,2,1,0,0,0,1
•¶s‘ε•¶,88,2,1,1,7,0,5,2,0,0,3,0,0,0,2,1,0,0,0,52,1,7,32,1,0,2,0,0,0,1,8,24,5,2,0,0,17
•¶s‘εFμ,111,2,1,1,5,0,2,2,1,0,0,0,0,0,0,0,0,0,0,80,0,3,59,5,0,0,0,1,1,5,6,24,6,6,1,0,11
•¶s–k“c‰€‚P’–Ϊ,4,0,0,0,0,0,0,0,0,0,0,0,0,0,0,0,0,0,0,3,0,0,2,0,0,0,0,0,0,0,1,1,0,0,0,0,1
•¶s–k“c‰€‚Q’–Ϊ,9,0,0,0,0,0,0,0,0,0,0,0,0,0,0,0,0,0,0,6,0,0,2,1,0,0,0,0,1,1,1,3,1,0,0,0,2
•¶s“μ“c‰€‚P’–Ϊ,10,0,0,0,0,0,0,0,0,0,0,0,0,0,0,0,0,0,0,8,0,1,0,0,0,0,0,0,0,5,2,2,1,0,0,0,1
•¶s“μ“c‰€‚Q’–Ϊ,12,0,0,0,0,0,0,0,0,0,0,0,0,0,0,0,0,0,0,11,0,1,6,0,0,0,0,0,0,0,4,1,0,0,0,0,1
•¶s“μ“c‰€‚R’–Ϊ,8,0,0,0,0,0,0,0,0,0,2,0,0,0,0,2,0,0,0,6,0,1,4,1,0,0,0,0,0,0,0,0,0,0,0,0,0
•¶s‰Α”ό•½‚P’–Ϊ,11,1,0,1,2,0,0,2,0,0,0,0,0,0,0,0,0,0,0,8,0,1,7,0,0,0,0,0,0,0,0,0,0,0,0,0,0
•¶s‰Α”ό•½‚Q’–Ϊ,10,0,0,0,0,0,0,0,0,0,0,0,0,0,0,0,0,0,0,8,0,1,6,0,0,0,0,0,0,0,1,2,2,0,0,0,0
•¶s‰Α”ό•½‚R’–Ϊ,9,0,0,0,0,0,0,0,0,0,0,0,0,0,0,0,0,0,0,7,0,0,4,0,0,1,0,0,0,1,1,2,1,0,1,0,0
•¶s‰Α”ό•½‚S’–Ϊ,13,0,0,0,0,0,0,0,0,0,0,0,0,0,0,0,0,0,0,11,0,1,7,0,0,0,0,0,0,0,3,2,1,0,0,0,1
•¶s“’¬,52,0,0,0,4,0,2,1,1,0,0,0,0,0,0,0,0,0,0,42,0,2,16,0,0,0,0,0,0,21,3,6,0,2,0,0,4
•¶sv,434,6,3,3,23,0,13,8,2,0,6,0,0,0,2,4,0,0,0,312,1,25,196,10,0,3,0,1,2,35,39,87,24,11,3,0,49
]sβΛ–k‚P’–Ϊ,3,0,0,0,0,0,0,0,0,0,0,0,0,0,0,0,0,0,0,2,0,0,2,0,0,0,0,0,0,0,0,1,1,0,0,0,0
]sβΛ–k‚Q’–Ϊ,12,0,0,0,0,0,0,0,0,0,0,0,0,0,0,0,0,0,0,8,0,0,6,0,0,0,0,0,0,1,1,4,2,0,0,0,2
]sβΛ–k‚R’–Ϊ,5,0,0,0,0,0,0,0,0,0,0,0,0,0,0,0,0,0,0,2,0,0,2,0,0,0,0,0,0,0,0,3,0,0,0,0,3
]sβΛ–k‚S’–Ϊ,10,0,0,0,0,0,0,0,0,0,0,0,0,0,0,0,0,0,0,9,0,1,6,0,0,0,0,0,0,1,1,1,1,0,0,0,0
]sβΛ“μ‚P’–Ϊ,4,1,0,1,0,0,0,0,0,0,0,0,0,0,0,0,0,0,0,2,0,0,1,0,0,0,0,0,0,0,1,1,1,0,0,0,0
]sβΛ“μ‚Q’–Ϊ,12,0,0,0,0,0,0,0,0,0,0,0,0,0,0,0,0,0,0,6,0,0,4,0,0,0,0,0,0,0,2,6,5,0,0,0,1
]sβΛ“μ‚R’–Ϊ,8,0,0,0,0,0,0,0,0,0,1,0,0,0,0,0,0,0,1,1,0,0,0,0,0,0,0,0,0,0,1,6,2,0,0,0,4
]sβΛ“μ‚S’–Ϊ,4,0,0,0,1,0,1,0,0,0,0,0,0,0,0,0,0,0,0,3,0,0,1,0,0,0,0,0,0,2,0,0,0,0,0,0,0
]s“–μμ‚P’–Ϊ,6,0,0,0,0,0,0,0,0,0,0,0,0,0,0,0,0,0,0,4,0,0,2,1,0,0,0,0,0,0,1,2,0,0,0,0,2
]s“–μμ‚Q’–Ϊ,7,0,0,0,3,0,0,2,0,1,0,0,0,0,0,0,0,0,0,3,0,0,1,1,0,0,0,0,0,1,0,1,0,0,0,0,1
]s“–μμ‚R’–Ϊ,4,0,0,0,0,0,0,0,0,0,0,0,0,0,0,0,0,0,0,2,0,0,2,0,0,0,0,0,0,0,0,2,0,0,0,0,2
]s“–μμ‚S’–Ϊ,3,0,0,0,0,0,0,0,0,0,0,0,0,0,0,0,0,0,0,2,0,0,1,0,0,0,0,0,0,0,1,1,0,0,0,0,1
]sΌ–μμ‚P’–Ϊ,8,0,0,0,0,0,0,0,0,0,0,0,0,0,0,0,0,0,0,3,0,0,1,0,0,0,0,0,0,0,2,5,2,0,0,0,3
]sΌ–μμ‚Q’–Ϊ,1,0,0,0,0,0,0,0,0,0,0,0,0,0,0,0,0,0,0,0,0,0,0,0,0,0,0,0,0,0,0,1,1,0,0,0,0
]sΌ–μμ‚S’–Ϊ,5,0,0,0,0,0,0,0,0,0,0,0,0,0,0,0,0,0,0,3,0,0,0,0,0,0,0,0,0,0,3,2,0,0,0,0,2
]saς–{’¬‚P’–Ϊ,13,0,0,0,1,0,1,0,0,0,0,0,0,0,0,0,0,0,0,7,0,0,6,0,0,0,0,0,0,0,1,5,3,0,0,0,2
]saς–{’¬‚Q’–Ϊ,2,0,0,0,0,0,0,0,0,0,0,0,0,0,0,0,0,0,0,1,0,0,0,0,0,0,0,0,0,0,1,1,0,0,0,0,1
]saς–{’¬‚R’–Ϊ,2,0,0,0,0,0,0,0,0,0,0,0,0,0,0,0,0,0,0,1,0,0,1,0,0,0,0,0,0,0,0,1,0,0,0,0,1
]saς–{’¬‚S’–Ϊ,12,0,0,0,1,0,0,1,0,0,0,0,0,0,0,0,0,0,0,8,0,1,3,0,0,0,0,0,0,2,2,3,2,0,0,0,1
]s’†aς‚P’–Ϊ,12,0,0,0,3,0,2,0,1,0,1,0,0,0,1,0,0,0,0,5,0,0,4,0,0,0,0,0,0,0,1,3,1,0,0,0,2
]s’†aς‚Q’–Ϊ,4,0,0,0,0,0,0,0,0,0,0,0,0,0,0,0,0,0,0,3,0,0,1,1,0,0,0,0,0,1,0,1,0,1,0,0,0
]s’†aς‚R’–Ϊ,7,0,0,0,0,0,0,0,0,0,0,0,0,0,0,0,0,0,0,5,0,0,4,0,0,0,0,0,0,0,1,2,1,0,1,0,0
]s’†aς‚S’–Ϊ,2,0,0,0,0,0,0,0,0,0,0,0,0,0,0,0,0,0,0,1,0,0,0,0,0,0,0,0,0,0,1,1,0,0,0,0,1
]s’†aς‚T’–Ϊ,6,0,0,0,0,0,0,0,0,0,0,0,0,0,0,0,0,0,0,4,0,0,1,0,0,0,0,0,0,0,3,2,0,0,0,0,2
]sΌaς‚P’–Ϊ,9,0,0,0,0,0,0,0,0,0,0,0,0,0,0,0,0,0,0,5,0,2,2,1,0,0,0,0,0,0,0,4,1,0,0,0,3
]sΌaς‚Q’–Ϊ,1,0,0,0,0,0,0,0,0,0,0,0,0,0,0,0,0,0,0,1,0,0,1,0,0,0,0,0,0,0,0,0,0,0,0,0,0
]s“aς‚P’–Ϊ,23,0,0,0,1,0,1,0,0,0,0,0,0,0,0,0,0,0,0,15,0,1,8,0,0,1,0,0,0,1,4,7,2,1,0,0,4
]s“aς‚Q’–Ϊ,5,0,0,0,0,0,0,0,0,0,0,0,0,0,0,0,0,0,0,3,0,0,2,0,0,0,0,0,0,0,1,2,1,0,0,0,1
]s“aς‚R’–Ϊ,13,0,0,0,0,0,0,0,0,0,0,0,0,0,0,0,0,0,0,8,0,0,7,0,0,0,0,0,0,0,1,5,0,0,0,0,5
]s“aς‚S’–Ϊ,7,0,0,0,0,0,0,0,0,0,0,0,0,0,0,0,0,0,0,3,0,0,2,0,0,0,0,0,0,1,0,4,0,3,0,0,1
]s³aς‚P’–Ϊ,22,0,0,0,1,0,0,0,0,1,0,0,0,0,0,0,0,0,0,19,0,0,9,1,0,0,0,0,1,5,3,2,1,0,0,0,1
]s³aς‚Q’–Ϊ,6,0,0,0,0,0,0,0,0,0,1,0,0,0,0,1,0,0,0,5,0,0,1,1,0,0,0,0,0,0,3,0,0,0,0,0,0
]s³aς‚R’–Ϊ,8,0,0,0,0,0,0,0,0,0,0,0,0,0,0,0,0,0,0,8,0,0,3,0,1,1,0,0,1,0,2,0,0,0,0,0,0
]s‹ξδ’¬‚P’–Ϊ,7,0,0,0,0,0,0,0,0,0,1,0,0,0,0,0,0,1,0,6,0,0,1,1,0,0,0,0,0,2,2,0,0,0,0,0,0
]s‹ξδ’¬‚Q’–Ϊ,3,0,0,0,0,0,0,0,0,0,0,0,0,0,0,0,0,0,0,1,0,0,1,0,0,0,0,0,0,0,0,2,1,0,0,0,1
]s‹ξδ’¬‚R’–Ϊ,2,0,0,0,0,0,0,0,0,0,1,0,0,0,0,0,0,0,1,0,0,0,0,0,0,0,0,0,0,0,0,1,0,0,0,0,1
]s’–•ϋ‚P’–Ϊ,2,0,0,0,0,0,0,0,0,0,0,0,0,0,0,0,0,0,0,2,0,0,1,0,0,0,0,0,0,0,1,0,0,0,0,0,0
]s’–•ϋ‚Q’–Ϊ,3,0,0,0,0,0,0,0,0,0,0,0,0,0,0,0,0,0,0,1,0,0,0,0,0,1,0,0,0,0,0,2,0,0,0,0,2
]s’–•ϋ‚R’–Ϊ,5,0,0,0,0,0,0,0,0,0,0,0,0,0,0,0,0,0,0,3,0,0,1,2,0,0,0,0,0,0,0,2,2,0,0,0,0
]sv,268,1,0,1,11,0,5,3,1,2,5,0,0,0,1,1,0,1,2,165,0,5,88,9,1,3,0,0,2,17,40,86,30,5,1,0,50
“‘εasπE‚P’–Ϊ,6,0,0,0,0,0,0,0,0,0,0,0,0,0,0,0,0,0,0,1,0,0,1,0,0,0,0,0,0,0,0,5,1,0,0,0,4
“‘εasπE‚R’–Ϊ,2,0,0,0,0,0,0,0,0,0,0,0,0,0,0,0,0,0,0,0,0,0,0,0,0,0,0,0,0,0,0,2,0,0,0,0,2
“‘εasπE‚S’–Ϊ,3,0,0,0,0,0,0,0,0,0,0,0,0,0,0,0,0,0,0,2,0,0,1,1,0,0,0,0,0,0,0,1,1,0,0,0,0
“‘εasπE‚T’–Ϊ,2,0,0,0,0,0,0,0,0,0,0,0,0,0,0,0,0,0,0,2,0,0,2,0,0,0,0,0,0,0,0,0,0,0,0,0,0
“‘εasπE‚U’–Ϊ,4,0,0,0,0,0,0,0,0,0,0,0,0,0,0,0,0,0,0,1,0,0,0,0,0,0,0,0,0,0,1,3,1,0,0,0,2
“‘εas΄…‚P’–Ϊ,3,0,0,0,0,0,0,0,0,0,1,0,0,0,0,1,0,0,0,0,0,0,0,0,0,0,0,0,0,0,0,2,2,0,0,0,0
“‘εas΄…‚Q’–Ϊ,3,0,0,0,0,0,0,0,0,0,0,0,0,0,0,0,0,0,0,3,0,0,2,0,0,0,0,0,0,0,1,0,0,0,0,0,0
“‘εas΄…‚R’–Ϊ,3,0,0,0,0,0,0,0,0,0,0,0,0,0,0,0,0,0,0,1,0,0,0,0,0,0,0,0,0,0,1,2,1,0,0,0,1
“‘εas΄…‚S’–Ϊ,1,0,0,0,0,0,0,0,0,0,1,0,0,0,0,1,0,0,0,0,0,0,0,0,0,0,0,0,0,0,0,0,0,0,0,0,0
“‘εas΄…‚T’–Ϊ,4,0,0,0,1,0,0,1,0,0,1,0,0,0,0,0,1,0,0,1,0,0,1,0,0,0,0,0,0,0,0,1,1,0,0,0,0
“‘εas΄…‚U’–Ϊ,7,0,0,0,0,0,0,0,0,0,0,0,0,0,0,0,0,0,0,5,0,0,4,0,0,0,0,0,0,0,1,2,0,1,0,0,1
“‘εasχ‚ª‹u‚P’–Ϊ,40,0,0,0,2,0,2,0,0,0,0,0,0,0,0,0,0,0,0,35,0,1,30,0,0,0,0,0,0,0,4,3,1,0,0,0,2
“‘εasχ‚ª‹u‚Q’–Ϊ,17,0,0,0,1,0,0,0,1,0,0,0,0,0,0,0,0,0,0,10,0,0,7,0,0,0,0,0,1,1,1,6,4,1,0,0,1
“‘εasχ‚ª‹u‚R’–Ϊ,42,0,0,0,1,0,0,1,0,0,0,0,0,0,0,0,0,0,0,32,0,0,29,1,0,0,0,0,0,0,2,9,3,1,0,0,5
“‘εasχ‚ª‹u‚S’–Ϊ,20,0,0,0,1,0,0,1,0,0,0,0,0,0,0,0,0,0,0,15,0,0,15,0,0,0,0,0,0,0,0,4,1,2,0,0,1
“‘εasγ–k‘δ‚P’–Ϊ,29,0,0,0,0,0,0,0,0,0,0,0,0,0,0,0,0,0,0,24,0,0,23,0,0,0,0,0,0,0,1,5,0,1,0,0,4
“‘εasγ–k‘δ‚Q’–Ϊ,13,0,0,0,1,0,1,0,0,0,0,0,0,0,0,0,0,0,0,12,0,1,5,0,0,0,0,0,0,0,6,0,0,0,0,0,0
“‘εasγ–k‘δ‚R’–Ϊ,20,0,0,0,1,0,0,1,0,0,0,0,0,0,0,0,0,0,0,14,0,0,8,0,0,0,0,0,0,3,3,5,2,1,0,0,2
“‘εas‘ •~‚P’–Ϊ,5,0,0,0,0,0,0,0,0,0,0,0,0,0,0,0,0,0,0,1,0,0,0,0,0,0,0,0,0,0,1,4,0,0,0,0,4
“‘εas‘ •~‚Q’–Ϊ,2,0,0,0,1,0,0,0,1,0,0,0,0,0,0,0,0,0,0,1,0,0,0,0,0,0,0,0,0,0,1,0,0,0,0,0,0
“‘εas‘ •~‚R’–Ϊ,11,0,0,0,1,0,1,0,0,0,0,0,0,0,0,0,0,0,0,8,0,1,3,0,0,0,0,0,0,4,0,2,1,1,0,0,0
“‘εas“ή—Η‹΄‚P’–Ϊ,1,0,0,0,0,0,0,0,0,0,0,0,0,0,0,0,0,0,0,1,0,0,0,0,0,0,0,0,0,0,1,0,0,0,0,0,0
“‘εas“ή—Η‹΄‚Q’–Ϊ,2,0,0,0,0,0,0,0,0,0,1,0,0,0,0,0,1,0,0,1,0,0,0,0,0,0,0,0,0,0,1,0,0,0,0,0,0
“‘εas“ή—Η‹΄‚R’–Ϊ,7,0,0,0,0,0,0,0,0,0,0,0,0,0,0,0,0,0,0,7,0,0,1,1,0,0,0,0,0,4,1,0,0,0,0,0,0
“‘εas“ή—Η‹΄‚S’–Ϊ,1,0,0,0,0,0,0,0,0,0,0,0,0,0,0,0,0,0,0,0,0,0,0,0,0,0,0,0,0,0,0,1,0,0,0,0,1
“‘εas“ή—Η‹΄‚T’–Ϊ,7,0,0,0,0,0,0,0,0,0,0,0,0,0,0,0,0,0,0,6,0,2,4,0,0,0,0,0,0,0,0,1,0,0,0,0,1
“‘εas“ή—Η‹΄‚U’–Ϊ,3,0,0,0,1,0,1,0,0,0,0,0,0,0,0,0,0,0,0,2,0,1,1,0,0,0,0,0,0,0,0,0,0,0,0,0,0
“‘εas‚–Ψ‚P’–Ϊ,3,0,0,0,0,0,0,0,0,0,0,0,0,0,0,0,0,0,0,3,0,0,1,0,0,0,0,0,0,1,1,0,0,0,0,0,0
“‘εas‚–Ψ‚Q’–Ϊ,2,0,0,0,0,0,0,0,0,0,0,0,0,0,0,0,0,0,0,2,0,0,0,1,0,0,0,0,0,0,1,0,0,0,0,0,0
“‘εas‚–Ψ‚R’–Ϊ,11,0,0,0,0,0,0,0,0,0,0,0,0,0,0,0,0,0,0,7,0,0,5,1,0,0,0,0,0,0,1,4,1,0,0,0,3
“‘εas‹·R‚Q’–Ϊ,3,0,0,0,1,0,1,0,0,0,1,0,0,0,0,0,0,0,1,0,0,0,0,0,0,0,0,0,0,0,0,1,0,0,0,0,1
“‘εas‹·R‚R’–Ϊ,1,0,0,0,0,0,0,0,0,0,0,0,0,0,0,0,0,0,0,1,0,0,0,0,0,0,0,0,0,0,1,0,0,0,0,0,0
“‘εas‹·R‚S’–Ϊ,4,0,0,0,0,0,0,0,0,0,0,0,0,0,0,0,0,0,0,3,0,0,3,0,0,0,0,0,0,0,0,1,0,0,0,0,1
“‘εas‹·R‚T’–Ϊ,7,0,0,0,1,0,1,0,0,0,0,0,0,0,0,0,0,0,0,4,0,0,2,1,0,0,0,0,0,0,1,2,1,1,0,0,0
“‘εasΞ”Θ‚P’–Ϊ,2,0,0,0,0,0,0,0,0,0,0,0,0,0,0,0,0,0,0,0,0,0,0,0,0,0,0,0,0,0,0,2,1,0,0,0,1
“‘εasΞ”Θ‚Q’–Ϊ,2,0,0,0,1,0,0,1,0,0,0,0,0,0,0,0,0,0,0,0,0,0,0,0,0,0,0,0,0,0,0,1,1,0,0,0,0
“‘εasΞ”Θ‚R’–Ϊ,2,0,0,0,0,0,0,0,0,0,0,0,0,0,0,0,0,0,0,1,0,0,0,1,0,0,0,0,0,0,0,1,0,0,0,0,1
“‘εas—§–μ‚P’–Ϊ,11,0,0,0,0,0,0,0,0,0,0,0,0,0,0,0,0,0,0,4,0,1,1,0,0,0,0,0,0,1,1,7,4,0,1,0,2
“‘εas—§–μ‚Q’–Ϊ,18,0,0,0,2,0,2,0,0,0,0,0,0,0,0,0,0,0,0,13,0,0,10,0,0,0,0,0,0,3,0,3,2,1,0,0,0
“‘εas—§–μ‚R’–Ϊ,14,0,0,0,0,0,0,0,0,0,0,0,0,0,0,0,0,0,0,12,0,0,6,1,0,0,0,0,0,3,2,2,1,0,0,0,1
“‘εas—§–μ‚S’–Ϊ,8,0,0,0,0,0,0,0,0,0,0,0,0,0,0,0,0,0,0,7,0,0,6,0,0,0,0,0,0,0,1,1,0,0,0,0,1
“‘εas’†‰›‚P’–Ϊ,8,0,0,0,1,0,1,0,0,0,0,0,0,0,0,0,0,0,0,6,0,0,4,0,0,0,0,1,0,1,0,1,0,1,0,0,0
“‘εas’†‰›‚Q’–Ϊ,4,1,0,1,0,0,0,0,0,0,0,0,0,0,0,0,0,0,0,2,0,1,0,1,0,0,0,0,0,0,0,1,0,0,0,0,1
“‘εas’†‰›‚R’–Ϊ,5,0,0,0,0,0,0,0,0,0,2,1,0,0,0,0,0,0,1,3,0,0,1,0,0,0,0,0,0,1,1,0,0,0,0,0,0
“‘εas’†‰›‚S’–Ϊ,3,0,0,0,0,0,0,0,0,0,0,0,0,0,0,0,0,0,0,1,0,0,1,0,0,0,0,0,0,0,0,2,1,0,0,0,1
“‘εas‘½–€Ξ‚S’–Ϊ,4,0,0,0,1,0,0,1,0,0,0,0,0,0,0,0,0,0,0,3,0,0,2,1,0,0,0,0,0,0,0,0,0,0,0,0,0
“‘εas“μX‚P’–Ϊ,10,0,0,0,1,0,1,0,0,0,0,0,0,0,0,0,0,0,0,6,0,0,4,0,0,0,0,1,0,1,0,3,0,0,0,0,3
“‘εas“μX‚Q’–Ϊ,8,0,0,0,0,0,0,0,0,0,0,0,0,0,0,0,0,0,0,5,0,0,3,0,0,0,0,1,0,0,1,3,2,0,0,0,1
“‘εas“μX‚R’–Ϊ,8,0,0,0,0,0,0,0,0,0,2,0,0,0,0,0,0,0,2,4,0,0,1,1,0,0,0,0,0,0,2,2,1,0,0,0,1
“‘εas“μX‚S’–Ϊ,13,0,0,0,1,0,0,1,0,0,0,0,0,0,0,0,0,0,0,12,0,2,9,0,0,0,0,0,0,0,1,0,0,0,0,0,0
“‘εas“μX‚T’–Ϊ,24,0,0,0,0,0,0,0,0,0,0,0,0,0,0,0,0,0,0,23,0,2,14,0,0,0,0,0,0,5,2,1,0,0,0,0,1
“‘εas“μX‚U’–Ϊ,3,0,0,0,0,0,0,0,0,0,0,0,0,0,0,0,0,0,0,3,0,0,3,0,0,0,0,0,0,0,0,0,0,0,0,0,0
“‘εas’‡΄‚P’–Ϊ,7,0,0,0,0,0,0,0,0,0,0,0,0,0,0,0,0,0,0,7,0,0,1,0,0,0,0,0,0,4,2,0,0,0,0,0,0
“‘εas’‡΄‚Q’–Ϊ,5,0,0,0,0,0,0,0,0,0,0,0,0,0,0,0,0,0,0,4,0,0,3,0,0,0,0,0,0,0,1,1,0,0,0,0,1
“‘εas’‡΄‚R’–Ϊ,2,0,0,0,0,0,0,0,0,0,0,0,0,0,0,0,0,0,0,2,0,0,2,0,0,0,0,0,0,0,0,0,0,0,0,0,0
“‘εas’‡΄‚S’–Ϊ,7,0,0,0,0,0,0,0,0,0,1,0,0,0,0,1,0,0,0,4,0,0,2,0,0,0,0,0,0,2,0,2,1,0,0,0,1
“‘εasό΄‚P’–Ϊ,2,0,0,0,0,0,0,0,0,0,0,0,0,0,0,0,0,0,0,2,0,0,2,0,0,0,0,0,0,0,0,0,0,0,0,0,0
“‘εasό΄‚Q’–Ϊ,3,1,1,0,0,0,0,0,0,0,0,0,0,0,0,0,0,0,0,1,0,0,1,0,0,0,0,0,0,0,0,1,1,0,0,0,0
“‘εasό΄‚R’–Ϊ,12,0,0,0,0,0,0,0,0,0,0,0,0,0,0,0,0,0,0,8,0,2,4,0,0,0,0,0,0,0,2,4,3,0,0,0,1
“‘εasό΄‚S’–Ϊ,7,0,0,0,0,0,0,0,0,0,0,0,0,0,0,0,0,0,0,7,0,0,3,1,0,1,0,0,0,2,0,0,0,0,0,0,0
“‘εasό΄‚T’–Ϊ,7,0,0,0,0,0,0,0,0,0,0,0,0,0,0,0,0,0,0,1,0,0,1,0,0,0,0,0,0,0,0,6,0,0,0,0,6
“‘εasό΄‚U’–Ϊ,38,0,0,0,0,0,0,0,0,0,0,0,0,0,0,0,0,0,0,30,0,3,23,0,0,0,1,0,0,0,3,8,1,2,0,0,5
“‘εas΄΄‚P’–Ϊ,4,0,0,0,1,0,1,0,0,0,1,0,0,0,0,1,0,0,0,1,0,1,0,0,0,0,0,0,0,0,0,1,0,0,0,0,1
“‘εas΄΄‚Q’–Ϊ,9,0,0,0,1,0,1,0,0,0,1,0,0,0,0,0,0,0,1,6,0,0,6,0,0,0,0,0,0,0,0,1,0,0,0,0,1
“‘εas΄΄‚R’–Ϊ,7,0,0,0,0,0,0,0,0,0,0,0,0,0,0,0,0,0,0,7,0,1,6,0,0,0,0,0,0,0,0,0,0,0,0,0,0
“‘εas΄΄‚S’–Ϊ,4,0,0,0,0,0,0,0,0,0,0,0,0,0,0,0,0,0,0,4,0,0,3,0,0,0,0,0,0,1,0,0,0,0,0,0,0
“‘εasV–x‚P’–Ϊ,2,0,0,0,1,0,0,0,0,1,1,0,0,0,0,0,0,0,1,0,0,0,0,0,0,0,0,0,0,0,0,0,0,0,0,0,0
“‘εasV–x‚Q’–Ϊ,5,0,0,0,0,0,0,0,0,0,1,0,0,0,0,0,1,0,0,1,0,0,1,0,0,0,0,0,0,0,0,3,2,0,0,0,1
“‘εasV–x‚R’–Ϊ,2,0,0,0,1,0,0,0,1,0,0,0,0,0,0,0,0,0,0,0,0,0,0,0,0,0,0,0,0,0,0,1,0,0,0,0,1
“‘εasv,559,2,1,1,24,0,13,7,3,1,14,1,0,0,0,4,3,0,6,395,0,19,271,12,0,1,1,3,1,37,50,124,42,13,1,0,68
΄£sγ΄Λ‚P’–Ϊ,8,0,0,0,0,0,0,0,0,0,0,0,0,0,0,0,0,0,0,7,0,0,6,0,0,0,0,0,0,1,0,1,1,0,0,0,0
΄£sγ΄Λ‚Q’–Ϊ,6,0,0,0,0,0,0,0,0,0,0,0,0,0,0,0,0,0,0,2,0,0,2,0,0,0,0,0,0,0,0,4,2,0,0,0,2
΄£s³’¬‚P’–Ϊ,72,2,1,1,3,0,2,0,1,0,0,0,0,0,0,0,0,0,0,57,0,0,27,0,0,0,0,0,0,24,6,10,6,0,0,0,4
΄£s³’¬‚Q’–Ϊ,11,0,0,0,0,0,0,0,0,0,0,0,0,0,0,0,0,0,0,9,0,0,8,0,0,0,0,0,0,1,0,2,1,0,0,0,1
΄£s’†΄Λ‚P’–Ϊ,7,0,0,0,1,0,0,1,0,0,0,0,0,0,0,0,0,0,0,6,0,0,6,0,0,0,0,0,0,0,0,0,0,0,0,0,0
΄£s’†΄Λ‚Q’–Ϊ,6,0,0,0,0,0,0,0,0,0,0,0,0,0,0,0,0,0,0,6,0,0,4,0,0,0,0,0,0,0,2,0,0,0,0,0,0
΄£s’†΄Λ‚R’–Ϊ,6,0,0,0,3,0,2,0,1,0,0,0,0,0,0,0,0,0,0,2,0,0,2,0,0,0,0,0,0,0,0,1,0,0,0,0,1
΄£s’†΄Λ‚S’–Ϊ,17,1,1,0,0,0,0,0,0,0,1,0,0,1,0,0,0,0,0,13,0,1,10,0,0,0,0,0,0,0,2,2,1,0,0,0,1
΄£s’†΄Λ‚T’–Ϊ,7,0,0,0,0,0,0,0,0,0,0,0,0,0,0,0,0,0,0,6,0,0,2,0,0,0,0,0,0,2,2,1,0,0,0,0,1
΄£s‰Ί΄Λ‚P’–Ϊ,6,0,0,0,1,0,0,1,0,0,0,0,0,0,0,0,0,0,0,1,0,0,0,0,0,0,0,0,0,0,1,4,2,0,0,0,2
΄£s‰Ί΄Λ‚Q’–Ϊ,1,0,0,0,0,0,0,0,0,0,0,0,0,0,0,0,0,0,0,0,0,0,0,0,0,0,0,0,0,0,0,1,0,0,0,0,1
΄£s‰Ί΄Λ‚R’–Ϊ,2,0,0,0,1,0,1,0,0,0,0,0,0,0,0,0,0,0,0,1,0,0,1,0,0,0,0,0,0,0,0,0,0,0,0,0,0
΄£s‰Ί΄Λ‚S’–Ϊ,2,0,0,0,0,0,0,0,0,0,0,0,0,0,0,0,0,0,0,2,0,0,0,1,0,1,0,0,0,0,0,0,0,0,0,0,0
΄£s‰Ί΄Λ‚T’–Ϊ,3,0,0,0,0,0,0,0,0,0,0,0,0,0,0,0,0,0,0,2,0,0,1,0,0,0,0,0,0,0,1,1,1,0,0,0,0
΄£s‰Ίh‚P’–Ϊ,16,0,0,0,0,0,0,0,0,0,0,0,0,0,0,0,0,0,0,14,0,4,5,0,0,0,0,0,0,1,4,2,1,0,0,0,1
΄£s‰Ίh‚Q’–Ϊ,7,0,0,0,0,0,0,0,0,0,0,0,0,0,0,0,0,0,0,5,0,0,4,1,0,0,0,0,0,0,0,2,0,1,0,0,1
΄£s‰Ίh‚R’–Ϊ,4,0,0,0,1,0,0,0,1,0,1,0,0,1,0,0,0,0,0,0,0,0,0,0,0,0,0,0,0,0,0,2,0,1,0,0,1
΄£s®‚ª‹u‚P’–Ϊ,6,0,0,0,1,0,0,1,0,0,0,0,0,0,0,0,0,0,0,1,0,0,1,0,0,0,0,0,0,0,0,4,2,0,0,0,2
΄£s®‚ª‹u‚Q’–Ϊ,20,0,0,0,0,0,0,0,0,0,0,0,0,0,0,0,0,0,0,17,0,2,9,0,0,0,0,0,0,0,6,3,3,0,0,0,0
΄£s®‚ª‹u‚R’–Ϊ,2,0,0,0,0,0,0,0,0,0,0,0,0,0,0,0,0,0,0,2,0,0,1,0,0,0,0,0,0,0,1,0,0,0,0,0,0
΄£s®‚ª‹u‚T’–Ϊ,8,0,0,0,1,0,0,1,0,0,0,0,0,0,0,0,0,0,0,5,0,1,2,0,0,0,0,0,0,0,2,2,1,0,0,0,1
΄£s®‚ª‹u‚U’–Ϊ,1,0,0,0,0,0,0,0,0,0,0,0,0,0,0,0,0,0,0,1,0,0,0,0,0,0,0,0,0,0,1,0,0,0,0,0,0
΄£s’†—Ά‚P’–Ϊ,1,0,0,0,0,0,0,0,0,0,0,0,0,0,0,0,0,0,0,1,0,0,1,0,0,0,0,0,0,0,0,0,0,0,0,0,0
΄£s’†—Ά‚Q’–Ϊ,3,0,0,0,0,0,0,0,0,0,0,0,0,0,0,0,0,0,0,3,0,0,3,0,0,0,0,0,0,0,0,0,0,0,0,0,0
΄£s’†—Ά‚R’–Ϊ,15,0,0,0,0,0,0,0,0,0,0,0,0,0,0,0,0,0,0,11,0,1,5,2,0,0,0,0,0,3,0,4,1,1,0,0,2
΄£s’†—Ά‚S’–Ϊ,7,0,0,0,4,0,1,2,1,0,0,0,0,0,0,0,0,0,0,3,0,0,3,0,0,0,0,0,0,0,0,0,0,0,0,0,0
΄£s’†—Ά‚T’–Ϊ,19,0,0,0,2,0,1,0,1,0,0,0,0,0,0,0,0,0,0,11,0,2,4,1,0,0,0,0,0,1,3,6,0,0,0,0,6
΄£s’†—Ά‚U’–Ϊ,5,0,0,0,1,0,0,1,0,0,0,0,0,0,0,0,0,0,0,2,0,0,1,0,0,0,0,0,0,0,1,2,0,0,0,0,2
΄£s–μ‰–‚P’–Ϊ,9,0,0,0,1,0,1,0,0,0,0,0,0,0,0,0,0,0,0,6,0,0,4,0,0,0,0,0,0,0,2,2,1,0,0,0,1
΄£s–μ‰–‚Q’–Ϊ,10,0,0,0,1,0,1,0,0,0,0,0,0,0,0,0,0,0,0,6,0,0,2,1,0,0,0,0,0,0,3,3,1,0,0,0,2
΄£s–μ‰–‚R’–Ϊ,3,0,0,0,0,0,0,0,0,0,0,0,0,0,0,0,0,0,0,1,0,0,1,0,0,0,0,0,0,0,0,2,0,0,0,0,2
΄£s–μ‰–‚S’–Ϊ,5,0,0,0,0,0,0,0,0,0,0,0,0,0,0,0,0,0,0,2,0,0,2,0,0,0,0,0,0,0,0,3,1,0,0,0,2
΄£s–μ‰–‚T’–Ϊ,26,0,0,0,2,0,2,0,0,0,1,0,0,0,0,0,0,1,0,21,0,0,16,1,0,0,0,0,0,1,3,2,2,0,0,0,0
΄£sΌR‚P’–Ϊ,60,0,0,0,3,0,2,1,0,0,0,0,0,0,0,0,0,0,0,51,0,0,20,2,0,2,0,0,1,3,23,6,2,0,1,0,3
΄£sΌR‚Q’–Ϊ,8,0,0,0,2,0,1,0,1,0,0,0,0,0,0,0,0,0,0,5,0,0,5,0,0,0,0,0,0,0,0,1,0,0,0,0,1
΄£sΌR‚R’–Ϊ,14,0,0,0,4,0,2,2,0,0,1,0,0,0,1,0,0,0,0,5,1,0,2,0,0,0,0,0,0,0,2,4,0,1,0,0,3
΄£s’|‹u‚P’–Ϊ,15,0,0,0,1,0,0,1,0,0,0,0,0,0,0,0,0,0,0,12,0,0,9,0,0,0,0,0,0,0,3,2,0,0,0,0,2
΄£s’|‹u‚Q’–Ϊ,22,0,0,0,5,0,3,2,0,0,0,0,0,0,0,0,0,0,0,15,0,2,8,0,0,0,0,0,0,3,2,2,0,0,0,0,2
΄£s’|‹u‚R’–Ϊ,14,1,1,0,0,0,0,0,0,0,1,0,0,0,0,0,0,0,1,12,0,0,7,0,0,0,0,0,0,0,5,0,0,0,0,0,0
΄£s”~‰€‚P’–Ϊ,3,0,0,0,0,0,0,0,0,0,0,0,0,0,0,0,0,0,0,3,0,0,3,0,0,0,0,0,0,0,0,0,0,0,0,0,0
΄£s”~‰€‚Q’–Ϊ,4,0,0,0,0,0,0,0,0,0,0,0,0,0,0,0,0,0,0,4,0,0,0,0,0,0,0,0,0,4,0,0,0,0,0,0,0
΄£s”~‰€‚R’–Ϊ,4,0,0,0,0,0,0,0,0,0,0,0,0,0,0,0,0,0,0,1,0,0,1,0,0,0,0,0,0,0,0,3,1,0,0,0,2
΄£sv,465,4,3,1,38,0,19,13,6,0,5,0,0,2,1,0,0,1,1,334,1,13,188,9,0,3,0,0,1,44,75,84,30,4,1,0,49
“‹v—―•Δsγ‚Μ΄‚P’–Ϊ,8,0,0,0,1,0,0,1,0,0,0,0,0,0,0,0,0,0,0,5,0,0,3,0,0,0,0,0,0,1,1,2,1,0,0,0,1
“‹v—―•Δsγ‚Μ΄‚Q’–Ϊ,25,0,0,0,1,0,0,1,0,0,0,0,0,0,0,0,0,0,0,17,0,0,9,1,0,0,0,0,0,2,5,7,0,1,0,0,6
“‹v—―•Δs_•σ’¬‚P’–Ϊ,3,0,0,0,0,0,0,0,0,0,0,0,0,0,0,0,0,0,0,2,0,0,1,1,0,0,0,0,0,0,0,1,0,0,0,0,1
“‹v—―•Δs_•σ’¬‚Q’–Ϊ,4,0,0,0,0,0,0,0,0,0,0,0,0,0,0,0,0,0,0,1,0,0,0,0,0,0,0,0,0,0,1,3,0,0,0,0,3
“‹v—―•Δs‹ΰR’¬‚P’–Ϊ,4,0,0,0,0,0,0,0,0,0,0,0,0,0,0,0,0,0,0,1,0,0,0,0,0,0,0,0,0,0,1,3,0,0,1,0,2
“‹v—―•Δs‹ΰR’¬‚Q’–Ϊ,8,1,1,0,0,0,0,0,0,0,2,0,0,0,0,1,0,0,1,2,0,0,2,0,0,0,0,0,0,0,0,3,2,0,0,0,1
“‹v—―•Δs‘ε–ε’¬‚P’–Ϊ,2,0,0,0,0,0,0,0,0,0,0,0,0,0,0,0,0,0,0,2,0,0,1,0,0,0,0,0,0,0,1,0,0,0,0,0,0
“‹v—―•Δs‘ε–ε’¬‚Q’–Ϊ,27,0,0,0,1,0,1,0,0,0,0,0,0,0,0,0,0,0,0,23,0,1,18,0,0,0,0,0,0,1,3,3,2,0,0,0,1
“‹v—―•ΔsσΤ’¬‚P’–Ϊ,4,1,0,1,0,0,0,0,0,0,1,0,0,0,0,0,0,0,1,2,0,0,1,0,0,0,0,0,0,0,1,0,0,0,0,0,0
“‹v—―•ΔsσΤ’¬‚Q’–Ϊ,3,0,0,0,0,0,0,0,0,0,1,0,0,0,0,0,0,0,1,2,0,0,2,0,0,0,0,0,0,0,0,0,0,0,0,0,0
“‹v—―•ΔsσΤ’¬‚R’–Ϊ,6,0,0,0,0,0,0,0,0,0,1,0,0,0,0,1,0,0,0,3,0,0,3,0,0,0,0,0,0,0,0,2,2,0,0,0,0
“‹v—―•Δsw‰€’¬‚P’–Ϊ,5,0,0,0,0,0,0,0,0,0,0,0,0,0,0,0,0,0,0,5,0,0,5,0,0,0,0,0,0,0,0,0,0,0,0,0,0
“‹v—―•Δsw‰€’¬‚Q’–Ϊ,5,0,0,0,0,0,0,0,0,0,1,0,0,0,0,0,1,0,0,1,0,0,1,0,0,0,0,0,0,0,0,3,1,0,0,0,2
“‹v—―•Δs‚Π‚Ξ‚θ‚ª‹u’c’n,8,0,0,0,0,0,0,0,0,0,0,0,0,0,0,0,0,0,0,5,0,1,4,0,0,0,0,0,0,0,0,3,3,0,0,0,0
“‹v—―•ΔsVμ’¬‚P’–Ϊ,36,0,0,0,1,0,0,1,0,0,1,0,0,0,0,1,0,0,0,25,0,0,16,3,0,0,0,0,0,1,5,9,0,0,0,0,9
“‹v—―•ΔsVμ’¬‚Q’–Ϊ,4,0,0,0,0,0,0,0,0,0,1,0,0,1,0,0,0,0,0,3,0,0,2,0,0,0,0,0,0,0,1,0,0,0,0,0,0
“‹v—―•Δs“–{’¬,45,0,0,0,0,0,0,0,0,0,0,0,0,0,0,0,0,0,0,34,0,0,23,1,0,0,0,0,0,4,6,11,1,0,0,0,10
“‹v—―•Δs•Xμ‘δ‚P’–Ϊ,7,0,0,0,0,0,0,0,0,0,3,0,0,0,0,2,0,0,1,3,0,0,1,0,0,0,0,0,0,0,2,1,1,0,0,0,0
“‹v—―•Δs•Xμ‘δ‚Q’–Ϊ,10,0,0,0,0,0,0,0,0,0,2,0,0,0,0,0,0,0,2,4,0,0,0,1,0,0,0,0,0,0,3,4,1,0,0,0,3
“‹v—―•Δs¬R‚P’–Ϊ,2,0,0,0,2,0,1,1,0,0,0,0,0,0,0,0,0,0,0,0,0,0,0,0,0,0,0,0,0,0,0,0,0,0,0,0,0
“‹v—―•Δs¬R‚R’–Ϊ,3,0,0,0,0,0,0,0,0,0,0,0,0,0,0,0,0,0,0,2,0,0,2,0,0,0,0,0,0,0,0,1,1,0,0,0,0
“‹v—―•Δs¬R‚S’–Ϊ,1,0,0,0,1,0,1,0,0,0,0,0,0,0,0,0,0,0,0,0,0,0,0,0,0,0,0,0,0,0,0,0,0,0,0,0,0
“‹v—―•Δs¬R‚T’–Ϊ,6,0,0,0,0,0,0,0,0,0,0,0,0,0,0,0,0,0,0,5,0,0,5,0,0,0,0,0,0,0,0,1,1,0,0,0,0
“‹v—―•ΔsK’¬‚P’–Ϊ,9,0,0,0,1,0,1,0,0,0,0,0,0,0,0,0,0,0,0,7,0,2,2,1,0,0,0,0,0,0,2,1,1,0,0,0,0
“‹v—―•ΔsK’¬‚Q’–Ϊ,1,0,0,0,0,0,0,0,0,0,0,0,0,0,0,0,0,0,0,1,0,0,1,0,0,0,0,0,0,0,0,0,0,0,0,0,0
“‹v—―•ΔsK’¬‚R’–Ϊ,6,0,0,0,0,0,0,0,0,0,1,0,0,0,1,0,0,0,0,3,0,0,1,0,0,0,0,0,0,2,0,2,1,0,0,0,1
“‹v—―•ΔsK’¬‚S’–Ϊ,2,0,0,0,0,0,0,0,0,0,0,0,0,0,0,0,0,0,0,2,0,2,0,0,0,0,0,0,0,0,0,0,0,0,0,0,0
“‹v—―•ΔsK’¬‚T’–Ϊ,9,0,0,0,2,0,1,1,0,0,1,0,0,0,0,0,0,0,1,6,0,0,3,0,0,0,0,0,0,0,3,0,0,0,0,0,0
“‹v—―•Δs–{’¬‚P’–Ϊ,38,0,0,0,2,0,1,1,0,0,0,0,0,0,0,0,0,0,0,32,0,0,24,2,0,0,0,0,0,0,6,4,0,1,0,0,3
“‹v—―•Δs–{’¬‚Q’–Ϊ,4,0,0,0,0,0,0,0,0,0,0,0,0,0,0,0,0,0,0,3,0,0,1,1,0,0,0,0,0,0,1,1,0,0,0,0,1
“‹v—―•Δs–{’¬‚R’–Ϊ,38,0,0,0,0,0,0,0,0,0,0,0,0,0,0,0,0,0,0,36,0,2,16,3,0,0,0,0,0,12,3,2,2,0,0,0,0
“‹v—―•Δs–{’¬‚S’–Ϊ,4,0,0,0,0,0,0,0,0,0,1,0,0,0,0,1,0,0,0,0,0,0,0,0,0,0,0,0,0,0,0,3,0,0,0,0,3
“‹v—―•Δs’†‰›’¬‚P’–Ϊ,8,0,0,0,0,0,0,0,0,0,0,0,0,0,0,0,0,0,0,5,0,1,4,0,0,0,0,0,0,0,0,3,2,0,0,0,1
“‹v—―•Δs’†‰›’¬‚Q’–Ϊ,8,0,0,0,0,0,0,0,0,0,0,0,0,0,0,0,0,0,0,8,0,4,4,0,0,0,0,0,0,0,0,0,0,0,0,0,0
“‹v—―•Δs’†‰›’¬‚R’–Ϊ,3,0,0,0,1,0,1,0,0,0,0,0,0,0,0,0,0,0,0,1,0,1,0,0,0,0,0,0,0,0,0,1,1,0,0,0,0
“‹v—―•Δs’†‰›’¬‚S’–Ϊ,2,0,0,0,0,0,0,0,0,0,0,0,0,0,0,0,0,0,0,2,0,0,1,0,0,0,0,0,0,0,1,0,0,0,0,0,0
“‹v—―•Δs’†‰›’¬‚T’–Ϊ,5,0,0,0,0,0,0,0,0,0,0,0,0,0,0,0,0,0,0,4,0,0,2,0,0,0,0,1,0,0,1,1,1,0,0,0,0
“‹v—―•Δs’†‰›’¬‚U’–Ϊ,3,0,0,0,0,0,0,0,0,0,0,0,0,0,0,0,0,0,0,3,0,0,1,0,0,0,0,0,0,0,2,0,0,0,0,0,0
“‹v—―•Δs“μ‘ς‚P’–Ϊ,5,0,0,0,0,0,0,0,0,0,0,0,0,0,0,0,0,0,0,4,0,1,0,2,0,0,0,0,0,0,1,1,0,0,0,0,1
“‹v—―•Δs“μ‘ς‚Q’–Ϊ,2,0,0,0,0,0,0,0,0,0,0,0,0,0,0,0,0,0,0,2,0,0,2,0,0,0,0,0,0,0,0,0,0,0,0,0,0
“‹v—―•Δs“μ‘ς‚R’–Ϊ,3,0,0,0,0,0,0,0,0,0,1,0,0,0,0,0,1,0,0,1,0,0,0,0,0,0,0,0,0,0,1,1,1,0,0,0,0
“‹v—―•Δs“μ‘ς‚S’–Ϊ,4,0,0,0,0,0,0,0,0,0,0,0,0,0,0,0,0,0,0,3,0,0,1,1,0,0,0,0,0,0,1,1,0,0,0,0,1
“‹v—―•Δs“μ‘ς‚T’–Ϊ,64,0,0,0,1,0,0,1,0,0,0,0,0,0,0,0,0,0,0,58,0,1,25,2,0,0,0,0,1,24,5,5,1,1,0,0,3
“‹v—―•Δs“μ’¬‚P’–Ϊ,3,0,0,0,0,0,0,0,0,0,0,0,0,0,0,0,0,0,0,3,0,0,1,1,0,0,0,0,0,1,0,0,0,0,0,0,0
“‹v—―•Δs“μ’¬‚Q’–Ϊ,4,0,0,0,0,0,0,0,0,0,0,0,0,0,0,0,0,0,0,4,0,0,0,0,0,0,0,0,0,4,0,0,0,0,0,0,0
“‹v—―•Δs“μ’¬‚R’–Ϊ,5,0,0,0,1,0,0,1,0,0,1,0,0,0,0,0,0,0,1,3,0,1,1,0,0,0,0,0,0,0,1,0,0,0,0,0,0
“‹v—―•Δs“μ’¬‚S’–Ϊ,3,0,0,0,0,0,0,0,0,0,0,0,0,0,0,0,0,0,0,0,0,0,0,0,0,0,0,0,0,0,0,3,1,0,1,0,1
“‹v—―•Δs”ª”¦’¬‚P’–Ϊ,3,0,0,0,0,0,0,0,0,0,0,0,0,0,0,0,0,0,0,3,0,0,2,0,0,0,0,0,0,0,1,0,0,0,0,0,0
“‹v—―•Δs”ª”¦’¬‚Q’–Ϊ,6,0,0,0,0,0,0,0,0,0,0,0,0,0,0,0,0,0,0,5,0,0,4,0,0,0,0,0,0,0,1,1,0,0,0,0,1
“‹v—―•Δs”ª”¦’¬‚R’–Ϊ,3,0,0,0,0,0,0,0,0,0,0,0,0,0,0,0,0,0,0,2,0,2,0,0,0,0,0,0,0,0,0,1,0,0,0,0,1
“‹v—―•Δs‘O‘ς‚P’–Ϊ,11,0,0,0,0,0,0,0,0,0,1,0,0,0,0,1,0,0,0,10,0,0,8,0,0,0,0,0,0,0,2,0,0,0,0,0,0
“‹v—―•Δs‘O‘ς‚Q’–Ϊ,4,0,0,0,0,0,0,0,0,0,0,0,0,0,0,0,0,0,0,3,0,3,0,0,0,0,0,0,0,0,0,1,1,0,0,0,0
“‹v—―•Δs‘O‘ς‚R’–Ϊ,4,0,0,0,0,0,0,0,0,0,0,0,0,0,0,0,0,0,0,3,0,0,1,0,0,0,0,0,0,1,1,1,0,0,0,0,1
“‹v—―•Δs‘O‘ς‚S’–Ϊ,4,0,0,0,2,0,1,1,0,0,0,0,0,0,0,0,0,0,0,2,0,0,1,0,0,0,0,0,0,0,1,0,0,0,0,0,0
“‹v—―•Δs‘O‘ς‚T’–Ϊ,17,0,0,0,0,0,0,0,0,0,2,0,0,1,1,0,0,0,0,12,0,0,6,0,0,0,0,0,0,6,0,3,0,0,0,0,3
“‹v—―•Δs–μ‰Ξ~‚P’–Ϊ,14,0,0,0,0,0,0,0,0,0,0,0,0,0,0,0,0,0,0,14,0,0,4,0,0,0,0,0,0,8,2,0,0,0,0,0,0
“‹v—―•Δs–μ‰Ξ~‚Q’–Ϊ,4,1,0,1,0,0,0,0,0,0,0,0,0,0,0,0,0,0,0,2,0,0,1,0,0,0,0,0,0,0,1,1,0,0,0,0,1
“‹v—―•Δs–μ‰Ξ~‚R’–Ϊ,6,0,0,0,1,0,1,0,0,0,0,0,0,0,0,0,0,0,0,5,0,0,3,0,0,0,0,0,0,0,2,0,0,0,0,0,0
“‹v—―•Δs–ν¶‚P’–Ϊ,1,0,0,0,0,0,0,0,0,0,0,0,0,0,0,0,0,0,0,1,0,0,0,0,0,0,0,0,0,1,0,0,0,0,0,0,0
“‹v—―•Δs–ν¶‚Q’–Ϊ,4,0,0,0,0,0,0,0,0,0,0,0,0,0,0,0,0,0,0,4,0,0,4,0,0,0,0,0,0,0,0,0,0,0,0,0,0
“‹v—―•Δs‘κR‚P’–Ϊ,2,1,1,0,1,0,0,1,0,0,0,0,0,0,0,0,0,0,0,0,0,0,0,0,0,0,0,0,0,0,0,0,0,0,0,0,0
“‹v—―•Δs‘κR‚Q’–Ϊ,3,0,0,0,0,0,0,0,0,0,0,0,0,0,0,0,0,0,0,3,0,1,2,0,0,0,0,0,0,0,0,0,0,0,0,0,0
“‹v—―•Δs‘κR‚R’–Ϊ,1,0,0,0,0,0,0,0,0,0,0,0,0,0,0,0,0,0,0,1,0,0,1,0,0,0,0,0,0,0,0,0,0,0,0,0,0
“‹v—―•Δs‘κR‚S’–Ϊ,19,0,0,0,0,0,0,0,0,0,0,0,0,0,0,0,0,0,0,10,0,0,6,0,0,0,0,0,0,3,1,9,1,0,0,0,8
“‹v—―•Δs‘κR‚T’–Ϊ,4,0,0,0,0,0,0,0,0,0,0,0,0,0,0,0,0,0,0,4,0,0,2,0,0,0,0,0,0,2,0,0,0,0,0,0,0
“‹v—―•Δs‘κR‚U’–Ϊ,10,0,0,0,0,0,0,0,0,0,0,0,0,0,0,0,0,0,0,8,0,0,7,0,0,0,0,0,0,0,1,2,1,0,0,0,1
“‹v—―•Δs‘κR‚V’–Ϊ,13,0,0,0,0,0,0,0,0,0,0,0,0,0,0,0,0,0,0,11,1,2,2,0,0,0,0,0,0,2,4,2,1,1,0,0,0
“‹v—―•Δs‰Ί—Ά‚P’–Ϊ,8,0,0,0,0,0,0,0,0,0,0,0,0,0,0,0,0,0,0,8,0,0,8,0,0,0,0,0,0,0,0,0,0,0,0,0,0
“‹v—―•Δs‰Ί—Ά‚Q’–Ϊ,6,0,0,0,1,0,1,0,0,0,0,0,0,0,0,0,0,0,0,4,0,0,1,1,0,0,0,0,0,1,1,1,0,0,0,0,1
“‹v—―•Δs‰Ί—Ά‚R’–Ϊ,4,0,0,0,0,0,0,0,0,0,0,0,0,0,0,0,0,0,0,3,0,0,2,0,0,0,0,0,0,0,1,1,0,0,0,0,1
“‹v—―•Δs‰Ί—Ά‚S’–Ϊ,21,0,0,0,0,0,0,0,0,0,0,0,0,0,0,0,0,0,0,20,0,2,7,1,0,0,0,0,0,2,8,1,0,1,0,0,0
“‹v—―•Δs‰Ί—Ά‚T’–Ϊ,25,0,0,0,0,0,0,0,0,0,0,0,0,0,0,0,0,0,0,23,0,0,4,0,0,0,0,0,0,18,1,2,0,0,0,0,2
“‹v—―•Δs‰Ί—Ά‚U’–Ϊ,3,0,0,0,0,0,0,0,0,0,0,0,0,0,0,0,0,0,0,2,0,0,1,0,0,0,0,0,0,1,0,1,0,0,0,0,1
“‹v—―•Δs‰Ί—Ά‚V’–Ϊ,4,0,0,0,0,0,0,0,0,0,0,0,0,0,0,0,0,0,0,3,0,1,0,0,0,0,0,0,0,1,1,1,0,0,1,0,0
“‹v—―•Δs–φE‚P’–Ϊ,3,0,0,0,0,0,0,0,0,0,0,0,0,0,0,0,0,0,0,3,0,0,0,0,0,0,0,0,0,2,1,0,0,0,0,0,0
“‹v—―•Δs–φE‚Q’–Ϊ,9,0,0,0,0,0,0,0,0,0,0,0,0,0,0,0,0,0,0,6,0,0,6,0,0,0,0,0,0,0,0,3,1,1,0,0,1
“‹v—―•Δs–φE‚R’–Ϊ,1,0,0,0,0,0,0,0,0,0,0,0,0,0,0,0,0,0,0,1,0,0,1,0,0,0,0,0,0,0,0,0,0,0,0,0,0
“‹v—―•Δs–φE‚S’–Ϊ,2,0,0,0,0,0,0,0,0,0,0,0,0,0,0,0,0,0,0,1,0,1,0,0,0,0,0,0,0,0,0,1,0,0,0,0,1
“‹v—―•Δs–φE‚T’–Ϊ,2,0,0,0,0,0,0,0,0,0,1,0,0,0,0,1,0,0,0,0,0,0,0,0,0,0,0,0,0,0,0,1,0,0,0,0,1
“‹v—―•ΔsΘ‰Ί•sΪ,1,0,0,0,0,0,0,0,0,0,0,0,0,0,0,0,0,0,0,0,0,0,0,0,0,0,0,0,0,0,0,1,0,0,0,0,1
“‹v—―•Δsv,681,4,2,2,20,0,10,10,0,0,22,0,0,2,2,8,2,0,8,515,1,29,273,22,0,0,0,1,1,100,88,120,32,6,3,0,79
•‘ ‘ΊRs’†“΅‚S’–Ϊ,2,1,0,1,1,0,0,1,0,0,0,0,0,0,0,0,0,0,0,0,0,0,0,0,0,0,0,0,0,0,0,0,0,0,0,0,0
•‘ ‘ΊRs’†“΅‚T’–Ϊ,3,0,0,0,0,0,0,0,0,0,0,0,0,0,0,0,0,0,0,2,0,0,1,0,0,0,0,0,0,0,1,1,0,0,0,0,1
•‘ ‘ΊRsOƒc–Ψ‚P’–Ϊ,6,0,0,0,0,0,0,0,0,0,2,0,0,0,0,2,0,0,0,4,0,0,3,1,0,0,0,0,0,0,0,0,0,0,0,0,0
•‘ ‘ΊRsOƒc–Ψ‚Q’–Ϊ,6,0,0,0,0,0,0,0,0,0,0,0,0,0,0,0,0,0,0,4,0,2,1,1,0,0,0,0,0,0,0,2,1,0,0,0,1
•‘ ‘ΊRsOƒc–Ψ‚R’–Ϊ,2,0,0,0,0,0,0,0,0,0,0,0,0,0,0,0,0,0,0,2,0,0,1,0,0,0,0,0,0,0,1,0,0,0,0,0,0
•‘ ‘ΊRsOƒc–Ψ‚T’–Ϊ,2,0,0,0,0,0,0,0,0,0,0,0,0,0,0,0,0,0,0,2,0,0,2,0,0,0,0,0,0,0,0,0,0,0,0,0,0
•‘ ‘ΊRsέ‚P’–Ϊ,9,0,0,0,0,0,0,0,0,0,1,0,0,0,0,0,0,0,1,6,0,2,2,1,0,0,0,0,0,0,1,2,0,0,0,0,2
•‘ ‘ΊRsέ‚Q’–Ϊ,6,0,0,0,0,0,0,0,0,0,0,0,0,0,0,0,0,0,0,6,0,0,4,2,0,0,0,0,0,0,0,0,0,0,0,0,0
•‘ ‘ΊRsέ‚R’–Ϊ,1,0,0,0,0,0,0,0,0,0,0,0,0,0,0,0,0,0,0,1,0,0,1,0,0,0,0,0,0,0,0,0,0,0,0,0,0
•‘ ‘ΊRs‘ε“μ‚P’–Ϊ,9,0,0,0,0,0,0,0,0,0,0,0,0,0,0,0,0,0,0,8,0,0,4,0,0,0,0,0,0,1,3,1,0,0,0,0,1
•‘ ‘ΊRs‘ε“μ‚Q’–Ϊ,15,0,0,0,0,0,0,0,0,0,0,0,0,0,0,0,0,0,0,13,0,1,9,0,0,0,0,0,0,0,3,2,1,1,0,0,0
•‘ ‘ΊRs‘ε“μ‚R’–Ϊ,15,0,0,0,0,0,0,0,0,0,0,0,0,0,0,0,0,0,0,12,0,0,7,2,0,0,0,0,0,0,3,3,2,0,0,0,1
•‘ ‘ΊRs‘ε“μ‚S’–Ϊ,6,0,0,0,0,0,0,0,0,0,0,0,0,0,0,0,0,0,0,5,0,1,4,0,0,0,0,0,0,0,0,1,0,0,0,0,1
•‘ ‘ΊRs‘ε“μ‚T’–Ϊ,2,0,0,0,0,0,0,0,0,0,0,0,0,0,0,0,0,0,0,2,0,0,2,0,0,0,0,0,0,0,0,0,0,0,0,0,0
•‘ ‘ΊRsw‰€‚P’–Ϊ,7,0,0,0,1,0,1,0,0,0,0,0,0,0,0,0,0,0,0,2,0,0,1,0,0,0,0,0,0,0,1,4,2,0,0,0,2
•‘ ‘ΊRsw‰€‚Q’–Ϊ,5,0,0,0,0,0,0,0,0,0,0,0,0,0,0,0,0,0,0,3,0,0,1,0,0,1,0,0,0,0,1,2,1,0,0,0,1
•‘ ‘ΊRsw‰€‚R’–Ϊ,9,1,0,1,1,0,0,1,0,0,2,0,0,0,2,0,0,0,0,3,0,0,0,0,0,0,0,0,0,0,3,2,1,0,0,0,1
•‘ ‘ΊRsw‰€‚S’–Ϊ,7,0,0,0,1,0,1,0,0,0,0,0,0,0,0,0,0,0,0,3,0,0,1,0,0,0,0,0,0,0,2,3,2,1,0,0,0
•‘ ‘ΊRsw‰€‚T’–Ϊ,4,0,0,0,0,0,0,0,0,0,0,0,0,0,0,0,0,0,0,4,0,0,0,0,0,0,0,0,0,2,2,0,0,0,0,0,0
•‘ ‘ΊRs‰|‚P’–Ϊ,89,0,0,0,4,0,4,0,0,0,0,0,0,0,0,0,0,0,0,80,0,2,33,0,0,5,0,0,1,33,6,5,0,2,0,0,3
•‘ ‘ΊRs‰|‚Q’–Ϊ,10,0,0,0,1,0,0,1,0,0,0,0,0,0,0,0,0,0,0,4,0,0,2,0,0,1,0,0,0,0,1,5,1,0,0,0,4
•‘ ‘ΊRs‰|‚R’–Ϊ,7,0,0,0,0,0,0,0,0,0,0,0,0,0,0,0,0,0,0,7,0,0,2,0,0,1,0,0,0,3,1,0,0,0,0,0,0
•‘ ‘ΊRsΙ“ή•½‚Q’–Ϊ,23,0,0,0,0,0,0,0,0,0,0,0,0,0,0,0,0,0,0,22,0,0,2,0,0,0,0,0,0,19,1,1,1,0,0,0,0
•‘ ‘ΊRsΙ“ή•½‚R’–Ϊ,29,0,0,0,0,0,0,0,0,0,0,0,0,0,0,0,0,0,0,27,0,0,6,0,0,0,0,0,0,21,0,2,0,1,0,0,1
•‘ ‘ΊRsΙ“ή•½‚S’–Ϊ,1,0,0,0,0,0,0,0,0,0,0,0,0,0,0,0,0,0,0,0,0,0,0,0,0,0,0,0,0,0,0,1,0,0,0,0,1
•‘ ‘ΊRsΙ“ή•½‚T’–Ϊ,6,0,0,0,0,0,0,0,0,0,0,0,0,0,0,0,0,0,0,6,0,0,1,0,0,0,0,0,0,2,3,0,0,0,0,0,0
•‘ ‘ΊRsΙ“ή•½‚U’–Ϊ,2,0,0,0,0,0,0,0,0,0,0,0,0,0,0,0,0,0,0,2,0,0,0,0,0,0,0,0,0,1,1,0,0,0,0,0,0
•‘ ‘ΊRsc–x‚P’–Ϊ,4,0,0,0,0,0,0,0,0,0,0,0,0,0,0,0,0,0,0,2,0,0,2,0,0,0,0,0,0,0,0,2,0,0,0,0,2
•‘ ‘ΊRsc–x‚Q’–Ϊ,3,0,0,0,0,0,0,0,0,0,0,0,0,0,0,0,0,0,0,1,0,0,0,0,0,0,0,0,0,0,1,2,1,0,0,0,1
•‘ ‘ΊRsc–x‚S’–Ϊ,5,0,0,0,0,0,0,0,0,0,0,0,0,0,0,0,0,0,0,3,0,1,2,0,0,0,0,0,0,0,0,2,0,0,0,0,2
•‘ ‘ΊRsc–x‚T’–Ϊ,7,0,0,0,1,0,0,1,0,0,0,0,0,0,0,0,0,0,0,4,0,1,2,0,0,0,0,0,0,0,1,2,1,0,0,0,1
•‘ ‘ΊRsOƒc“΅‚P’–Ϊ,11,0,0,0,0,0,0,0,0,0,1,0,0,0,0,0,0,0,1,8,0,0,3,1,0,0,0,0,0,0,4,2,1,0,0,0,1
•‘ ‘ΊRsOƒc“΅‚Q’–Ϊ,3,0,0,0,1,0,1,0,0,0,1,0,0,0,0,0,0,0,1,1,0,0,1,0,0,0,0,0,0,0,0,0,0,0,0,0,0
•‘ ‘ΊRsOƒc“΅‚R’–Ϊ,7,0,0,0,0,0,0,0,0,0,0,0,0,0,0,0,0,0,0,4,0,0,3,1,0,0,0,0,0,0,0,3,1,0,0,0,2
•‘ ‘ΊRs_–Ύ‚P’–Ϊ,10,0,0,0,0,0,0,0,0,0,0,0,0,0,0,0,0,0,0,8,0,0,5,0,0,0,0,0,0,2,1,2,2,0,0,0,0
•‘ ‘ΊRs_–Ύ‚Q’–Ϊ,2,0,0,0,0,0,0,0,0,0,0,0,0,0,0,0,0,0,0,1,0,0,1,0,0,0,0,0,0,0,0,1,1,0,0,0,0
•‘ ‘ΊRs_–Ύ‚R’–Ϊ,3,0,0,0,0,0,0,0,0,0,0,0,0,0,0,0,0,0,0,1,0,0,0,0,0,0,0,0,0,0,1,2,1,0,0,0,1
•‘ ‘ΊRs_–Ύ‚S’–Ϊ,3,0,0,0,0,0,0,0,0,0,1,0,0,0,0,0,0,0,1,2,0,0,1,1,0,0,0,0,0,0,0,0,0,0,0,0,0
•‘ ‘ΊRs’†‰›‚P’–Ϊ,4,0,0,0,0,0,0,0,0,0,0,0,0,0,0,0,0,0,0,3,0,0,1,0,0,0,0,0,0,0,2,1,0,0,0,0,1
•‘ ‘ΊRs’†‰›‚Q’–Ϊ,4,0,0,0,0,0,0,0,0,0,0,0,0,0,0,0,0,0,0,4,0,0,1,1,0,0,0,0,0,0,2,0,0,0,0,0,0
•‘ ‘ΊRs’†‰›‚R’–Ϊ,7,0,0,0,1,0,0,1,0,0,1,0,0,0,0,0,0,0,1,3,0,0,0,0,0,1,0,0,0,1,1,2,1,0,0,0,1
•‘ ‘ΊRs–{’¬‚P’–Ϊ,3,0,0,0,0,0,0,0,0,0,0,0,0,0,0,0,0,0,0,0,0,0,0,0,0,0,0,0,0,0,0,3,1,0,0,0,2
•‘ ‘ΊRs–{’¬‚Q’–Ϊ,8,0,0,0,0,0,0,0,0,0,0,0,0,0,0,0,0,0,0,6,0,0,2,1,0,0,0,0,0,1,2,2,1,0,0,0,1
•‘ ‘ΊRs–{’¬‚R’–Ϊ,3,0,0,0,0,0,0,0,0,0,0,0,0,0,0,0,0,0,0,3,0,0,3,0,0,0,0,0,0,0,0,0,0,0,0,0,0
•‘ ‘ΊRs–{’¬‚S’–Ϊ,1,0,0,0,0,0,0,0,0,0,1,0,0,0,0,0,0,0,1,0,0,0,0,0,0,0,0,0,0,0,0,0,0,0,0,0,0
•‘ ‘ΊRs—Ξ‚ª‹u,57,0,0,0,2,0,1,1,0,0,0,0,0,0,0,0,0,0,0,45,0,3,29,1,0,0,0,0,0,0,12,10,2,1,0,0,7
•‘ ‘ΊRs’†΄‚P’–Ϊ,5,0,0,0,1,0,1,0,0,0,0,0,0,0,0,0,0,0,0,3,0,0,1,0,0,0,0,0,0,0,2,1,1,0,0,0,0
•‘ ‘ΊRs’†΄‚Q’–Ϊ,5,0,0,0,1,0,1,0,0,0,0,0,0,0,0,0,0,0,0,4,0,1,2,0,0,0,0,0,0,0,1,0,0,0,0,0,0
•‘ ‘ΊRs’†΄‚R’–Ϊ,4,0,0,0,0,0,0,0,0,0,0,0,0,0,0,0,0,0,0,2,0,0,1,0,0,1,0,0,0,0,0,2,1,0,0,0,1
•‘ ‘ΊRs’†΄‚S’–Ϊ,3,0,0,0,0,0,0,0,0,0,0,0,0,0,0,0,0,0,0,0,0,0,0,0,0,0,0,0,0,0,0,3,3,0,0,0,0
•‘ ‘ΊRsv,445,2,0,2,16,0,10,6,0,0,10,0,0,0,2,2,0,0,6,338,0,14,150,13,0,10,0,0,1,86,64,79,30,6,0,0,43
‘½–€sΦΛ,1,0,0,0,0,0,0,0,0,0,0,0,0,0,0,0,0,0,0,1,0,0,0,0,0,1,0,0,0,0,0,0,0,0,0,0,0
‘½–€sΦΛ‚P’–Ϊ,69,0,0,0,3,0,2,1,0,0,0,0,0,0,0,0,0,0,0,46,0,0,12,0,0,0,0,0,1,22,11,20,5,2,0,0,13
‘½–€sΦΛ‚Q’–Ϊ,20,0,0,0,1,0,0,0,1,0,0,0,0,0,0,0,0,0,0,11,1,0,6,0,0,0,0,0,0,0,4,8,3,0,0,0,5
‘½–€sΦΛ‚R’–Ϊ,3,0,0,0,0,0,0,0,0,0,0,0,0,0,0,0,0,0,0,1,0,0,0,0,0,0,0,0,0,0,1,2,1,0,0,0,1
‘½–€sΦΛ‚S’–Ϊ,26,0,0,0,0,0,0,0,0,0,0,0,0,0,0,0,0,0,0,22,0,1,8,0,0,0,0,0,0,5,8,4,1,0,0,0,3
‘½–€sΦΛ‚T’–Ϊ,14,0,0,0,0,0,0,0,0,0,0,0,0,0,0,0,0,0,0,10,0,0,3,0,0,1,0,0,0,3,3,4,4,0,0,0,0
‘½–€sAυ›‚P’–Ϊ,5,1,0,1,1,0,0,1,0,0,0,0,0,0,0,0,0,0,0,0,0,0,0,0,0,0,0,0,0,0,0,3,0,0,0,0,3
‘½–€sAυ›‚Q’–Ϊ,6,0,0,0,2,0,1,0,1,0,2,0,0,0,0,1,0,0,1,1,0,0,0,0,0,0,0,0,0,0,1,1,1,0,0,0,0
‘½–€sAυ›‚R’–Ϊ,8,0,0,0,0,0,0,0,0,0,6,0,0,0,0,2,1,0,3,0,0,0,0,0,0,0,0,0,0,0,0,2,0,0,0,0,2
‘½–€sAυ›‚S’–Ϊ,2,0,0,0,0,0,0,0,0,0,1,0,0,0,0,0,0,0,1,0,0,0,0,0,0,0,0,0,0,0,0,1,0,0,0,0,1
‘½–€sAυ›‚T’–Ϊ,3,0,0,0,2,0,0,2,0,0,0,0,0,0,0,0,0,0,0,1,0,0,0,1,0,0,0,0,0,0,0,0,0,0,0,0,0
‘½–€sAυ›‚U’–Ϊ,4,0,0,0,0,0,0,0,0,0,0,0,0,0,0,0,0,0,0,1,0,0,0,0,0,0,0,0,0,0,1,3,2,0,0,0,1
‘½–€sLζ,4,0,0,0,1,0,1,0,0,0,0,0,0,0,0,0,0,0,0,1,0,0,1,0,0,0,0,0,0,0,0,2,0,0,0,0,2
‘½–€sξ“c,16,0,0,0,1,0,1,0,0,0,1,0,0,0,0,0,0,0,1,12,0,0,4,1,0,0,0,0,0,5,2,2,1,0,0,0,1
‘½–€s—‡‚P’–Ϊ,180,0,0,0,8,0,5,3,0,0,1,0,0,0,1,0,0,0,0,147,0,1,86,4,0,0,0,0,1,34,21,24,4,5,0,0,15
‘½–€s—‡‚Q’–Ϊ,8,0,0,0,0,0,0,0,0,0,0,0,0,0,0,0,0,0,0,6,0,0,3,0,0,0,0,0,1,0,2,2,1,0,0,0,1
‘½–€s—‡‚R’–Ϊ,7,0,0,0,0,0,0,0,0,0,0,0,0,0,0,0,0,0,0,5,1,0,2,0,0,0,0,0,0,0,2,2,1,0,0,0,1
‘½–€s—‡‚S’–Ϊ,4,0,0,0,1,0,0,1,0,0,0,0,0,0,0,0,0,0,0,2,0,0,1,0,0,0,0,0,0,0,1,1,0,0,0,0,1
‘½–€s—‡‚T’–Ϊ,3,0,0,0,0,0,0,0,0,0,0,0,0,0,0,0,0,0,0,2,0,0,2,0,0,0,0,0,0,0,0,1,0,0,0,0,1
‘½–€s—‡‚U’–Ϊ,10,0,0,0,0,0,0,0,0,0,0,0,0,0,0,0,0,0,0,6,0,0,5,0,0,0,0,0,0,0,1,4,2,0,0,0,2
‘½–€sa“c,65,0,0,0,2,0,0,0,2,0,1,0,0,1,0,0,0,0,0,47,1,8,23,1,4,2,0,0,0,2,6,15,4,1,0,0,10
‘½–€s•S‘,2,0,0,0,0,0,0,0,0,0,0,0,0,0,0,0,0,0,0,2,0,0,1,0,0,0,0,0,0,0,1,0,0,0,0,0,0
‘½–€s—μ,2,0,0,0,0,0,0,0,0,0,1,0,0,0,0,0,0,0,1,0,0,0,0,0,0,0,0,0,0,0,0,1,0,0,0,0,1
‘½–€s“›•ϋ,11,0,0,0,0,0,0,0,0,0,0,0,0,0,0,0,0,0,0,8,0,1,1,1,0,0,0,0,0,2,3,3,1,0,0,0,2
‘½–€sκƒm‹{‚P’–Ϊ,20,0,0,0,2,0,1,1,0,0,2,0,0,0,0,0,0,0,2,9,0,0,5,0,0,0,0,0,0,0,4,7,0,0,0,0,7
‘½–€sκƒm‹{‚Q’–Ϊ,12,0,0,0,2,0,1,0,1,0,1,0,0,0,0,1,0,0,0,9,0,0,7,0,0,0,0,0,0,0,2,0,0,0,0,0,0
‘½–€sκƒm‹{‚R’–Ϊ,10,0,0,0,0,0,0,0,0,0,0,0,0,0,0,0,0,0,0,9,0,0,8,0,0,1,0,0,0,0,0,1,0,0,0,0,1
‘½–€sκƒm‹{‚S’–Ϊ,6,0,0,0,0,0,0,0,0,0,0,0,0,0,0,0,0,0,0,4,1,0,3,0,0,0,0,0,0,0,0,2,1,0,0,0,1
‘½–€sχƒ–‹u‚P’–Ϊ,13,0,0,0,0,0,0,0,0,0,6,0,0,0,0,2,0,0,4,0,0,0,0,0,0,0,0,0,0,0,0,7,2,0,0,0,5
‘½–€sχƒ–‹u‚Q’–Ϊ,3,0,0,0,0,0,0,0,0,0,2,0,0,0,0,0,0,0,2,0,0,0,0,0,0,0,0,0,0,0,0,1,0,0,0,0,1
‘½–€sχƒ–‹u‚R’–Ϊ,3,0,0,0,0,0,0,0,0,0,1,0,0,0,0,0,0,0,1,0,0,0,0,0,0,0,0,0,0,0,0,2,2,0,0,0,0
‘½–€sχƒ–‹u‚S’–Ϊ,12,0,0,0,1,0,0,1,0,0,5,0,0,0,0,1,0,1,3,3,0,0,2,0,0,0,0,0,0,0,1,3,1,0,0,0,2
‘½–€sz–K‚P’–Ϊ,12,0,0,0,0,0,0,0,0,0,0,0,0,0,0,0,0,0,0,5,0,0,4,0,0,0,0,0,0,0,1,7,4,0,0,0,3
‘½–€sz–K‚Q’–Ϊ,10,0,0,0,1,0,1,0,0,0,0,0,0,0,0,0,0,0,0,5,0,0,4,0,0,0,0,0,0,0,1,4,2,0,0,0,2
‘½–€sz–K‚R’–Ϊ,8,0,0,0,1,0,0,0,1,0,0,0,0,0,0,0,0,0,0,5,0,0,3,0,0,0,0,0,0,0,2,2,2,0,0,0,0
‘½–€sz–K‚S’–Ϊ,8,0,0,0,1,0,0,1,0,0,3,0,0,0,0,0,0,0,3,3,0,0,1,0,0,2,0,0,0,0,0,1,1,0,0,0,0
‘½–€sz–K‚T’–Ϊ,4,0,0,0,0,0,0,0,0,0,0,0,0,0,0,0,0,0,0,1,0,0,1,0,0,0,0,0,0,0,0,3,2,0,0,0,1
‘½–€sz–K‚U’–Ϊ,1,0,0,0,0,0,0,0,0,0,0,0,0,0,0,0,0,0,0,1,0,0,0,0,0,0,0,0,0,0,1,0,0,0,0,0,0
‘½–€s‰iR‚P’–Ϊ,81,0,0,0,3,0,2,1,0,0,0,0,0,0,0,0,0,0,0,69,0,3,50,2,0,0,0,0,0,7,7,9,6,1,0,0,2
‘½–€s‰iR‚Q’–Ϊ,10,1,0,1,1,0,1,0,0,0,0,0,0,0,0,0,0,0,0,5,0,0,3,1,0,0,0,0,0,0,1,3,2,0,0,0,1
‘½–€s‰iR‚R’–Ϊ,11,0,0,0,0,0,0,0,0,0,0,0,0,0,0,0,0,0,0,6,0,0,6,0,0,0,0,0,0,0,0,5,3,0,0,0,2
‘½–€s‰iR‚S’–Ϊ,11,0,0,0,0,0,0,0,0,0,0,0,0,0,0,0,0,0,0,7,0,0,4,0,0,0,0,0,0,0,3,4,2,0,0,0,2
‘½–€s‰iR‚T’–Ϊ,6,0,0,0,0,0,0,0,0,0,0,0,0,0,0,0,0,0,0,5,0,0,2,0,0,0,0,0,0,0,3,1,0,0,0,0,1
‘½–€s‰iR‚U’–Ϊ,10,0,0,0,1,0,0,1,0,0,1,0,0,0,0,1,0,0,0,5,0,0,3,0,0,0,0,0,0,0,2,3,1,1,0,0,1
‘½–€s‰iR‚V’–Ϊ,10,0,0,0,0,0,0,0,0,0,0,0,0,0,0,0,0,0,0,10,0,0,9,0,0,0,0,0,0,0,1,0,0,0,0,0,0
‘½–€s“›•ϋ‚P’–Ϊ,4,0,0,0,0,0,0,0,0,0,0,0,0,0,0,0,0,0,0,3,0,0,1,0,0,0,0,0,0,1,1,1,0,0,0,0,1
‘½–€sa“c‚R’–Ϊ,4,0,0,0,0,0,0,0,0,0,0,0,0,0,0,0,0,0,0,3,0,1,2,0,0,0,0,0,0,0,0,1,1,0,0,0,0
‘½–€s¤“†‚P’–Ϊ,2,0,0,0,0,0,0,0,0,0,0,0,0,0,0,0,0,0,0,2,0,0,1,0,0,0,0,0,0,0,1,0,0,0,0,0,0
‘½–€s¤“†‚Q’–Ϊ,2,0,0,0,0,0,0,0,0,0,0,0,0,0,0,0,0,0,0,2,0,1,0,0,0,0,0,0,0,0,1,0,0,0,0,0,0
‘½–€s¤“†‚R’–Ϊ,4,0,0,0,0,0,0,0,0,0,0,0,0,0,0,0,0,0,0,3,0,0,2,0,0,1,0,0,0,0,0,1,1,0,0,0,0
‘½–€s¤“†‚S’–Ϊ,8,0,0,0,0,0,0,0,0,0,2,0,0,0,0,1,0,1,0,2,0,1,1,0,0,0,0,0,0,0,0,4,3,0,0,0,1
‘½–€sLζ‚P’–Ϊ,9,0,0,0,1,0,1,0,0,0,0,0,0,0,0,0,0,0,0,6,0,1,2,0,0,0,0,0,0,2,1,2,1,0,0,0,1
‘½–€sLζ‚Q’–Ϊ,9,0,0,0,0,0,0,0,0,0,0,0,0,0,0,0,0,0,0,7,0,1,4,0,0,0,0,0,0,0,2,2,1,0,0,0,1
‘½–€sLζ‚R’–Ϊ,12,0,0,0,0,0,0,0,0,0,0,0,0,0,0,0,0,0,0,12,0,1,9,0,0,0,0,0,0,0,2,0,0,0,0,0,0
‘½–€sLζ‚S’–Ϊ,12,0,0,0,1,0,1,0,0,0,0,0,0,0,0,0,0,0,0,8,0,0,6,0,0,0,0,0,0,2,0,3,1,0,0,0,2
‘½–€sLζ‚T’–Ϊ,4,0,0,0,0,0,0,0,0,0,0,0,0,0,0,0,0,0,0,3,0,0,2,0,0,0,0,0,0,0,1,1,0,1,0,0,0
‘½–€s“μ–μ‚Q’–Ϊ,8,1,0,1,0,0,0,0,0,0,1,0,0,0,0,1,0,0,0,5,0,1,3,0,0,0,0,0,0,0,1,1,0,0,0,0,1
‘½–€s“μ–μ‚R’–Ϊ,13,0,0,0,0,0,0,0,0,0,0,0,0,0,0,0,0,0,0,9,0,3,4,0,0,1,0,0,0,0,1,4,1,0,0,0,3
‘½–€s–Lƒ–‹u‚P’–Ϊ,7,0,0,0,1,0,0,0,1,0,0,0,0,0,0,0,0,0,0,2,0,0,1,0,0,0,0,0,0,0,1,4,3,0,0,0,1
‘½–€s–Lƒ–‹u‚Q’–Ϊ,2,0,0,0,0,0,0,0,0,0,0,0,0,0,0,0,0,0,0,1,0,0,1,0,0,0,0,0,0,0,0,1,0,1,0,0,0
‘½–€s–Lƒ–‹u‚R’–Ϊ,2,0,0,0,1,0,0,1,0,0,0,0,0,0,0,0,0,0,0,0,0,0,0,0,0,0,0,0,0,0,0,1,1,0,0,0,0
‘½–€s–Lƒ–‹u‚S’–Ϊ,1,0,0,0,0,0,0,0,0,0,0,0,0,0,0,0,0,0,0,0,0,0,0,0,0,0,0,0,0,0,0,1,1,0,0,0,0
‘½–€s–Lƒ–‹u‚T’–Ϊ,6,0,0,0,0,0,0,0,0,0,0,0,0,0,0,0,0,0,0,2,0,0,2,0,0,0,0,0,0,0,0,4,2,0,0,0,2
‘½–€s–Lƒ–‹u‚U’–Ϊ,1,0,0,0,0,0,0,0,0,0,0,0,0,0,0,0,0,0,0,0,0,0,0,0,0,0,0,0,0,0,0,1,0,0,0,0,1
‘½–€sΉƒ–‹u‚P’–Ϊ,6,0,0,0,0,0,0,0,0,0,0,0,0,0,0,0,0,0,0,3,1,0,1,0,0,0,0,0,0,0,1,3,2,0,0,0,1
‘½–€sΉƒ–‹u‚Q’–Ϊ,2,0,0,0,0,0,0,0,0,0,1,0,0,0,0,1,0,0,0,1,0,0,0,0,0,0,0,0,0,0,1,0,0,0,0,0,0
‘½–€sΉƒ–‹u‚R’–Ϊ,5,0,0,0,0,0,0,0,0,0,0,0,0,0,0,0,0,0,0,1,0,0,1,0,0,0,0,0,0,0,0,4,4,0,0,0,0
‘½–€sΉƒ–‹u‚S’–Ϊ,5,0,0,0,0,0,0,0,0,0,1,0,0,0,0,0,0,0,1,4,0,0,3,1,0,0,0,0,0,0,0,0,0,0,0,0,0
‘½–€sΉƒ–‹u‚T’–Ϊ,1,0,0,0,1,0,1,0,0,0,0,0,0,0,0,0,0,0,0,0,0,0,0,0,0,0,0,0,0,0,0,0,0,0,0,0,0
‘½–€s’ί–q‚P’–Ϊ,13,0,0,0,5,0,2,2,1,0,0,0,0,0,0,0,0,0,0,5,0,0,2,2,0,0,0,0,0,0,1,3,2,0,0,0,1
‘½–€s’ί–q‚Q’–Ϊ,12,0,0,0,3,0,2,1,0,0,0,0,0,0,0,0,0,0,0,4,0,0,2,0,0,0,0,0,0,2,0,5,0,0,0,0,5
‘½–€s’ί–q‚R’–Ϊ,3,0,0,0,0,0,0,0,0,0,0,0,0,0,0,0,0,0,0,3,0,0,2,0,0,0,0,0,0,1,0,0,0,0,0,0,0
‘½–€s’ί–q‚S’–Ϊ,1,0,0,0,0,0,0,0,0,0,0,0,0,0,0,0,0,0,0,1,0,0,0,0,0,0,0,0,0,0,1,0,0,0,0,0,0
‘½–€s’ί–q‚T’–Ϊ,3,0,0,0,1,0,0,0,0,1,0,0,0,0,0,0,0,0,0,1,0,0,0,0,0,0,0,0,0,0,1,1,1,0,0,0,0
‘½–€s’ί–q‚U’–Ϊ,5,0,0,0,1,0,1,0,0,0,0,0,0,0,0,0,0,0,0,1,0,0,1,0,0,0,0,0,0,0,0,3,0,1,0,0,2
‘½–€s”nψ‘ς‚P’–Ϊ,8,0,0,0,1,0,0,0,1,0,0,0,0,0,0,0,0,0,0,5,0,0,4,0,0,0,0,0,0,0,1,2,1,0,0,0,1
‘½–€s”nψ‘ς‚Q’–Ϊ,10,0,0,0,1,0,1,0,0,0,0,0,0,0,0,0,0,0,0,4,0,0,2,0,0,0,0,0,0,0,2,5,3,1,0,0,1
‘½–€s“‚–Ψ“c‚P’–Ϊ,15,0,0,0,2,0,2,0,0,0,0,0,0,0,0,0,0,0,0,5,0,0,0,0,0,0,0,0,0,2,3,8,1,0,0,0,7
‘½–€s“‚–Ψ“c‚Q’–Ϊ,1,0,0,0,0,0,0,0,0,0,0,0,0,0,0,0,0,0,0,0,0,0,0,0,0,0,0,0,0,0,0,1,0,0,0,0,1
‘½–€sR‰¤‰Ί‚P’–Ϊ,8,0,0,0,0,0,0,0,0,0,0,0,0,0,0,0,0,0,0,2,0,0,1,0,0,0,0,0,0,1,0,6,6,0,0,0,0
‘½–€s’†‘ς‚P’–Ϊ,5,0,0,0,2,0,0,0,2,0,0,0,0,0,0,0,0,0,0,3,0,0,3,0,0,0,0,0,0,0,0,0,0,0,0,0,0
‘½–€s’†‘ς‚Q’–Ϊ,5,0,0,0,1,0,0,1,0,0,0,0,0,0,0,0,0,0,0,2,0,0,1,0,1,0,0,0,0,0,0,2,2,0,0,0,0
‘½–€sv,952,3,0,3,57,0,27,18,11,1,39,0,0,1,1,11,1,2,23,608,5,24,337,14,5,9,0,0,3,91,120,245,100,14,0,0,131
ξιs–ξ–μϋ,83,1,0,1,7,0,4,3,0,0,1,0,0,0,0,0,0,0,1,55,1,2,27,4,1,0,0,0,0,5,15,19,7,3,0,0,9
ξιs“’·ΐ,66,0,0,0,5,0,1,3,1,0,1,0,0,0,0,1,0,0,0,35,0,1,20,1,1,2,0,0,0,1,9,25,5,3,3,0,14
ξιs‘εΫ,51,0,0,0,4,0,3,1,0,0,1,0,0,0,0,0,0,0,1,29,3,0,14,3,0,2,0,0,0,3,4,17,7,3,0,0,7
ξιs•S‘Ί,20,0,0,0,3,0,1,0,2,0,2,0,0,0,0,1,0,0,1,7,1,0,2,0,0,1,0,0,0,1,2,8,3,0,0,0,5
ξιsβ•l,10,0,0,0,0,0,0,0,0,0,0,0,0,0,0,0,0,0,0,7,0,1,3,0,0,2,0,0,0,0,1,3,1,0,0,0,2
ξιs•½”φ‚P’–Ϊ,13,1,0,1,0,0,0,0,0,0,0,0,0,0,0,0,0,0,0,8,1,0,4,0,0,0,0,0,0,0,3,4,2,0,0,0,2
ξιs•½”φ‚Q’–Ϊ,15,0,0,0,1,0,0,0,1,0,2,0,0,0,0,1,1,0,0,5,0,0,1,1,0,0,0,0,0,0,3,7,7,0,0,0,0
ξιs•½”φ‚R’–Ϊ,9,0,0,0,1,0,1,0,0,0,0,0,0,0,0,0,0,0,0,3,0,1,1,0,0,0,0,0,0,0,1,5,5,0,0,0,0
ξιs‰—§,14,0,0,0,0,0,0,0,0,0,1,0,0,0,0,0,0,0,1,11,0,2,4,1,0,0,0,0,0,3,1,2,1,0,0,0,1
ξιs•½”φ‚S’–Ϊ,3,0,0,0,1,0,1,0,0,0,0,0,0,0,0,0,0,0,0,1,0,0,0,0,0,1,0,0,0,0,0,1,0,0,0,0,1
ξιsό—z‘δ‚R’–Ϊ,4,0,0,0,0,0,0,0,0,0,0,0,0,0,0,0,0,0,0,3,0,0,1,0,0,0,0,0,0,2,0,1,0,0,0,0,1
ξιsό—z‘δ‚S’–Ϊ,10,0,0,0,0,0,0,0,0,0,0,0,0,0,0,0,0,0,0,4,0,0,2,0,0,0,0,0,0,0,2,6,3,0,0,0,3
ξιsό—z‘δ‚T’–Ϊ,3,0,0,0,0,0,0,0,0,0,0,0,0,0,0,0,0,0,0,2,0,0,1,0,0,0,0,0,0,0,1,1,1,0,0,0,0
ξιsό—z‘δ‚U’–Ϊ,3,0,0,0,0,0,0,0,0,0,0,0,0,0,0,0,0,0,0,2,0,0,1,0,0,0,0,0,0,1,0,1,0,0,0,0,1
ξιs’·•τ‚P’–Ϊ,2,0,0,0,0,0,0,0,0,0,0,0,0,0,0,0,0,0,0,2,0,1,1,0,0,0,0,0,0,0,0,0,0,0,0,0,0
ξιs’·•τ‚Q’–Ϊ,2,0,0,0,1,0,1,0,0,0,0,0,0,0,0,0,0,0,0,0,0,0,0,0,0,0,0,0,0,0,0,1,1,0,0,0,0
ξιs’·•τ‚R’–Ϊ,13,0,0,0,1,0,0,1,0,0,0,0,0,0,0,0,0,0,0,6,0,0,6,0,0,0,0,0,0,0,0,6,2,0,0,0,4
ξιsα—t‘δ‚P’–Ϊ,5,0,0,0,0,0,0,0,0,0,0,0,0,0,0,0,0,0,0,3,0,0,1,0,0,0,0,0,0,0,2,2,2,0,0,0,0
ξιsα—t‘δ‚Q’–Ϊ,51,0,0,0,1,0,0,1,0,0,0,0,0,0,0,0,0,0,0,49,0,0,29,0,0,0,0,0,1,16,3,1,0,0,0,0,1
ξιsα—t‘δ‚R’–Ϊ,3,0,0,0,0,0,0,0,0,0,0,0,0,0,0,0,0,0,0,3,0,0,1,0,0,0,0,0,1,1,0,0,0,0,0,0,0
ξιsα—t‘δ‚S’–Ϊ,7,0,0,0,0,0,0,0,0,0,0,0,0,0,0,0,0,0,0,3,0,0,2,0,0,0,0,0,0,0,1,4,2,0,0,0,2
ξιsβ•l‚R’–Ϊ,1,0,0,0,0,0,0,0,0,0,1,0,0,0,0,0,0,0,1,0,0,0,0,0,0,0,0,0,0,0,0,0,0,0,0,0,0
ξιsv,388,2,0,2,25,0,12,9,4,0,9,0,0,0,0,3,1,0,5,238,6,8,121,10,2,8,0,0,2,33,48,114,49,9,3,0,53
‰H‘Ίs‰h’¬‚P’–Ϊ,30,0,0,0,0,0,0,0,0,0,0,0,0,0,0,0,0,0,0,26,0,0,22,0,0,0,0,0,0,3,1,4,3,1,0,0,0
‰H‘Ίs‰h’¬‚Q’–Ϊ,20,1,1,0,0,0,0,0,0,0,0,0,0,0,0,0,0,0,0,19,0,0,6,2,0,0,0,0,0,9,2,0,0,0,0,0,0
‰H‘Ίs‰h’¬‚R’–Ϊ,3,0,0,0,0,0,0,0,0,0,0,0,0,0,0,0,0,0,0,1,0,0,0,0,0,0,0,0,0,0,1,2,1,0,0,0,1
‰H‘Ίs—Ξƒ–‹u‚P’–Ϊ,11,0,0,0,0,0,0,0,0,0,0,0,0,0,0,0,0,0,0,10,0,0,8,0,0,0,0,0,0,0,2,1,0,0,0,0,1
‰H‘Ίs—Ξƒ–‹u‚Q’–Ϊ,8,0,0,0,0,0,0,0,0,0,0,0,0,0,0,0,0,0,0,5,0,0,3,1,0,0,0,0,0,0,1,3,1,1,0,0,1
‰H‘Ίs—Ξƒ–‹u‚R’–Ϊ,2,0,0,0,0,0,0,0,0,0,0,0,0,0,0,0,0,0,0,1,0,0,0,0,0,0,0,0,0,0,1,1,0,0,0,0,1
‰H‘Ίs—Ξƒ–‹u‚S’–Ϊ,6,0,0,0,0,0,0,0,0,0,0,0,0,0,0,0,0,0,0,4,0,0,3,0,0,0,0,0,0,0,1,2,1,0,0,0,1
‰H‘Ίs—Ξƒ–‹u‚T’–Ϊ,3,0,0,0,0,0,0,0,0,0,0,0,0,0,0,0,0,0,0,2,0,0,2,0,0,0,0,0,0,0,0,1,0,0,0,0,1
‰H‘Ίs_–Ύ‘δ‚P’–Ϊ,15,0,0,0,1,0,1,0,0,0,0,0,0,0,0,0,0,0,0,11,0,0,8,1,0,0,0,0,0,0,2,3,2,0,0,0,1
‰H‘Ίs_–Ύ‘δ‚Q’–Ϊ,12,0,0,0,1,0,1,0,0,0,0,0,0,0,0,0,0,0,0,9,0,1,2,0,0,0,0,0,0,5,1,2,1,0,0,0,1
‰H‘Ίs_–Ύ‘δ‚R’–Ϊ,14,0,0,0,0,0,0,0,0,0,0,0,0,0,0,0,0,0,0,12,0,1,6,0,0,0,0,0,0,5,0,2,1,0,0,0,1
‰H‘Ίs_–Ύ‘δ‚S’–Ϊ,4,0,0,0,0,0,0,0,0,0,0,0,0,0,0,0,0,0,0,3,0,0,2,0,0,0,0,0,0,1,0,1,0,0,0,0,1
‰H‘Ίs‘o—t’¬‚Q’–Ϊ,3,0,0,0,1,0,0,1,0,0,0,0,0,0,0,0,0,0,0,1,0,0,1,0,0,0,0,0,0,0,0,1,0,0,0,0,1
‰H‘Ίs‘o—t’¬‚R’–Ϊ,3,0,0,0,0,0,0,0,0,0,0,0,0,0,0,0,0,0,0,3,0,0,3,0,0,0,0,0,0,0,0,0,0,0,0,0,0
‰H‘Ίsάƒm_,1,0,0,0,0,0,0,0,0,0,0,0,0,0,0,0,0,0,0,0,0,0,0,0,0,0,0,0,0,0,0,1,0,0,0,0,1
‰H‘Ίs‰H,7,0,0,0,0,0,0,0,0,0,0,0,0,0,0,0,0,0,0,2,0,0,0,0,0,0,1,0,0,0,1,5,0,0,0,0,5
‰H‘Ίsμθ‚P’–Ϊ,2,0,0,0,0,0,0,0,0,0,0,0,0,0,0,0,0,0,0,1,0,0,1,0,0,0,0,0,0,0,0,1,1,0,0,0,0
‰H‘Ίsμθ‚Q’–Ϊ,5,0,0,0,1,0,0,1,0,0,0,0,0,0,0,0,0,0,0,3,0,0,0,0,0,0,0,0,0,0,3,1,0,1,0,0,0
‰H‘Ίsμθ‚R’–Ϊ,1,0,0,0,0,0,0,0,0,0,0,0,0,0,0,0,0,0,0,0,0,0,0,0,0,0,0,0,0,0,0,1,0,0,0,0,1
‰H‘Ίsμθ‚S’–Ϊ,1,0,0,0,0,0,0,0,0,0,0,0,0,0,0,0,0,0,0,1,0,0,0,0,0,1,0,0,0,0,0,0,0,0,0,0,0
‰H‘Ίs‹Κμ‚Q’–Ϊ,1,0,0,0,0,0,0,0,0,0,0,0,0,0,0,0,0,0,0,1,0,0,0,0,0,0,0,0,0,0,1,0,0,0,0,0,0
‰H‘Ίs•xm©•½‚P’–Ϊ,12,0,0,0,0,0,0,0,0,0,1,0,0,0,0,0,0,0,1,9,0,0,3,0,0,0,0,0,0,3,3,2,0,0,0,0,2
‰H‘Ίs•xm©•½‚Q’–Ϊ,6,0,0,0,0,0,0,0,0,0,0,0,0,0,0,0,0,0,0,5,0,0,4,0,0,0,0,0,0,0,1,1,1,0,0,0,0
‰H‘Ίsάƒm_‚P’–Ϊ,27,0,0,0,2,0,1,0,1,0,0,0,0,0,0,0,0,0,0,22,0,0,17,0,0,0,0,0,0,1,4,3,0,0,0,0,3
‰H‘Ίsάƒm_‚Q’–Ϊ,4,0,0,0,2,0,1,0,1,0,0,0,0,0,0,0,0,0,0,2,0,0,2,0,0,0,0,0,0,0,0,0,0,0,0,0,0
‰H‘Ίsάƒm_‚R’–Ϊ,7,0,0,0,0,0,0,0,0,0,0,0,0,0,0,0,0,0,0,7,0,0,5,1,0,0,0,0,0,1,0,0,0,0,0,0,0
‰H‘Ίsάƒm_‚S’–Ϊ,22,0,0,0,1,0,1,0,0,0,0,0,0,0,0,0,0,0,0,19,0,0,17,1,0,0,0,0,0,0,1,2,0,0,0,0,2
‰H‘Ίs‰H“‚P’–Ϊ,39,0,0,0,1,0,1,0,0,0,0,0,0,0,0,0,0,0,0,33,0,0,27,0,0,0,0,0,0,2,4,5,1,0,1,0,3
‰H‘Ίs‰H“‚Q’–Ϊ,1,0,0,0,0,0,0,0,0,0,0,0,0,0,0,0,0,0,0,0,0,0,0,0,0,0,0,0,0,0,0,1,0,0,0,0,1
‰H‘Ίs‰H“‚R’–Ϊ,1,0,0,0,0,0,0,0,0,0,0,0,0,0,0,0,0,0,0,1,0,0,1,0,0,0,0,0,0,0,0,0,0,0,0,0,0
‰H‘Ίs‰H’†‚Q’–Ϊ,1,0,0,0,0,0,0,0,0,0,0,0,0,0,0,0,0,0,0,0,0,0,0,0,0,0,0,0,0,0,0,1,1,0,0,0,0
‰H‘Ίs‰H’†‚S’–Ϊ,1,0,0,0,0,0,0,0,0,0,0,0,0,0,0,0,0,0,0,0,0,0,0,0,0,0,0,0,0,0,0,1,1,0,0,0,0
‰H‘Ίs‰H‰Α”ό‚P’–Ϊ,7,0,0,0,2,0,1,0,0,1,0,0,0,0,0,0,0,0,0,4,0,0,2,0,0,0,0,0,0,1,1,1,0,1,0,0,0
‰H‘Ίs‰H‰Α”ό‚R’–Ϊ,1,0,0,0,0,0,0,0,0,0,0,0,0,0,0,0,0,0,0,1,0,0,1,0,0,0,0,0,0,0,0,0,0,0,0,0,0
‰H‘Ίs‰H‰Α”ό‚S’–Ϊ,1,0,0,0,0,0,0,0,0,0,0,0,0,0,0,0,0,0,0,1,0,0,1,0,0,0,0,0,0,0,0,0,0,0,0,0,0
‰H‘Ίs‰HΌ‚P’–Ϊ,2,0,0,0,0,0,0,0,0,0,0,0,0,0,0,0,0,0,0,1,0,0,0,0,0,0,0,0,0,0,1,1,0,0,0,0,1
‰H‘Ίs‰HΌ‚R’–Ϊ,1,0,0,0,0,0,0,0,0,0,0,0,0,0,0,0,0,0,0,0,0,0,0,0,0,0,0,0,0,0,0,1,0,0,0,0,1
‰H‘Ίs¬μ‘δ‚P’–Ϊ,29,0,0,0,1,0,1,0,0,0,2,0,0,0,0,0,0,0,2,21,0,0,16,0,0,0,0,0,0,2,3,5,2,1,0,0,2
‰H‘Ίs¬μ‘δ‚Q’–Ϊ,46,0,0,0,2,0,0,0,1,1,0,0,0,0,0,0,0,0,0,42,0,3,30,0,0,0,0,0,0,4,5,2,0,1,0,0,1
‰H‘Ίs¬μ‘δ‚R’–Ϊ,8,0,0,0,0,0,0,0,0,0,0,0,0,0,0,0,0,0,0,7,1,0,4,1,0,0,0,0,0,0,1,1,1,0,0,0,0
‰H‘Ίs¬μ‘δ‚S’–Ϊ,1,0,0,0,0,0,0,0,0,0,0,0,0,0,0,0,0,0,0,0,0,0,0,0,0,0,0,0,0,0,0,1,0,0,0,0,1
‰H‘Ίs¬μ‘δ‚T’–Ϊ,23,0,0,0,0,0,0,0,0,0,0,0,0,0,0,0,0,0,0,19,0,1,15,1,0,0,0,0,0,0,2,4,0,2,0,0,2
‰H‘Ίsv,392,1,1,0,15,0,8,2,3,2,3,0,0,0,0,0,0,0,3,309,1,6,212,8,0,1,1,0,0,37,43,64,18,8,1,0,37
‚ ‚«‚ι–μs‰JΤ,29,0,0,0,1,0,1,0,0,0,14,0,0,0,0,0,12,1,1,12,0,1,6,0,0,0,0,0,0,1,4,2,0,1,0,0,1
‚ ‚«‚ι–μs–μ•Σ,39,0,0,0,1,0,1,0,0,0,0,0,0,0,0,0,0,0,0,32,0,4,25,0,0,0,0,0,0,0,3,6,2,2,0,0,2
‚ ‚«‚ι–μs¬μ,5,0,0,0,0,0,0,0,0,0,0,0,0,0,0,0,0,0,0,5,0,0,3,0,0,0,0,0,0,0,2,0,0,0,0,0,0
‚ ‚«‚ι–μs¬μ“‚P’–Ϊ,2,0,0,0,0,0,0,0,0,0,0,0,0,0,0,0,0,0,0,2,0,0,1,0,0,0,0,0,0,0,1,0,0,0,0,0,0
‚ ‚«‚ι–μs¬μ“‚Q’–Ϊ,2,0,0,0,0,0,0,0,0,0,0,0,0,0,0,0,0,0,0,1,0,0,1,0,0,0,0,0,0,0,0,1,0,1,0,0,0
‚ ‚«‚ι–μs¬μ“‚R’–Ϊ,3,0,0,0,1,0,0,1,0,0,0,0,0,0,0,0,0,0,0,1,0,0,0,0,0,0,0,0,0,0,1,1,0,0,0,0,1
‚ ‚«‚ι–μs“ρ‹{,13,0,0,0,0,0,0,0,0,0,0,0,0,0,0,0,0,0,0,10,0,0,4,0,0,0,0,0,0,3,3,3,2,0,0,0,1
‚ ‚«‚ι–μs“ρ‹{“‚P’–Ϊ,5,0,0,0,0,0,0,0,0,0,0,0,0,0,0,0,0,0,0,4,0,0,4,0,0,0,0,0,0,0,0,1,0,0,0,0,1
‚ ‚«‚ι–μs“ρ‹{“‚Q’–Ϊ,2,0,0,0,0,0,0,0,0,0,0,0,0,0,0,0,0,0,0,0,0,0,0,0,0,0,0,0,0,0,0,2,1,1,0,0,0
‚ ‚«‚ι–μs•½‘ς,6,0,0,0,0,0,0,0,0,0,0,0,0,0,0,0,0,0,0,5,0,1,3,0,0,0,0,0,0,0,1,1,0,0,0,0,1
‚ ‚«‚ι–μs‘‰Τ,25,2,1,1,0,0,0,0,0,0,1,0,0,0,0,0,1,0,0,15,1,0,6,1,0,0,0,0,0,1,6,7,2,0,0,0,5
‚ ‚«‚ι–μs£Λ‰ª,13,0,0,0,1,0,0,0,1,0,1,0,0,0,0,1,0,0,0,8,0,1,7,0,0,0,0,0,0,0,0,3,2,0,0,0,1
‚ ‚«‚ι–μs΄¬‹{,1,0,0,0,0,0,0,0,0,0,0,0,0,0,0,0,0,0,0,1,0,0,1,0,0,0,0,0,0,0,0,0,0,0,0,0,0
‚ ‚«‚ι–μs΄¬‹{‚P’–Ϊ,8,0,0,0,0,0,0,0,0,0,0,0,0,0,0,0,0,0,0,7,0,0,6,0,0,0,0,0,0,0,1,1,0,0,0,0,1
‚ ‚«‚ι–μs΄¬‹{‚Q’–Ϊ,5,0,0,0,0,0,0,0,0,0,0,0,0,0,0,0,0,0,0,5,0,0,4,0,0,0,0,0,0,0,1,0,0,0,0,0,0
‚ ‚«‚ι–μs›¶,7,0,0,0,0,0,0,0,0,0,1,0,0,0,0,0,0,0,1,6,0,0,6,0,0,0,0,0,0,0,0,0,0,0,0,0,0
‚ ‚«‚ι–μsψ“c,21,2,1,1,2,0,2,0,0,0,0,0,0,0,0,0,0,0,0,15,0,5,9,0,0,0,0,0,0,0,1,2,0,0,0,0,2
‚ ‚«‚ι–μsΊγ,5,0,0,0,0,0,0,0,0,0,0,0,0,0,0,0,0,0,0,5,0,2,1,0,0,0,0,0,0,1,1,0,0,0,0,0,0
‚ ‚«‚ι–μsγ‘γp,6,0,0,0,0,0,0,0,0,0,0,0,0,0,0,0,0,0,0,5,0,0,0,0,0,1,0,0,0,0,4,1,0,0,0,0,1
‚ ‚«‚ι–μs‰Ί‘γp,7,0,0,0,1,0,0,1,0,0,1,0,0,0,0,0,0,0,1,5,0,1,2,0,0,0,0,0,0,2,0,0,0,0,0,0,0
‚ ‚«‚ι–μs‹ΐ,7,1,0,1,0,0,0,0,0,0,1,0,0,0,0,0,1,0,0,4,0,0,1,0,0,0,0,0,0,2,1,1,0,0,0,0,1
‚ ‚«‚ι–μs–ϋ•½,32,0,0,0,1,0,0,1,0,0,0,0,0,0,0,0,0,0,0,27,1,1,19,1,0,0,0,0,0,3,2,4,0,0,1,0,3
‚ ‚«‚ι–μsHμ‚P’–Ϊ,43,0,0,0,1,0,1,0,0,0,1,0,0,1,0,0,0,0,0,39,0,0,30,0,0,0,0,0,1,6,2,2,1,0,0,0,1
‚ ‚«‚ι–μsHμ‚Q’–Ϊ,7,0,0,0,0,0,0,0,0,0,1,0,0,0,1,0,0,0,0,4,0,1,1,0,0,0,0,0,0,1,1,2,0,0,0,0,2
‚ ‚«‚ι–μsHμ‚R’–Ϊ,5,0,0,0,1,0,1,0,0,0,0,0,0,0,0,0,0,0,0,4,0,3,0,0,0,0,0,0,0,0,1,0,0,0,0,0,0
‚ ‚«‚ι–μsHμ‚S’–Ϊ,15,0,0,0,1,0,0,1,0,0,0,0,0,0,0,0,0,0,0,13,0,0,0,0,0,0,0,0,0,13,0,1,0,0,0,0,1
‚ ‚«‚ι–μsHμ‚T’–Ϊ,12,0,0,0,0,0,0,0,0,0,3,0,0,0,0,0,2,0,1,9,0,2,3,1,0,0,0,0,0,3,0,0,0,0,0,0,0
‚ ‚«‚ι–μsHμ‚U’–Ϊ,3,0,0,0,0,0,0,0,0,0,0,0,0,0,0,0,0,0,0,1,0,0,0,0,0,0,0,0,0,0,1,2,0,1,0,0,1
‚ ‚«‚ι–μsH—―‚P’–Ϊ,6,0,0,0,0,0,0,0,0,0,0,0,0,0,0,0,0,0,0,5,0,1,2,2,0,0,0,0,0,0,0,1,0,0,0,0,1
‚ ‚«‚ι–μsH—―‚Q’–Ϊ,2,0,0,0,0,0,0,0,0,0,0,0,0,0,0,0,0,0,0,2,0,1,0,0,0,0,0,0,0,0,1,0,0,0,0,0,0
‚ ‚«‚ι–μsH—―‚S’–Ϊ,1,0,0,0,0,0,0,0,0,0,1,0,0,0,0,0,1,0,0,0,0,0,0,0,0,0,0,0,0,0,0,0,0,0,0,0,0
‚ ‚«‚ι–μsH—―‚T’–Ϊ,2,0,0,0,0,0,0,0,0,0,1,0,0,0,0,0,1,0,0,1,0,0,0,1,0,0,0,0,0,0,0,0,0,0,0,0,0
‚ ‚«‚ι–μsά“ϊs,7,0,0,0,0,0,0,0,0,0,0,0,0,0,0,0,0,0,0,3,0,0,1,0,0,0,0,0,0,0,2,4,2,0,0,0,2
‚ ‚«‚ι–μs¬’†–μ,2,0,0,0,0,0,0,0,0,0,0,0,0,0,0,0,0,0,0,2,0,1,0,0,0,0,0,0,0,0,1,0,0,0,0,0,0
‚ ‚«‚ι–μs“ό–μ,3,0,0,0,0,0,0,0,0,0,0,0,0,0,0,0,0,0,0,2,0,0,0,0,0,0,0,0,0,0,2,1,0,0,0,0,1
‚ ‚«‚ι–μsΪ’J,4,0,0,0,1,0,1,0,0,0,0,0,0,0,0,0,0,0,0,1,0,0,0,0,0,0,0,0,0,1,0,2,0,0,0,0,2
‚ ‚«‚ι–μs—―΄,3,0,0,0,0,0,0,0,0,0,0,0,0,0,0,0,0,0,0,0,0,0,0,0,0,0,0,0,0,0,0,3,2,0,0,0,1
‚ ‚«‚ι–μs‚”φ,3,0,0,0,0,0,0,0,0,0,2,0,0,0,0,0,0,0,2,0,0,0,0,0,0,0,0,0,0,0,0,1,0,0,0,0,1
‚ ‚«‚ι–μs¬a“c,3,1,1,0,1,0,0,1,0,0,0,0,0,0,0,0,0,0,0,1,0,0,0,0,0,0,0,0,0,0,1,0,0,0,0,0,0
‚ ‚«‚ι–μsR“c,16,0,0,0,2,0,0,1,1,0,0,0,0,0,0,0,0,0,0,7,0,1,2,2,0,0,0,0,0,1,1,7,3,0,0,0,4
‚ ‚«‚ι–μs–Τ‘γ,3,0,0,0,0,0,0,0,0,0,0,0,0,0,0,0,0,0,0,1,0,0,1,0,0,0,0,0,0,0,0,2,0,0,0,0,2
‚ ‚«‚ι–μsΙ“ή,40,0,0,0,2,0,1,1,0,0,1,0,0,0,0,0,0,0,1,25,0,2,10,0,0,2,0,0,0,4,7,12,4,1,0,0,7
‚ ‚«‚ι–μs‰΅‘ς,2,0,0,0,0,0,0,0,0,0,0,0,0,0,0,0,0,0,0,2,0,0,0,0,0,0,0,0,0,0,2,0,0,0,0,0,0
‚ ‚«‚ι–μsO“ΰ,2,0,0,0,0,0,0,0,0,0,0,0,0,0,0,0,0,0,0,0,0,0,0,0,0,0,0,0,0,0,0,2,1,0,0,0,1
‚ ‚«‚ι–μs‰³’Γ,2,0,0,0,0,0,0,0,0,0,0,0,0,0,0,0,0,0,0,1,0,0,0,0,0,0,0,0,0,0,1,1,0,0,0,0,1
‚ ‚«‚ι–μsΛ‘q,4,0,0,0,1,0,0,1,0,0,0,0,0,0,0,0,0,0,0,3,0,0,0,0,0,0,0,0,0,0,3,0,0,0,0,0,0
‚ ‚«‚ι–μs¬•τ‘δ,1,0,0,0,0,0,0,0,0,0,0,0,0,0,0,0,0,0,0,1,0,0,0,0,0,0,0,0,0,0,1,0,0,0,0,0,0
‚ ‚«‚ι–μsΪ’J‘δ,11,0,0,0,0,0,0,0,0,0,0,0,0,0,0,0,0,0,0,10,0,1,8,0,0,0,0,0,0,0,1,1,0,0,0,0,1
‚ ‚«‚ι–μs•½‘ςΌ‚P’–Ϊ,3,0,0,0,0,0,0,0,0,0,0,0,0,0,0,0,0,0,0,3,0,1,0,1,0,0,0,0,0,0,1,0,0,0,0,0,0
‚ ‚«‚ι–μsv,448,6,3,3,18,0,8,8,2,0,29,0,0,1,1,1,18,1,7,315,2,30,167,9,0,3,0,0,1,42,61,80,22,7,1,0,50
Ό“‹s“c–³’¬‚P’–Ϊ,2,0,0,0,0,0,0,0,0,0,0,0,0,0,0,0,0,0,0,2,0,0,2,0,0,0,0,0,0,0,0,0,0,0,0,0,0
Ό“‹s“c–³’¬‚Q’–Ϊ,86,0,0,0,1,0,1,0,0,0,0,0,0,0,0,0,0,0,0,79,0,0,17,0,0,0,0,0,1,56,5,6,1,0,0,0,5
Ό“‹s“c–³’¬‚R’–Ϊ,24,1,0,1,1,0,0,1,0,0,0,0,0,0,0,0,0,0,0,18,0,0,15,0,0,0,0,0,0,2,1,4,2,0,0,0,2
Ό“‹s“c–³’¬‚S’–Ϊ,52,0,0,0,2,0,0,2,0,0,0,0,0,0,0,0,0,0,0,43,0,0,22,1,0,1,0,0,1,8,10,7,2,0,0,0,5
Ό“‹s“c–³’¬‚T’–Ϊ,13,0,0,0,1,0,1,0,0,0,0,0,0,0,0,0,0,0,0,9,0,0,9,0,0,0,0,0,0,0,0,3,1,0,0,0,2
Ό“‹s“c–³’¬‚U’–Ϊ,5,0,0,0,0,0,0,0,0,0,0,0,0,0,0,0,0,0,0,3,0,0,3,0,0,0,0,0,0,0,0,2,0,0,1,0,1
Ό“‹s“c–³’¬‚V’–Ϊ,13,0,0,0,0,0,0,0,0,0,0,0,0,0,0,0,0,0,0,12,0,1,6,0,0,0,0,0,0,5,0,1,0,0,0,0,1
Ό“‹s“μ’¬‚P’–Ϊ,4,1,0,1,0,0,0,0,0,0,0,0,0,0,0,0,0,0,0,1,0,0,1,0,0,0,0,0,0,0,0,2,1,0,0,0,1
Ό“‹s“μ’¬‚Q’–Ϊ,3,0,0,0,0,0,0,0,0,0,0,0,0,0,0,0,0,0,0,3,0,1,2,0,0,0,0,0,0,0,0,0,0,0,0,0,0
Ό“‹s“μ’¬‚R’–Ϊ,15,0,0,0,1,0,0,1,0,0,0,0,0,0,0,0,0,0,0,12,0,0,10,0,0,0,0,0,0,1,1,2,1,0,0,0,1
Ό“‹s“μ’¬‚S’–Ϊ,23,0,0,0,0,0,0,0,0,0,0,0,0,0,0,0,0,0,0,21,0,0,19,0,0,0,0,0,0,0,2,2,0,1,0,0,1
Ό“‹s“μ’¬‚T’–Ϊ,25,0,0,0,0,0,0,0,0,0,0,0,0,0,0,0,0,0,0,17,0,0,13,0,0,0,0,0,0,1,3,8,1,1,0,0,6
Ό“‹s“μ’¬‚U’–Ϊ,5,0,0,0,1,0,0,1,0,0,0,0,0,0,0,0,0,0,0,4,0,0,4,0,0,0,0,0,0,0,0,0,0,0,0,0,0
Ό“‹sΌ΄’¬‚P’–Ϊ,3,0,0,0,0,0,0,0,0,0,0,0,0,0,0,0,0,0,0,0,0,0,0,0,0,0,0,0,0,0,0,3,1,0,0,0,2
Ό“‹sΌ΄’¬‚Q’–Ϊ,1,0,0,0,1,0,1,0,0,0,0,0,0,0,0,0,0,0,0,0,0,0,0,0,0,0,0,0,0,0,0,0,0,0,0,0,0
Ό“‹sΌ΄’¬‚R’–Ϊ,10,0,0,0,1,0,1,0,0,0,1,0,0,1,0,0,0,0,0,7,0,0,4,1,0,0,0,0,0,0,2,1,0,0,0,0,1
Ό“‹sΌ΄’¬‚S’–Ϊ,15,1,0,1,0,0,0,0,0,0,1,0,0,0,0,0,0,0,1,9,0,1,4,0,0,1,0,0,0,2,1,4,1,0,0,0,3
Ό“‹sΌ΄’¬‚T’–Ϊ,3,0,0,0,0,0,0,0,0,0,0,0,0,0,0,0,0,0,0,0,0,0,0,0,0,0,0,0,0,0,0,3,1,0,0,0,2
Ό“‹s—Ξ’¬‚P’–Ϊ,2,0,0,0,0,0,0,0,0,0,0,0,0,0,0,0,0,0,0,1,0,0,0,1,0,0,0,0,0,0,0,1,1,0,0,0,0
Ό“‹s—Ξ’¬‚Q’–Ϊ,2,0,0,0,0,0,0,0,0,0,0,0,0,0,0,0,0,0,0,1,0,0,0,0,0,0,0,0,0,1,0,1,1,0,0,0,0
Ό“‹s—Ξ’¬‚R’–Ϊ,4,0,0,0,0,0,0,0,0,0,0,0,0,0,0,0,0,0,0,3,0,0,2,0,0,0,0,0,0,0,1,1,0,0,0,0,1
Ό“‹s–k΄’¬‚P’–Ϊ,3,1,1,0,1,0,1,0,0,0,0,0,0,0,0,0,0,0,0,1,0,0,1,0,0,0,0,0,0,0,0,0,0,0,0,0,0
Ό“‹s–k΄’¬‚Q’–Ϊ,1,0,0,0,0,0,0,0,0,0,0,0,0,0,0,0,0,0,0,1,0,0,0,0,0,0,0,0,0,1,0,0,0,0,0,0,0
Ό“‹s–k΄’¬‚R’–Ϊ,4,0,0,0,1,0,1,0,0,0,0,0,0,0,0,0,0,0,0,3,0,0,3,0,0,0,0,0,0,0,0,0,0,0,0,0,0
Ό“‹s’JΛ’¬‚P’–Ϊ,13,0,0,0,0,0,0,0,0,0,3,0,0,0,0,3,0,0,0,8,0,0,5,1,0,0,0,0,0,1,1,2,0,0,0,0,2
Ό“‹s’JΛ’¬‚Q’–Ϊ,20,0,0,0,3,0,0,1,2,0,0,0,0,0,0,0,0,0,0,12,0,0,6,0,0,0,0,0,0,4,2,5,0,0,0,0,5
Ό“‹s’JΛ’¬‚R’–Ϊ,11,0,0,0,0,0,0,0,0,0,1,0,0,0,0,1,0,0,0,8,0,0,6,0,0,0,0,1,0,0,1,2,1,0,0,0,1
Ό“‹sό‘δ’¬‚P’–Ϊ,12,0,0,0,1,0,1,0,0,0,0,0,0,0,0,0,0,0,0,10,0,0,10,0,0,0,0,0,0,0,0,1,1,0,0,0,0
Ό“‹sό‘δ’¬‚Q’–Ϊ,8,2,2,0,0,0,0,0,0,0,0,0,0,0,0,0,0,0,0,4,0,0,3,0,0,0,0,0,0,0,1,2,0,0,0,0,2
Ό“‹sό‘δ’¬‚R’–Ϊ,10,0,0,0,1,0,1,0,0,0,0,0,0,0,0,0,0,0,0,6,0,0,4,0,0,0,0,0,0,2,0,3,1,0,0,0,2
Ό“‹sό‘δ’¬‚S’–Ϊ,8,0,0,0,0,0,0,0,0,0,0,0,0,0,0,0,0,0,0,5,0,0,2,1,0,0,0,0,0,2,0,3,2,0,0,0,1
Ό“‹sό‘δ’¬‚T’–Ϊ,13,0,0,0,0,0,0,0,0,0,0,0,0,0,0,0,0,0,0,12,1,0,5,0,0,0,0,0,0,3,3,1,0,0,0,0,1
Ό“‹sό‘δ’¬‚U’–Ϊ,1,0,0,0,0,0,0,0,0,0,0,0,0,0,0,0,0,0,0,1,0,0,1,0,0,0,0,0,0,0,0,0,0,0,0,0,0
Ό“‹sΕ‹v•Ϋ’¬‚P’–Ϊ,25,0,0,0,0,0,0,0,0,0,0,0,0,0,0,0,0,0,0,15,0,1,7,0,0,0,0,0,0,6,1,10,0,1,2,0,7
Ό“‹sΕ‹v•Ϋ’¬‚Q’–Ϊ,15,1,0,1,1,0,0,1,0,0,0,0,0,0,0,0,0,0,0,6,0,0,5,0,0,0,0,0,0,1,0,7,0,4,0,0,3
Ό“‹sΕ‹v•Ϋ’¬‚R’–Ϊ,5,0,0,0,0,0,0,0,0,0,0,0,0,0,0,0,0,0,0,4,0,0,3,0,0,0,0,0,0,0,1,1,0,0,0,0,1
Ό“‹sΕ‹v•Ϋ’¬‚S’–Ϊ,17,0,0,0,1,0,0,1,0,0,0,0,0,0,0,0,0,0,0,11,0,0,5,1,0,0,0,0,0,2,3,5,0,0,0,0,5
Ό“‹sΕ‹v•Ϋ’¬‚T’–Ϊ,9,0,0,0,0,0,0,0,0,0,1,0,0,0,0,1,0,0,0,7,0,0,6,1,0,0,0,0,0,0,0,1,0,0,0,0,1
Ό“‹sV’¬‚P’–Ϊ,4,0,0,0,0,0,0,0,0,0,0,0,0,0,0,0,0,0,0,3,0,0,2,0,0,1,0,0,0,0,0,1,0,0,0,0,1
Ό“‹sV’¬‚Q’–Ϊ,3,0,0,0,0,0,0,0,0,0,0,0,0,0,0,0,0,0,0,3,0,0,2,1,0,0,0,0,0,0,0,0,0,0,0,0,0
Ό“‹sV’¬‚R’–Ϊ,2,0,0,0,0,0,0,0,0,0,0,0,0,0,0,0,0,0,0,2,0,0,2,0,0,0,0,0,0,0,0,0,0,0,0,0,0
Ό“‹sV’¬‚S’–Ϊ,4,0,0,0,0,0,0,0,0,0,0,0,0,0,0,0,0,0,0,3,1,0,2,0,0,0,0,0,0,0,0,1,0,0,0,0,1
Ό“‹sV’¬‚T’–Ϊ,4,0,0,0,1,0,0,0,0,1,0,0,0,0,0,0,0,0,0,1,0,0,1,0,0,0,0,0,0,0,0,2,0,0,0,0,2
Ό“‹sV’¬‚U’–Ϊ,1,0,0,0,0,0,0,0,0,0,0,0,0,0,0,0,0,0,0,1,0,0,1,0,0,0,0,0,0,0,0,0,0,0,0,0,0
Ό“‹s–φ‘ς‚P’–Ϊ,4,0,0,0,0,0,0,0,0,0,0,0,0,0,0,0,0,0,0,3,0,0,3,0,0,0,0,0,0,0,0,1,0,1,0,0,0
Ό“‹s–φ‘ς‚Q’–Ϊ,11,0,0,0,0,0,0,0,0,0,0,0,0,0,0,0,0,0,0,5,0,0,3,0,0,0,0,0,0,0,2,6,0,0,0,0,6
Ό“‹s–φ‘ς‚R’–Ϊ,8,0,0,0,0,0,0,0,0,0,0,0,0,0,0,0,0,0,0,7,0,0,6,0,0,0,0,0,0,0,1,1,1,0,0,0,0
Ό“‹s–φ‘ς‚S’–Ϊ,3,0,0,0,0,0,0,0,0,0,0,0,0,0,0,0,0,0,0,1,0,0,1,0,0,0,0,0,0,0,0,2,0,0,0,0,2
Ό“‹s–φ‘ς‚T’–Ϊ,7,0,0,0,1,0,0,1,0,0,0,0,0,0,0,0,0,0,0,4,0,1,2,1,0,0,0,0,0,0,0,2,1,0,0,0,1
Ό“‹s–φ‘ς‚U’–Ϊ,3,0,0,0,0,0,0,0,0,0,0,0,0,0,0,0,0,0,0,3,0,0,2,0,0,0,0,0,0,0,1,0,0,0,0,0,0
Ό“‹s“•©‚P’–Ϊ,2,0,0,0,0,0,0,0,0,0,0,0,0,0,0,0,0,0,0,2,0,0,1,1,0,0,0,0,0,0,0,0,0,0,0,0,0
Ό“‹s“•©‚Q’–Ϊ,10,1,1,0,0,0,0,0,0,0,0,0,0,0,0,0,0,0,0,6,0,0,6,0,0,0,0,0,0,0,0,3,0,0,0,0,3
Ό“‹s“•©‚R’–Ϊ,21,0,0,0,0,0,0,0,0,0,0,0,0,0,0,0,0,0,0,17,0,0,15,0,0,0,0,0,0,0,2,4,0,0,0,0,4
Ό“‹s“•©‚S’–Ϊ,6,0,0,0,0,0,0,0,0,0,0,0,0,0,0,0,0,0,0,5,0,0,3,0,0,0,0,0,0,2,0,1,1,0,0,0,0
Ό“‹s“•©‚T’–Ϊ,5,0,0,0,2,0,1,1,0,0,0,0,0,0,0,0,0,0,0,3,0,0,2,0,0,1,0,0,0,0,0,0,0,0,0,0,0
Ό“‹s•Ϋ’J’¬‚P’–Ϊ,9,0,0,0,0,0,0,0,0,0,0,0,0,0,0,0,0,0,0,4,0,2,2,0,0,0,0,0,0,0,0,5,2,0,0,0,3
Ό“‹s•Ϋ’J’¬‚Q’–Ϊ,1,0,0,0,0,0,0,0,0,0,0,0,0,0,0,0,0,0,0,1,0,0,0,1,0,0,0,0,0,0,0,0,0,0,0,0,0
Ό“‹s•Ϋ’J’¬‚R’–Ϊ,12,0,0,0,0,0,0,0,0,0,1,0,0,0,0,0,0,0,1,10,0,0,6,0,0,0,0,0,0,1,3,1,0,0,0,0,1
Ό“‹s•Ϋ’J’¬‚S’–Ϊ,4,0,0,0,0,0,0,0,0,0,0,0,0,0,0,0,0,0,0,4,0,0,4,0,0,0,0,0,0,0,0,0,0,0,0,0,0
Ό“‹s•Ϋ’J’¬‚T’–Ϊ,7,0,0,0,1,0,0,1,0,0,0,0,0,0,0,0,0,0,0,5,0,0,1,0,0,0,0,0,0,2,2,1,0,0,0,0,1
Ό“‹s•Ϋ’J’¬‚U’–Ϊ,2,0,0,0,0,0,0,0,0,0,0,0,0,0,0,0,0,0,0,1,0,0,1,0,0,0,0,0,0,0,0,1,0,0,0,0,1
Ό“‹s•xm’¬‚P’–Ϊ,8,0,0,0,1,0,0,1,0,0,0,0,0,0,0,0,0,0,0,5,0,1,2,0,0,0,0,0,0,0,2,2,0,0,0,0,2
Ό“‹s•xm’¬‚Q’–Ϊ,5,0,0,0,0,0,0,0,0,0,0,0,0,0,0,0,0,0,0,3,0,0,0,1,0,0,0,0,0,0,2,2,1,0,0,0,1
Ό“‹s•xm’¬‚R’–Ϊ,2,0,0,0,0,0,0,0,0,0,0,0,0,0,0,0,0,0,0,2,0,0,1,0,0,0,0,0,0,0,1,0,0,0,0,0,0
Ό“‹s•xm’¬‚S’–Ϊ,24,0,0,0,0,0,0,0,0,0,0,0,0,0,0,0,0,0,0,21,0,0,7,0,0,1,0,0,0,11,2,3,0,0,0,0,3
Ό“‹s•xm’¬‚T’–Ϊ,5,0,0,0,0,0,0,0,0,0,0,0,0,0,0,0,0,0,0,4,0,0,4,0,0,0,0,0,0,0,0,1,0,0,0,0,1
Ό“‹s•xm’¬‚U’–Ϊ,2,0,0,0,0,0,0,0,0,0,0,0,0,0,0,0,0,0,0,1,0,0,0,0,0,0,0,0,0,0,1,1,0,0,0,0,1
Ό“‹s’†’¬‚P’–Ϊ,4,0,0,0,0,0,0,0,0,0,0,0,0,0,0,0,0,0,0,3,0,0,1,0,0,0,0,0,0,0,2,1,0,0,0,0,1
Ό“‹s’†’¬‚R’–Ϊ,1,0,0,0,0,0,0,0,0,0,0,0,0,0,0,0,0,0,0,0,0,0,0,0,0,0,0,0,0,0,0,1,0,0,0,0,1
Ό“‹s’†’¬‚T’–Ϊ,7,0,0,0,2,0,0,1,1,0,1,0,0,0,0,0,1,0,0,1,0,0,1,0,0,0,0,0,0,0,0,3,2,1,0,0,0
Ό“‹s’†’¬‚U’–Ϊ,3,0,0,0,0,0,0,0,0,0,0,0,0,0,0,0,0,0,0,3,0,0,3,0,0,0,0,0,0,0,0,0,0,0,0,0,0
Ό“‹s“’¬‚P’–Ϊ,9,0,0,0,0,0,0,0,0,0,2,0,0,0,0,2,0,0,0,5,0,0,0,2,0,0,0,0,0,3,0,2,2,0,0,0,0
Ό“‹s“’¬‚Q’–Ϊ,2,0,0,0,0,0,0,0,0,0,0,0,0,0,0,0,0,0,0,1,0,0,1,0,0,0,0,0,0,0,0,1,0,0,0,0,1
Ό“‹s“’¬‚R’–Ϊ,31,0,0,0,3,0,2,1,0,0,0,0,0,0,0,0,0,0,0,23,0,1,6,0,0,0,0,0,0,13,3,5,0,0,0,0,5
Ό“‹s“’¬‚T’–Ϊ,3,0,0,0,0,0,0,0,0,0,0,0,0,0,0,0,0,0,0,1,0,0,0,0,0,0,0,0,0,1,0,2,2,0,0,0,0
Ό“‹s“’¬‚U’–Ϊ,1,0,0,0,0,0,0,0,0,0,0,0,0,0,0,0,0,0,0,0,0,0,0,0,0,0,0,0,0,0,0,1,1,0,0,0,0
Ό“‹sς’¬‚P’–Ϊ,7,0,0,0,2,0,1,1,0,0,0,0,0,0,0,0,0,0,0,3,0,0,1,1,0,0,0,0,0,0,1,2,0,0,0,0,2
Ό“‹sς’¬‚Q’–Ϊ,5,0,0,0,0,0,0,0,0,0,0,0,0,0,0,0,0,0,0,3,0,0,2,0,0,0,0,0,0,1,0,2,1,1,0,0,0
Ό“‹sς’¬‚R’–Ϊ,4,0,0,0,0,0,0,0,0,0,0,0,0,0,0,0,0,0,0,4,0,0,3,0,0,0,0,0,0,0,1,0,0,0,0,0,0
Ό“‹sς’¬‚S’–Ϊ,1,0,0,0,0,0,0,0,0,0,0,0,0,0,0,0,0,0,0,1,0,0,0,0,0,0,0,0,0,0,1,0,0,0,0,0,0
Ό“‹sς’¬‚T’–Ϊ,1,0,0,0,0,0,0,0,0,0,0,0,0,0,0,0,0,0,0,1,0,0,1,0,0,0,0,0,0,0,0,0,0,0,0,0,0
Ό“‹sς’¬‚U’–Ϊ,4,0,0,0,0,0,0,0,0,0,0,0,0,0,0,0,0,0,0,3,0,0,3,0,0,0,0,0,0,0,0,1,0,0,0,0,1
Ό“‹sZ‹g’¬‚P’–Ϊ,1,0,0,0,0,0,0,0,0,0,0,0,0,0,0,0,0,0,0,1,0,0,1,0,0,0,0,0,0,0,0,0,0,0,0,0,0
Ό“‹sZ‹g’¬‚Q’–Ϊ,2,0,0,0,0,0,0,0,0,0,0,0,0,0,0,0,0,0,0,2,0,0,2,0,0,0,0,0,0,0,0,0,0,0,0,0,0
Ό“‹sZ‹g’¬‚R’–Ϊ,39,0,0,0,3,0,3,0,0,0,0,0,0,0,0,0,0,0,0,30,0,1,15,1,0,0,0,0,0,8,5,6,0,1,0,0,5
Ό“‹sZ‹g’¬‚S’–Ϊ,3,0,0,0,0,0,0,0,0,0,0,0,0,0,0,0,0,0,0,1,0,0,1,0,0,0,0,0,0,0,0,2,0,0,0,0,2
Ό“‹sZ‹g’¬‚T’–Ϊ,5,0,0,0,0,0,0,0,0,0,0,0,0,0,0,0,0,0,0,3,0,0,3,0,0,0,0,0,0,0,0,2,0,0,0,0,2
Ό“‹sZ‹g’¬‚U’–Ϊ,8,0,0,0,0,0,0,0,0,0,0,0,0,0,0,0,0,0,0,6,0,1,5,0,0,0,0,0,0,0,0,2,1,0,0,0,1
Ό“‹s‚Π‚Ξ‚θ‚ª‹u‚P’–Ϊ,35,0,0,0,1,0,1,0,0,0,0,0,0,0,0,0,0,0,0,33,0,0,14,0,0,0,0,0,0,18,1,1,0,0,0,0,1
Ό“‹s‚Π‚Ξ‚θ‚ª‹u‚Q’–Ϊ,8,0,0,0,0,0,0,0,0,0,0,0,0,0,0,0,0,0,0,6,0,1,3,0,0,0,0,0,0,2,0,2,0,0,0,0,2
Ό“‹s‚Π‚Ξ‚θ‚ª‹u‚R’–Ϊ,18,0,0,0,1,0,1,0,0,0,0,0,0,0,0,0,0,0,0,16,0,1,4,0,0,0,0,2,0,7,2,1,0,0,0,0,1
Ό“‹s‚Π‚Ξ‚θ‚ª‹u–k‚P’–Ϊ,3,0,0,0,0,0,0,0,0,0,0,0,0,0,0,0,0,0,0,3,0,0,2,0,0,0,0,0,0,1,0,0,0,0,0,0,0
Ό“‹s‚Π‚Ξ‚θ‚ª‹u–k‚Q’–Ϊ,6,0,0,0,0,0,0,0,0,0,0,0,0,0,0,0,0,0,0,5,0,0,2,2,0,0,0,0,0,0,1,1,0,0,0,0,1
Ό“‹s‚Π‚Ξ‚θ‚ª‹u–k‚R’–Ϊ,52,0,0,0,1,0,0,1,0,0,1,0,0,1,0,0,0,0,0,42,0,0,17,0,0,0,0,0,0,23,2,8,0,1,0,0,7
Ό“‹s‚Π‚Ξ‚θ‚ª‹u–k‚S’–Ϊ,9,0,0,0,0,0,0,0,0,0,0,0,0,0,0,0,0,0,0,7,0,0,4,0,0,0,0,0,0,0,3,2,0,0,0,0,2
Ό“‹s‰h’¬‚P’–Ϊ,4,0,0,0,1,0,0,0,1,0,0,0,0,0,0,0,0,0,0,2,0,0,1,0,0,0,0,0,0,0,1,1,0,0,0,0,1
Ό“‹s‰h’¬‚Q’–Ϊ,3,0,0,0,0,0,0,0,0,0,0,0,0,0,0,0,0,0,0,2,0,0,1,0,0,0,0,0,0,1,0,1,0,0,0,0,1
Ό“‹s–k’¬‚P’–Ϊ,1,0,0,0,0,0,0,0,0,0,0,0,0,0,0,0,0,0,0,0,0,0,0,0,0,0,0,0,0,0,0,1,0,0,0,0,1
Ό“‹s–k’¬‚Q’–Ϊ,2,0,0,0,0,0,0,0,0,0,0,0,0,0,0,0,0,0,0,0,0,0,0,0,0,0,0,0,0,0,0,2,0,0,0,0,2
Ό“‹s–k’¬‚R’–Ϊ,5,0,0,0,0,0,0,0,0,0,0,0,0,0,0,0,0,0,0,5,0,0,1,1,0,0,0,0,0,2,1,0,0,0,0,0,0
Ό“‹s–k’¬‚S’–Ϊ,2,0,0,0,0,0,0,0,0,0,0,0,0,0,0,0,0,0,0,1,0,0,1,0,0,0,0,0,0,0,0,1,1,0,0,0,0
Ό“‹s–k’¬‚T’–Ϊ,3,0,0,0,0,0,0,0,0,0,0,0,0,0,0,0,0,0,0,1,0,0,1,0,0,0,0,0,0,0,0,2,0,0,0,0,2
Ό“‹s‰Ί•Ϋ’J‚Q’–Ϊ,13,0,0,0,0,0,0,0,0,0,0,0,0,0,0,0,0,0,0,11,0,0,9,0,0,0,0,0,0,0,2,2,0,0,0,0,2
Ό“‹s‰Ί•Ϋ’J‚R’–Ϊ,11,0,0,0,0,0,0,0,0,0,0,0,0,0,0,0,0,0,0,9,0,0,1,0,0,0,0,0,0,8,0,2,1,0,0,0,1
Ό“‹s‰Ί•Ϋ’J‚S’–Ϊ,40,0,0,0,2,0,2,0,0,0,0,0,0,0,0,0,0,0,0,34,0,1,29,0,0,0,0,0,0,1,3,4,0,1,0,0,3
Ό“‹s‰Ί•Ϋ’J‚T’–Ϊ,12,1,0,1,0,0,0,0,0,0,1,0,0,0,0,0,0,0,1,8,0,0,8,0,0,0,0,0,0,0,0,2,0,0,0,0,2
Ό“‹sv,1032,9,4,5,40,0,19,16,4,1,13,0,0,2,0,7,1,0,3,769,2,14,434,19,0,5,0,3,2,203,87,201,36,13,3,0,149
Ό‘½–€S•δ’¬‘ε“aƒP’J,28,0,0,0,1,0,0,1,0,0,1,0,0,0,0,0,0,0,1,23,0,1,3,0,0,0,0,0,0,12,7,3,2,0,0,0,1
Ό‘½–€S•δ’¬’·‰ª‚P’–Ϊ,15,0,0,0,0,0,0,0,0,0,1,0,0,0,0,1,0,0,0,13,0,0,8,1,0,0,0,0,0,0,4,1,0,0,0,0,1
Ό‘½–€S•δ’¬’·‰ª‚Q’–Ϊ,1,0,0,0,1,0,0,0,0,1,0,0,0,0,0,0,0,0,0,0,0,0,0,0,0,0,0,0,0,0,0,0,0,0,0,0,0
Ό‘½–€S•δ’¬’·‰ª‚S’–Ϊ,9,0,0,0,0,0,0,0,0,0,1,0,0,0,0,0,1,0,0,8,0,1,5,0,0,0,0,0,0,2,0,0,0,0,0,0,0
Ό‘½–€S•δ’¬‘εΞ”¨,11,0,0,0,0,0,0,0,0,0,0,0,0,0,0,0,0,0,0,8,0,0,6,1,0,0,0,0,0,0,1,3,1,0,0,0,2
Ό‘½–€S•δ’¬“μ•½‚P’–Ϊ,2,0,0,0,0,0,0,0,0,0,0,0,0,0,0,0,0,0,0,1,0,0,0,0,0,0,0,0,0,0,1,1,0,0,1,0,0
Ό‘½–€S•δ’¬“μ•½‚Q’–Ϊ,9,0,0,0,0,0,0,0,0,0,0,0,0,0,0,0,0,0,0,6,0,1,5,0,0,0,0,0,0,0,0,3,1,0,0,0,2
Ό‘½–€S•δ’¬‘ε” ªƒPθ,57,1,0,1,3,0,1,1,1,0,0,0,0,0,0,0,0,0,0,42,0,1,26,4,2,1,0,0,0,5,3,11,0,1,0,0,10
Ό‘½–€S•δ’¬” ªƒPθΌΌ΄,9,0,0,0,0,0,0,0,0,0,0,0,0,0,0,0,0,0,0,7,0,0,3,1,0,0,0,0,0,0,3,2,1,0,0,0,1
Ό‘½–€S•δ’¬” ªƒPθ“Ό΄,17,0,0,0,1,0,1,0,0,0,0,0,0,0,0,0,0,0,0,13,0,0,7,0,0,0,0,0,0,6,0,3,0,0,0,0,3
Ό‘½–€S•δ’¬‘ε•‘ ,21,1,0,1,0,0,0,0,0,0,0,0,0,0,0,0,0,0,0,19,0,0,5,4,0,2,0,0,0,5,3,1,1,0,0,0,0
Ό‘½–€S•δ’¬‘ε’·‰ª’·’J•”,2,0,0,0,1,0,1,0,0,0,0,0,0,0,0,0,0,0,0,1,0,1,0,0,0,0,0,0,0,0,0,0,0,0,0,0,0
Ό‘½–€S•δ’¬‘ε“ρ–{–Ψ,13,0,0,0,0,0,0,0,0,0,0,0,0,0,0,0,0,0,0,10,0,1,1,3,0,1,0,0,0,0,4,3,1,1,0,0,1
Ό‘½–€S•δ’¬‘ε‹ξ`•xmR,10,0,0,0,1,0,1,0,0,0,1,0,0,0,0,0,0,0,1,6,0,1,1,0,0,0,0,0,0,0,4,2,0,0,0,0,2
Ό‘½–€S•δ’¬‘ε‚ª,7,0,0,0,0,0,0,0,0,0,0,0,0,0,0,0,0,0,0,5,0,0,1,2,0,1,0,0,0,0,1,2,1,0,0,0,1
Ό‘½–€S•δ’¬‘ε•xmRI΄V“c,4,0,0,0,0,0,0,0,0,0,0,0,0,0,0,0,0,0,0,3,0,0,0,0,0,0,0,0,0,0,3,1,1,0,0,0,0
Ό‘½–€S•δ’¬‚ή‚³‚µ–μ‚P’–Ϊ,16,0,0,0,1,0,1,0,0,0,1,0,0,0,0,0,0,0,1,9,0,1,6,0,0,0,0,0,0,0,2,5,1,1,0,0,3
Ό‘½–€S•δ’¬‚ή‚³‚µ–μ‚Q’–Ϊ,5,1,0,1,1,0,1,0,0,0,0,0,0,0,0,0,0,0,0,0,0,0,0,0,0,0,0,0,0,0,0,3,1,0,0,0,2
Ό‘½–€S•δ’¬‚ή‚³‚µ–μ‚R’–Ϊ,3,0,0,0,0,0,0,0,0,0,0,0,0,0,0,0,0,0,0,1,1,0,0,0,0,0,0,0,0,0,0,2,1,0,0,0,1
Ό‘½–€S•δ’¬v,239,3,0,3,10,0,6,2,1,1,5,0,0,0,0,1,1,0,3,175,1,8,77,16,2,5,0,0,0,30,36,46,12,3,1,0,30
Ό‘½–€S“ϊ‚Μo’¬‘ε‘ε‹v–μ,13,0,0,0,1,0,0,1,0,0,2,0,0,0,0,1,0,0,1,4,1,1,0,0,0,0,0,0,0,0,2,6,2,0,1,0,3
Ό‘½–€S“ϊ‚Μo’¬‘ε•½δ,107,0,0,0,9,0,5,3,1,0,2,0,0,0,0,0,0,0,2,84,1,5,9,1,0,0,0,0,1,60,7,12,5,1,1,0,5
Ό‘½–€S“ϊ‚Μo’¬v,120,0,0,0,10,0,5,4,1,0,4,0,0,0,0,1,0,0,3,88,2,6,9,1,0,0,0,0,1,60,9,18,7,1,2,0,8
Ό‘½–€Sw΄‘Ί,9,0,0,0,1,0,1,0,0,0,1,0,0,1,0,0,0,0,0,5,0,0,0,0,0,0,0,0,0,0,5,2,0,0,0,0,2
Ό‘½–€Sw΄‘Ί¬‘ς,1,0,0,0,0,0,0,0,0,0,0,0,0,0,0,0,0,0,0,0,0,0,0,0,0,0,0,0,0,0,0,1,0,0,0,0,1
Ό‘½–€Sw΄‘Ί“μ‹½,1,0,0,0,0,0,0,0,0,0,0,0,0,0,0,0,0,0,0,0,0,0,0,0,0,0,0,0,0,0,0,1,0,0,0,0,1
Ό‘½–€Sw΄‘Ίv,11,0,0,0,1,0,1,0,0,0,1,0,0,1,0,0,0,0,0,5,0,0,0,0,0,0,0,0,0,0,5,4,0,0,0,0,4
Ό‘½–€S‰‘½–€’¬•Xμ,2,0,0,0,0,0,0,0,0,0,0,0,0,0,0,0,0,0,0,0,0,0,0,0,0,0,0,0,0,0,0,2,0,0,0,0,2
Ό‘½–€S‰‘½–€’¬΄,1,0,0,0,0,0,0,0,0,0,0,0,0,0,0,0,0,0,0,1,0,0,0,0,0,0,0,0,0,0,1,0,0,0,0,0,0
Ό‘½–€S‰‘½–€’¬μ–μ,1,0,0,0,0,0,0,0,0,0,0,0,0,0,0,0,0,0,0,1,0,0,0,0,0,0,0,0,0,0,1,0,0,0,0,0,0
Ό‘½–€S‰‘½–€’¬¬’O”g,4,0,0,0,1,0,1,0,0,0,0,0,0,0,0,0,0,0,0,1,0,0,0,0,0,0,0,0,0,0,1,2,0,0,0,0,2
Ό‘½–€S‰‘½–€’¬’OOY,1,0,0,0,0,0,0,0,0,0,0,0,0,0,0,0,0,0,0,1,0,1,0,0,0,0,0,0,0,0,0,0,0,0,0,0,0
Ό‘½–€S‰‘½–€’¬v,9,0,0,0,1,0,1,0,0,0,0,0,0,0,0,0,0,0,0,4,0,1,0,0,0,0,0,0,0,0,3,4,0,0,0,0,4
‘ε“‡’¬³’¬‚P’–Ϊ,3,0,0,0,0,0,0,0,0,0,0,0,0,0,0,0,0,0,0,1,0,0,0,0,0,0,0,0,0,0,1,2,0,0,0,0,2
‘ε“‡’¬³’¬‚S’–Ϊ,1,0,0,0,0,0,0,0,0,0,1,0,0,1,0,0,0,0,0,0,0,0,0,0,0,0,0,0,0,0,0,0,0,0,0,0,0
‘ε“‡’¬ς’Γ,1,0,0,0,0,0,0,0,0,0,0,0,0,0,0,0,0,0,0,0,0,0,0,0,0,0,0,0,0,0,0,1,0,0,0,0,1
‘ε“‡’¬–μ‘‘ε‹{,1,0,0,0,0,0,0,0,0,0,0,0,0,0,0,0,0,0,0,1,0,0,0,0,0,0,0,0,0,0,1,0,0,0,0,0,0
‘ε“‡’¬·–Ψ’nƒNƒ_ƒbƒ`,1,0,0,0,0,0,0,0,0,0,0,0,0,0,0,0,0,0,0,0,0,0,0,0,0,0,0,0,0,0,0,1,0,0,0,0,1
‘ε“‡’¬v,7,0,0,0,0,0,0,0,0,0,1,0,0,1,0,0,0,0,0,2,0,0,0,0,0,0,0,0,0,0,2,4,0,0,0,0,4
V“‡‘Ί–{‘Ί‚P’–Ϊ,2,0,0,0,0,0,0,0,0,0,0,0,0,0,0,0,0,0,0,2,0,0,0,0,0,0,0,0,0,0,2,0,0,0,0,0,0
V“‡‘Ί–{‘Ί‚Q’–Ϊ,1,0,0,0,0,0,0,0,0,0,0,0,0,0,0,0,0,0,0,1,0,0,0,0,0,0,0,0,0,0,1,0,0,0,0,0,0
V“‡‘Ί–{‘Ί‚T’–Ϊ,1,0,0,0,1,0,0,1,0,0,0,0,0,0,0,0,0,0,0,0,0,0,0,0,0,0,0,0,0,0,0,0,0,0,0,0,0
V“‡‘Ί®ª“‡,1,0,0,0,0,0,0,0,0,0,0,0,0,0,0,0,0,0,0,0,0,0,0,0,0,0,0,0,0,0,0,1,0,0,0,0,1
V“‡‘Ί•ª,1,0,0,0,0,0,0,0,0,0,0,0,0,0,0,0,0,0,0,0,0,0,0,0,0,0,0,0,0,0,0,1,0,0,0,0,1
V“‡‘ΊwR,1,0,0,0,0,0,0,0,0,0,0,0,0,0,0,0,0,0,0,0,0,0,0,0,0,0,0,0,0,0,0,1,0,0,0,0,1
V“‡‘Ίv,7,0,0,0,1,0,0,1,0,0,0,0,0,0,0,0,0,0,0,3,0,0,0,0,0,0,0,0,0,0,3,3,0,0,0,0,3
O‘ξ“‡O‘ξ‘Ί_’…,1,0,0,0,0,0,0,0,0,0,0,0,0,0,0,0,0,0,0,1,0,0,0,0,0,0,0,0,0,0,1,0,0,0,0,0,0
O‘ξ“‡O‘ξ‘ΊΆΓ,1,0,0,0,0,0,0,0,0,0,0,0,0,0,0,0,0,0,0,1,0,0,0,0,0,0,0,0,0,0,1,0,0,0,0,0,0
O‘ξ“‡O‘ξ‘Ίv,2,0,0,0,0,0,0,0,0,0,0,0,0,0,0,0,0,0,0,2,0,0,0,0,0,0,0,0,0,0,2,0,0,0,0,0,0
”ªδ“‡”ªδ’¬‘ε‰κ‹½,4,0,0,0,1,0,0,1,0,0,0,0,0,0,0,0,0,0,0,2,0,0,0,0,0,0,0,0,0,2,0,1,0,0,1,0,0
”ªδ“‡”ªδ’¬Oª,5,0,0,0,2,0,1,1,0,0,1,0,0,0,0,1,0,0,0,0,0,0,0,0,0,0,0,0,0,0,0,2,0,0,0,0,2
”ªδ“‡”ªδ’¬~—§,1,0,0,0,0,0,0,0,0,0,0,0,0,0,0,0,0,0,0,0,0,0,0,0,0,0,0,0,0,0,0,1,1,0,0,0,0
”ªδ“‡”ªδ’¬’†”V‹½,1,0,0,0,1,0,0,1,0,0,0,0,0,0,0,0,0,0,0,0,0,0,0,0,0,0,0,0,0,0,0,0,0,0,0,0,0
”ªδ“‡”ªδ’¬v,11,0,0,0,4,0,1,3,0,0,1,0,0,0,0,1,0,0,0,2,0,0,0,0,0,0,0,0,0,2,0,4,1,0,1,0,2
¬}΄‘Ί•ƒ“‡Ό’¬,2,0,0,0,0,0,0,0,0,0,1,0,0,0,1,0,0,0,0,1,0,0,0,0,0,0,0,0,0,0,1,0,0,0,0,0,0
¬}΄‘Ί•ƒ“‡“’¬,2,0,0,0,0,0,0,0,0,0,0,0,0,0,0,0,0,0,0,1,0,0,1,0,0,0,0,0,0,0,0,1,0,0,0,0,1
¬}΄‘Ί•κ“‡³’n,1,0,0,0,0,0,0,0,0,0,0,0,0,0,0,0,0,0,0,0,0,0,0,0,0,0,0,0,0,0,0,1,0,0,0,0,1
¬}΄‘Ίv,5,0,0,0,0,0,0,0,0,0,1,0,0,0,1,0,0,0,0,2,0,0,1,0,0,0,0,0,0,0,1,2,0,0,0,0,2
η‘γ“c‹ζ,2532,16,4,12,331,0,238,66,21,6,23,5,0,2,6,0,0,0,10,1192,2,3,168,20,1,4,45,1,100,406,442,970,350,131,46,0,443
’†‰›‹ζ,1979,29,4,25,179,0,85,72,13,9,31,2,0,4,11,1,1,2,10,1150,2,5,385,23,2,14,38,4,15,365,297,590,239,47,45,0,259
`‹ζ,3188,56,10,46,453,0,251,169,24,9,158,3,1,66,61,6,3,2,16,1522,3,12,410,23,1,7,50,1,62,334,619,999,354,82,53,0,510
Vh‹ζ,6025,123,31,92,940,0,534,318,66,22,146,7,0,10,50,43,2,3,31,3370,4,33,961,70,7,16,140,16,126,804,1193,1446,432,192,37,5,780
•¶‹‹ζ,1194,17,3,14,116,0,59,43,11,3,26,1,0,2,8,8,0,2,5,619,0,2,305,21,3,9,10,0,19,78,172,416,222,29,11,0,154
‘δ“‹ζ,2731,42,8,34,285,0,163,106,11,5,57,1,0,7,20,11,1,1,16,1760,2,9,737,41,8,29,28,4,58,339,505,587,164,73,14,0,336
–n“c‹ζ,2089,34,8,26,198,0,124,61,9,4,32,1,1,8,4,13,1,0,4,1403,5,34,681,40,5,19,9,1,10,263,336,422,141,55,6,0,220
]“‹ζ,3332,24,4,20,255,0,149,87,17,2,45,1,1,3,9,10,1,1,19,2201,14,42,946,74,5,10,12,0,26,509,563,807,291,75,8,0,433
•iμ‹ζ,2240,19,5,14,219,0,129,73,15,2,56,6,0,2,7,36,0,3,2,1358,2,19,574,24,2,10,12,2,17,266,430,588,225,55,13,0,295
–Ϊ•‹ζ,1419,15,2,13,115,0,71,32,11,1,48,1,3,1,20,7,4,1,11,830,1,8,451,18,0,4,3,0,16,110,219,411,146,33,4,0,228
‘ε“c‹ζ,4370,35,11,24,318,0,172,116,18,12,65,1,2,3,4,21,4,1,29,2913,3,75,1565,86,10,15,10,3,36,465,645,1039,384,124,22,0,509
Ά“c’J‹ζ,4443,34,12,22,266,0,136,106,18,6,94,2,6,5,12,32,10,2,25,2796,13,35,1766,56,5,17,7,1,10,402,484,1253,436,118,19,0,680
a’J‹ζ,3849,62,20,42,386,0,209,148,22,7,109,3,2,10,59,19,2,1,13,2357,1,17,682,28,3,9,90,5,71,758,693,935,262,91,23,0,559
’†–μ‹ζ,2094,17,6,11,171,1,86,63,20,1,55,1,0,4,18,18,2,2,10,1413,1,15,851,44,1,9,9,5,26,144,308,438,168,31,9,0,230
™•ΐ‹ζ,2479,16,8,8,194,0,113,66,15,0,86,1,1,9,5,19,1,1,49,1506,4,11,806,41,1,8,5,4,27,263,336,677,222,52,7,0,396
–L“‡‹ζ,3730,79,21,58,364,0,212,114,26,12,59,3,0,2,17,16,4,3,14,2291,4,13,787,46,3,6,37,7,46,634,708,937,281,93,21,0,542
–k‹ζ,2276,16,6,10,173,0,101,55,16,1,47,1,0,1,8,16,4,4,13,1446,9,34,698,52,5,16,15,3,28,214,372,594,254,50,8,0,282
rμ‹ζ,1328,16,2,14,101,0,54,38,6,3,19,0,1,0,1,9,0,0,8,844,2,4,389,22,4,10,3,3,11,124,272,348,134,41,5,0,168
”Β‹΄‹ζ,3420,34,12,22,249,0,150,72,25,2,102,3,0,2,11,33,4,1,48,2265,4,54,1193,65,2,16,8,3,6,365,549,770,266,75,13,0,416
—ϋ”n‹ζ,3662,22,5,17,263,0,137,88,31,7,88,0,1,5,7,39,4,0,32,2439,9,66,1425,74,1,20,3,4,2,321,514,850,297,77,7,1,468
‘«—§‹ζ,4442,45,10,35,347,1,191,120,25,10,127,2,2,9,13,43,24,7,27,2838,29,88,1394,117,17,40,4,4,27,520,598,1085,268,138,24,0,655
‹ό‹ζ,3037,24,10,14,196,0,104,73,13,6,57,5,0,10,6,12,8,3,13,2073,12,32,1291,68,8,24,4,2,10,280,342,687,244,63,12,0,368
]Λμ‹ζ,4222,46,13,33,310,1,148,121,32,8,64,0,2,1,5,31,6,0,19,2907,33,89,1751,110,6,23,5,3,9,326,552,895,228,113,15,0,539
”ª‰¤qs,3004,38,13,25,197,0,105,67,20,5,104,1,9,4,6,30,12,0,42,1855,7,60,826,70,3,16,4,2,24,456,387,810,269,77,10,0,454
—§μs,1596,15,2,13,109,0,62,34,10,3,25,2,0,2,3,7,4,1,6,1096,1,11,590,30,3,8,3,2,13,243,192,351,84,47,3,0,217
•‘ –μs,1348,5,1,4,79,0,51,20,7,1,15,1,0,0,5,6,1,0,2,934,0,7,495,14,0,3,3,0,16,245,151,315,127,30,6,0,152
O‘ιs,803,4,2,2,68,0,32,28,8,0,17,1,1,2,1,3,0,0,9,485,1,6,292,20,0,1,2,2,7,66,88,229,101,23,4,0,101
Β”~s,771,6,1,5,38,0,18,15,5,0,68,0,0,1,3,9,0,0,55,497,2,31,258,19,1,5,0,0,3,89,89,162,50,16,2,0,94
•{’†s,1087,11,2,9,88,0,55,26,5,2,26,1,0,1,7,7,0,0,10,692,8,17,368,21,0,19,0,1,8,115,135,270,92,22,6,0,150
Ί“‡s,948,8,5,3,37,0,19,12,5,1,7,0,0,0,1,1,2,3,0,725,0,38,442,22,1,1,2,0,3,128,88,171,43,16,0,0,112
’²•zs,1181,8,1,7,68,0,35,23,5,5,29,0,0,0,7,13,0,1,8,805,7,13,471,24,0,5,2,5,5,157,116,271,101,38,11,1,120
’¬“cs,2361,19,7,12,144,0,80,50,11,3,105,1,1,1,11,36,14,3,38,1497,11,86,600,33,1,22,3,1,13,392,335,596,245,35,7,0,309
¬‹ΰδs,709,4,0,4,33,0,17,12,4,0,8,0,0,0,1,3,0,0,4,540,0,5,350,21,1,2,1,0,8,74,78,124,37,18,4,0,65
¬•½s,1045,8,2,6,69,0,47,17,3,2,21,0,0,1,3,3,4,1,9,699,0,19,456,18,1,3,0,5,7,89,101,248,79,18,4,0,147
“ϊ–μs,816,3,1,2,60,0,30,22,8,0,24,0,0,0,1,13,1,1,8,472,3,19,225,41,0,6,0,0,11,68,99,257,125,24,2,0,106
“‘ΊRs,891,1,1,0,66,0,42,15,6,3,20,0,0,2,1,5,5,1,6,605,1,22,367,17,0,11,1,3,0,74,109,199,78,10,0,0,111
‘•ª›s,586,5,2,3,47,0,25,19,3,0,11,0,0,0,3,3,3,0,2,401,0,5,215,13,1,0,4,1,9,78,75,122,46,15,3,0,58
‘—§s,361,5,2,3,25,0,15,5,5,0,13,0,1,1,2,2,1,0,6,224,0,8,136,4,2,0,0,0,2,39,33,94,33,8,1,0,52
•¶s,434,6,3,3,23,0,13,8,2,0,6,0,0,0,2,4,0,0,0,312,1,25,196,10,0,3,0,1,2,35,39,87,24,11,3,0,49
]s,268,1,0,1,11,0,5,3,1,2,5,0,0,0,1,1,0,1,2,165,0,5,88,9,1,3,0,0,2,17,40,86,30,5,1,0,50
“‘εas,559,2,1,1,24,0,13,7,3,1,14,1,0,0,0,4,3,0,6,395,0,19,271,12,0,1,1,3,1,37,50,124,42,13,1,0,68
΄£s,465,4,3,1,38,0,19,13,6,0,5,0,0,2,1,0,0,1,1,334,1,13,188,9,0,3,0,0,1,44,75,84,30,4,1,0,49
“‹v—―•Δs,681,4,2,2,20,0,10,10,0,0,22,0,0,2,2,8,2,0,8,515,1,29,273,22,0,0,0,1,1,100,88,120,32,6,3,0,79
•‘ ‘ΊRs,445,2,0,2,16,0,10,6,0,0,10,0,0,0,2,2,0,0,6,338,0,14,150,13,0,10,0,0,1,86,64,79,30,6,0,0,43
‘½–€s,952,3,0,3,57,0,27,18,11,1,39,0,0,1,1,11,1,2,23,608,5,24,337,14,5,9,0,0,3,91,120,245,100,14,0,0,131
ξιs,388,2,0,2,25,0,12,9,4,0,9,0,0,0,0,3,1,0,5,238,6,8,121,10,2,8,0,0,2,33,48,114,49,9,3,0,53
‰H‘Ίs,392,1,1,0,15,0,8,2,3,2,3,0,0,0,0,0,0,0,3,309,1,6,212,8,0,1,1,0,0,37,43,64,18,8,1,0,37
‚ ‚«‚ι–μs,448,6,3,3,18,0,8,8,2,0,29,0,0,1,1,1,18,1,7,315,2,30,167,9,0,3,0,0,1,42,61,80,22,7,1,0,50
Ό“‹s,1032,9,4,5,40,0,19,16,4,1,13,0,0,2,0,7,1,0,3,769,2,14,434,19,0,5,0,3,2,203,87,201,36,13,3,0,149
Ό‘½–€S•δ’¬,239,3,0,3,10,0,6,2,1,1,5,0,0,0,0,1,1,0,3,175,1,8,77,16,2,5,0,0,0,30,36,46,12,3,1,0,30
Ό‘½–€S“ϊ‚Μo’¬,120,0,0,0,10,0,5,4,1,0,4,0,0,0,0,1,0,0,3,88,2,6,9,1,0,0,0,0,1,60,9,18,7,1,2,0,8
Ό‘½–€Sw΄‘Ί,11,0,0,0,1,0,1,0,0,0,1,0,0,1,0,0,0,0,0,5,0,0,0,0,0,0,0,0,0,0,5,4,0,0,0,0,4
Ό‘½–€S‰‘½–€’¬,9,0,0,0,1,0,1,0,0,0,0,0,0,0,0,0,0,0,0,4,0,1,0,0,0,0,0,0,0,0,3,4,0,0,0,0,4
‘ε“‡’¬,7,0,0,0,0,0,0,0,0,0,1,0,0,1,0,0,0,0,0,2,0,0,0,0,0,0,0,0,0,0,2,4,0,0,0,0,4
—“‡‘Ί,0,0,0,0,0,0,0,0,0,0,0,0,0,0,0,0,0,0,0,0,0,0,0,0,0,0,0,0,0,0,0,0,0,0,0,0,0
V“‡‘Ί,7,0,0,0,1,0,0,1,0,0,0,0,0,0,0,0,0,0,0,3,0,0,0,0,0,0,0,0,0,0,3,3,0,0,0,0,3
_’Γ“‡‘Ί,0,0,0,0,0,0,0,0,0,0,0,0,0,0,0,0,0,0,0,0,0,0,0,0,0,0,0,0,0,0,0,0,0,0,0,0,0
O‘ξ“‡O‘ξ‘Ί,2,0,0,0,0,0,0,0,0,0,0,0,0,0,0,0,0,0,0,2,0,0,0,0,0,0,0,0,0,0,2,0,0,0,0,0,0
δ‘ “‡‘Ί,0,0,0,0,0,0,0,0,0,0,0,0,0,0,0,0,0,0,0,0,0,0,0,0,0,0,0,0,0,0,0,0,0,0,0,0,0
”ªδ“‡”ªδ’¬,11,0,0,0,4,0,1,3,0,0,1,0,0,0,0,1,0,0,0,2,0,0,0,0,0,0,0,0,0,2,0,4,1,0,1,0,2
Βƒ–“‡‘Ί,0,0,0,0,0,0,0,0,0,0,0,0,0,0,0,0,0,0,0,0,0,0,0,0,0,0,0,0,0,0,0,0,0,0,0,0,0
¬}΄‘Ί,5,0,0,0,0,0,0,0,0,0,1,0,0,0,1,0,0,0,0,2,0,0,1,0,0,0,0,0,0,0,1,2,0,0,0,0,2
‚Q‚R‹ζv,70081,821,215,606,6429,3,3616,2207,465,138,1594,50,23,166,362,443,86,40,424,43493,159,700,20216,1163,100,335,547,76,758,8290,11149,17744,6008,1838,422,6,9470
‘½–€’n‹ζE“‡•”v,23982,183,59,124,1442,0,791,475,143,33,661,8,12,25,66,185,74,16,275,16108,63,549,8615,519,24,153,27,30,146,3130,2852,5588,1943,497,84,1,3063
‘Ό§,244,17,2,15,43,0,6,5,20,12,3,0,0,0,0,0,0,0,3,31,0,0,0,0,0,0,1,0,0,2,28,150,79,8,19,0,44
CO”F’m,8,0,0,0,3,0,0,3,0,0,0,0,0,0,0,0,0,0,0,4,0,0,0,0,0,0,3,0,1,0,0,1,1,0,0,0,0
•s–Ύ,437,4,0,4,19,0,0,4,13,2,0,0,0,0,0,0,0,0,0,46,1,1,0,6,0,0,11,0,0,0,27,368,53,50,86,2,177
‡v,94752,1025,276,749,7936,3,4413,2694,641,185,2258,58,35,191,428,628,160,56,702,59682,223,1250,28831,1688,124,488,589,106,905,11422,14056,23851,8084,2393,611,9,12754
